-- phpMyAdmin SQL Dump
-- version 5.1.0
-- https://www.phpmyadmin.net/
--
-- Host: 127.0.0.1
-- Generation Time: Dec 07, 2021 at 04:05 PM
-- Server version: 10.4.18-MariaDB
-- PHP Version: 8.0.3

SET SQL_MODE = "NO_AUTO_VALUE_ON_ZERO";
START TRANSACTION;
SET time_zone = "+00:00";


/*!40101 SET @OLD_CHARACTER_SET_CLIENT=@@CHARACTER_SET_CLIENT */;
/*!40101 SET @OLD_CHARACTER_SET_RESULTS=@@CHARACTER_SET_RESULTS */;
/*!40101 SET @OLD_COLLATION_CONNECTION=@@COLLATION_CONNECTION */;
/*!40101 SET NAMES utf8mb4 */;

--
-- Database: `iiuniversity`
--

-- --------------------------------------------------------

--
-- Table structure for table `attendence`
--

CREATE TABLE `attendence` (
  `StudentID` varchar(10) NOT NULL,
  `CRN` varchar(10) NOT NULL,
  `DateAtt` varchar(20) DEFAULT NULL,
  `Present` int(11) DEFAULT NULL
) ENGINE=InnoDB DEFAULT CHARSET=latin1;

--
-- Dumping data for table `attendence`
--

INSERT INTO `attendence` (`StudentID`, `CRN`, `DateAtt`, `Present`) VALUES
('I700777406', 'CRN-744', '2021-05-31', 1),
('I700777407', 'CRN-551', '2020-10-08', 1),
('I700777408', 'CRN-47', '2020-04-03', 1),
('I700777409', 'CRN-583', '2020-10-10', 1),
('I700777410', 'CRN-539', '3/23/2019', 0),
('I700777411', 'CRN-338', '2018-01-06', 1),
('I700777412', 'CRN-217', '8/13/2020', 1),
('I700777413', 'CRN-417', '2020-11-01', 0),
('I700777414', 'CRN-764', '2018-02-01', 1),
('I700777415', 'CRN-952', '5/25/2018', 0),
('I700777416', 'CRN-8', '3/29/2018', 1),
('I700777417', 'CRN-526', '7/20/2018', 0),
('I700777418', 'CRN-316', '2018-11-09', 1),
('I700777419', 'CRN-233', '3/27/2018', 1),
('I700777420', 'CRN-112', '2/28/2021', 1),
('I700777421', 'CRN-785', '2021-03-03', 0),
('I700777422', 'CRN-202', '2018-02-01', 0),
('I700777423', 'CRN-601', '1/19/2020', 1),
('I700777424', 'CRN-790', '2018-11-11', 1),
('I700777425', 'CRN-877', '3/28/2019', 1),
('I700777426', 'CRN-641', '3/23/2019', 0),
('I700777427', 'CRN-110', '8/26/2019', 0),
('I700777428', 'CRN-245', '3/25/2018', 0),
('I700777429', 'CRN-885', '2018-07-03', 0),
('I700777430', 'CRN-224', '3/23/2019', 0),
('I700777431', 'CRN-227', '4/17/2020', 1),
('I700777432', 'CRN-677', '2020-10-06', 1),
('I700777433', 'CRN-982', '2/17/2020', 0),
('I700777434', 'CRN-311', '1/31/2018', 1),
('I700777435', 'CRN-645', '3/17/2021', 1),
('I700777436', 'CRN-587', '7/26/2020', 1),
('I700777437', 'CRN-956', '2020-11-06', 0),
('I700777438', 'CRN-535', '2020-02-10', 1),
('I700777439', 'CRN-443', '2/16/2018', 1),
('I700777440', 'CRN-270', '7/16/2018', 1),
('I700777441', 'CRN-513', '2/15/2020', 0),
('I700777442', 'CRN-406', '9/13/2021', 0),
('I700777443', 'CRN-269', '1/17/2018', 0),
('I700777444', 'CRN-114', '2021-06-10', 1),
('I700777445', 'CRN-945', '9/29/2018', 1),
('I700777446', 'CRN-415', '2019-04-09', 0),
('I700777447', 'CRN-352', '2018-01-11', 0),
('I700777448', 'CRN-365', '12/22/2018', 1),
('I700777449', 'CRN-484', '3/20/2018', 0),
('I700777450', 'CRN-230', '2021-12-05', 1),
('I700777451', 'CRN-206', '6/13/2021', 1),
('I700777452', 'CRN-184', '1/30/2018', 0),
('I700777453', 'CRN-797', '2020-02-10', 1),
('I700777454', 'CRN-674', '8/17/2018', 0),
('I700777455', 'CRN-450', '2020-10-09', 1),
('I700777456', 'CRN-929', '11/28/2020', 0),
('I700777457', 'CRN-454', '9/30/2019', 1),
('I700777458', 'CRN-159', '3/18/2020', 0),
('I700777459', 'CRN-112', '7/19/2019', 1),
('I700777460', 'CRN-92', '2021-03-06', 0),
('I700777461', 'CRN-524', '9/21/2018', 1),
('I700777462', 'CRN-495', '9/25/2018', 0),
('I700777463', 'CRN-302', '2020-10-08', 0),
('I700777464', 'CRN-513', '11/19/2019', 0),
('I700777465', 'CRN-177', '9/22/2019', 1),
('I700777466', 'CRN-595', '10/14/2018', 0),
('I700777467', 'CRN-601', '8/25/2021', 0),
('I700777468', 'CRN-964', '1/14/2018', 0),
('I700777469', 'CRN-37', '10/22/2018', 1),
('I700777470', 'CRN-712', '9/21/2019', 0),
('I700777471', 'CRN-309', '2020-10-12', 1),
('I700777472', 'CRN-212', '6/30/2021', 0),
('I700777473', 'CRN-159', '2020-11-10', 1),
('I700777474', 'CRN-995', '9/23/2019', 0),
('I700777475', 'CRN-505', '3/29/2020', 1),
('I700777476', 'CRN-332', '9/13/2020', 0),
('I700777477', 'CRN-812', '10/22/2020', 0),
('I700777478', 'CRN-263', '3/13/2020', 1),
('I700777479', 'CRN-310', '1/14/2019', 0),
('I700777480', 'CRN-109', '2019-08-01', 1),
('I700777481', 'CRN-340', '2018-09-11', 0),
('I700777482', 'CRN-720', '11/17/2018', 1),
('I700777483', 'CRN-779', '7/18/2019', 0),
('I700777484', 'CRN-662', '8/30/2018', 1),
('I700777485', 'CRN-562', '2021-04-07', 1),
('I700777486', 'CRN-722', '4/16/2019', 1),
('I700777487', 'CRN-719', '2020-08-10', 0),
('I700777488', 'CRN-168', '12/15/2018', 1),
('I700777489', 'CRN-932', '8/29/2020', 1),
('I700777490', 'CRN-838', '2018-01-12', 1),
('I700777491', 'CRN-602', '2/22/2020', 0),
('I700777492', 'CRN-284', '7/21/2021', 1),
('I700777493', 'CRN-624', '8/27/2018', 1),
('I700777494', 'CRN-8', '7/15/2020', 1),
('I700777495', 'CRN-818', '2018-04-06', 1),
('I700777496', 'CRN-154', '2019-07-05', 1),
('I700777497', 'CRN-733', '2/22/2020', 0),
('I700777498', 'CRN-888', '2018-05-02', 1),
('I700777499', 'CRN-368', '7/29/2018', 0),
('I700777500', 'CRN-747', '2/23/2018', 1),
('I700777501', 'CRN-155', '2019-01-02', 0),
('I700777502', 'CRN-116', '2020-04-12', 1),
('I700777503', 'CRN-689', '3/15/2019', 0),
('I700777504', 'CRN-91', '1/15/2018', 0),
('I700777505', 'CRN-163', '7/22/2019', 1),
('I700777506', 'CRN-358', '12/29/2019', 1),
('I700777507', 'CRN-174', '1/14/2019', 0),
('I700777508', 'CRN-685', '7/29/2019', 1),
('I700777509', 'CRN-437', '6/29/2020', 0),
('I700777510', 'CRN-837', '2020-06-03', 0),
('I700777511', 'CRN-254', '2021-04-10', 0),
('I700777512', 'CRN-190', '9/21/2019', 0),
('I700777513', 'CRN-137', '10/15/2019', 1),
('I700777514', 'CRN-817', '2020-07-11', 0),
('I700777515', 'CRN-369', '10/14/2018', 0),
('I700777516', 'CRN-539', '2020-09-03', 0),
('I700777517', 'CRN-708', '2021-03-05', 1),
('I700777518', 'CRN-725', '2019-01-02', 1),
('I700777519', 'CRN-969', '5/30/2018', 0),
('I700777520', 'CRN-863', '1/28/2018', 0),
('I700777521', 'CRN-386', '2021-02-06', 0),
('I700777522', 'CRN-931', '2019-05-10', 1),
('I700777523', 'CRN-293', '7/22/2018', 0),
('I700777524', 'CRN-658', '2021-10-01', 0),
('I700777525', 'CRN-592', '10/21/2019', 1),
('I700777526', 'CRN-237', '1/31/2021', 0),
('I700777527', 'CRN-152', '7/30/2019', 1),
('I700777528', 'CRN-164', '1/28/2021', 1),
('I700777529', 'CRN-792', '2/14/2019', 1),
('I700777530', 'CRN-673', '8/13/2018', 1),
('I700777531', 'CRN-407', '7/13/2018', 0),
('I700777532', 'CRN-478', '2018-02-04', 1),
('I700777533', 'CRN-269', '5/20/2019', 1),
('I700777534', 'CRN-905', '1/19/2018', 1),
('I700777535', 'CRN-138', '2020-10-02', 1),
('I700777536', 'CRN-888', '2018-06-03', 1),
('I700777537', 'CRN-336', '2018-11-06', 0),
('I700777538', 'CRN-477', '3/15/2021', 1),
('I700777539', 'CRN-772', '5/27/2021', 0),
('I700777540', 'CRN-947', '2021-09-09', 0),
('I700777541', 'CRN-450', '2/17/2021', 0),
('I700777542', 'CRN-748', '1/28/2021', 0),
('I700777543', 'CRN-327', '7/30/2019', 1),
('I700777544', 'CRN-203', '10/26/2018', 1),
('I700777545', 'CRN-60', '8/31/2018', 0),
('I700777546', 'CRN-120', '2020-03-10', 1),
('I700777547', 'CRN-791', '4/25/2020', 0),
('I700777548', 'CRN-565', '2019-04-07', 1),
('I700777549', 'CRN-757', '2021-03-08', 0),
('I700777550', 'CRN-567', '8/29/2019', 0),
('I700777551', 'CRN-871', '2019-04-06', 1),
('I700777552', 'CRN-985', '7/30/2021', 0),
('I700777553', 'CRN-306', '9/25/2020', 1),
('I700777554', 'CRN-760', '4/27/2018', 1),
('I700777555', 'CRN-458', '7/27/2018', 0),
('I700777556', 'CRN-202', '12/22/2018', 1),
('I700777557', 'CRN-233', '12/22/2018', 0),
('I700777558', 'CRN-198', '8/14/2018', 0),
('I700777559', 'CRN-434', '2019-04-11', 0),
('I700777560', 'CRN-272', '2021-03-05', 1),
('I700777561', 'CRN-800', '2019-07-06', 1),
('I700777562', 'CRN-697', '6/27/2019', 0),
('I700777563', 'CRN-926', '9/24/2021', 1),
('I700777564', 'CRN-204', '2020-03-08', 1),
('I700777565', 'CRN-62', '8/17/2019', 1),
('I700777566', 'CRN-420', '2019-07-02', 0),
('I700777567', 'CRN-323', '3/20/2019', 1),
('I700777568', 'CRN-448', '2019-01-03', 1),
('I700777569', 'CRN-477', '2018-10-04', 1),
('I700777570', 'CRN-419', '4/20/2020', 0),
('I700777571', 'CRN-64', '6/25/2020', 0),
('I700777572', 'CRN-963', '2021-03-10', 1),
('I700777573', 'CRN-623', '2019-11-06', 1),
('I700777574', 'CRN-845', '2020-06-02', 0),
('I700777575', 'CRN-712', '2/27/2019', 1),
('I700777576', 'CRN-781', '5/28/2019', 1),
('I700777577', 'CRN-45', '9/25/2019', 1),
('I700777578', 'CRN-78', '6/18/2019', 0),
('I700777579', 'CRN-90', '4/17/2021', 0),
('I700777580', 'CRN-983', '11/18/2020', 0),
('I700777581', 'CRN-565', '4/20/2019', 1),
('I700777582', 'CRN-466', '2019-11-12', 1),
('I700777583', 'CRN-268', '5/21/2021', 1),
('I700777584', 'CRN-474', '5/20/2019', 1),
('I700777585', 'CRN-443', '2018-02-03', 1),
('I700777586', 'CRN-353', '7/16/2018', 0),
('I700777587', 'CRN-601', '2018-02-06', 1),
('I700777588', 'CRN-119', '2021-10-04', 1),
('I700777589', 'CRN-774', '9/20/2019', 1),
('I700777590', 'CRN-566', '10/26/2020', 0),
('I700777591', 'CRN-606', '2019-11-09', 1),
('I700777592', 'CRN-521', '11/23/2018', 0),
('I700777593', 'CRN-451', '2021-04-09', 0),
('I700777594', 'CRN-939', '10/15/2020', 1),
('I700777595', 'CRN-775', '9/21/2021', 1),
('I700777596', 'CRN-354', '2018-05-06', 1),
('I700777597', 'CRN-958', '10/21/2020', 0),
('I700777598', 'CRN-578', '5/20/2018', 0),
('I700777599', 'CRN-682', '4/26/2021', 0),
('I700777600', 'CRN-551', '4/14/2020', 0),
('I700777601', 'CRN-7', '1/27/2020', 1),
('I700777602', 'CRN-93', '7/28/2018', 0),
('I700777603', 'CRN-383', '4/30/2020', 1),
('I700777604', 'CRN-758', '7/31/2021', 1),
('I700777605', 'CRN-283', '2020-03-02', 1),
('I700777606', 'CRN-968', '2/28/2020', 0),
('I700777607', 'CRN-77', '6/25/2020', 1),
('I700777608', 'CRN-238', '2/13/2021', 0),
('I700777609', 'CRN-118', '9/20/2020', 1),
('I700777610', 'CRN-869', '2019-07-06', 0),
('I700777611', 'CRN-356', '4/29/2020', 0),
('I700777612', 'CRN-332', '9/23/2019', 0),
('I700777613', 'CRN-513', '2019-02-12', 0),
('I700777614', 'CRN-335', '2/23/2019', 1),
('I700777615', 'CRN-384', '7/20/2021', 1),
('I700777616', 'CRN-66', '2018-04-01', 1),
('I700777617', 'CRN-70', '7/21/2018', 0),
('I700777618', 'CRN-305', '12/14/2020', 0),
('I700777619', 'CRN-407', '11/14/2020', 0),
('I700777620', 'CRN-472', '2021-03-05', 1),
('I700777621', 'CRN-422', '2021-08-09', 0),
('I700777622', 'CRN-599', '1/20/2021', 0),
('I700777623', 'CRN-168', '2018-02-10', 1),
('I700777624', 'CRN-355', '8/19/2018', 1),
('I700777625', 'CRN-497', '3/26/2021', 1),
('I700777626', 'CRN-206', '2019-01-03', 1),
('I700777627', 'CRN-442', '10/15/2021', 0),
('I700777628', 'CRN-771', '5/19/2018', 0),
('I700777629', 'CRN-937', '2021-05-03', 0),
('I700777630', 'CRN-658', '2020-07-07', 0),
('I700777631', 'CRN-585', '3/26/2019', 0),
('I700777632', 'CRN-814', '2020-10-06', 0),
('I700777633', 'CRN-613', '1/18/2020', 0),
('I700777634', 'CRN-561', '2018-12-08', 0),
('I700777635', 'CRN-770', '9/21/2019', 0),
('I700777636', 'CRN-333', '2/15/2018', 1),
('I700777637', 'CRN-312', '2020-06-03', 0),
('I700777638', 'CRN-778', '2021-01-07', 0),
('I700777639', 'CRN-706', '1/22/2018', 0),
('I700777640', 'CRN-592', '1/18/2021', 1),
('I700777641', 'CRN-218', '2018-04-02', 0),
('I700777642', 'CRN-951', '6/19/2021', 0),
('I700777643', 'CRN-262', '12/15/2018', 1),
('I700777644', 'CRN-940', '2019-08-05', 1),
('I700777645', 'CRN-828', '11/18/2018', 1),
('I700777646', 'CRN-708', '2018-07-08', 0),
('I700777647', 'CRN-671', '3/16/2019', 1),
('I700777648', 'CRN-403', '11/18/2018', 0),
('I700777649', 'CRN-525', '11/19/2019', 0),
('I700777650', 'CRN-533', '5/21/2020', 1),
('I700777651', 'CRN-606', '5/22/2018', 0),
('I700777652', 'CRN-311', '2020-05-04', 0),
('I700777653', 'CRN-678', '2018-01-04', 1),
('I700777654', 'CRN-29', '2021-01-05', 1),
('I700777655', 'CRN-838', '11/15/2018', 1),
('I700777656', 'CRN-594', '10/13/2020', 0),
('I700777657', 'CRN-132', '2018-01-10', 0),
('I700777658', 'CRN-4', '2020-01-02', 0),
('I700777659', 'CRN-128', '6/23/2020', 0),
('I700777660', 'CRN-255', '2019-06-04', 0),
('I700777661', 'CRN-459', '2019-02-02', 1),
('I700777662', 'CRN-244', '2018-12-12', 0),
('I700777663', 'CRN-579', '2019-02-09', 1),
('I700777664', 'CRN-944', '7/19/2019', 0),
('I700777665', 'CRN-782', '2021-02-04', 1),
('I700777666', 'CRN-630', '2019-12-11', 1),
('I700777667', 'CRN-241', '1/15/2019', 0),
('I700777668', 'CRN-494', '6/18/2020', 0),
('I700777669', 'CRN-550', '7/30/2019', 1),
('I700777670', 'CRN-10', '9/22/2021', 1),
('I700777671', 'CRN-72', '1/17/2021', 1),
('I700777672', 'CRN-660', '3/28/2020', 0),
('I700777673', 'CRN-815', '2021-11-02', 1),
('I700777674', 'CRN-580', '10/18/2021', 1),
('I700777675', 'CRN-9', '4/16/2018', 0),
('I700777676', 'CRN-561', '11/22/2019', 1),
('I700777677', 'CRN-159', '2018-03-06', 0),
('I700777678', 'CRN-618', '2019-04-08', 0),
('I700777679', 'CRN-176', '2018-08-07', 1),
('I700777680', 'CRN-506', '2020-06-12', 0),
('I700777681', 'CRN-447', '2/18/2020', 0),
('I700777682', 'CRN-279', '2021-02-08', 0),
('I700777683', 'CRN-50', '2020-12-03', 0),
('I700777684', 'CRN-507', '2/22/2018', 1),
('I700777685', 'CRN-187', '2021-03-03', 0),
('I700777686', 'CRN-519', '2018-03-07', 1),
('I700777687', 'CRN-395', '2020-04-04', 1),
('I700777688', 'CRN-484', '4/17/2020', 0),
('I700777689', 'CRN-690', '1/27/2018', 0),
('I700777690', 'CRN-997', '7/30/2018', 1),
('I700777691', 'CRN-575', '8/25/2018', 1),
('I700777692', 'CRN-846', '4/25/2018', 1),
('I700777693', 'CRN-105', '1/17/2020', 0),
('I700777694', 'CRN-165', '2018-07-10', 1),
('I700777695', 'CRN-194', '2018-06-07', 1),
('I700777696', 'CRN-4', '2021-03-08', 0),
('I700777697', 'CRN-173', '11/29/2018', 1),
('I700777698', 'CRN-206', '2020-06-08', 1),
('I700777699', 'CRN-585', '7/25/2020', 0),
('I700777700', 'CRN-25', '2019-05-05', 1),
('I700777701', 'CRN-945', '2019-01-12', 1),
('I700777702', 'CRN-679', '2020-05-07', 1),
('I700777703', 'CRN-342', '2018-05-08', 1),
('I700777704', 'CRN-857', '10/18/2021', 1),
('I700777705', 'CRN-828', '2019-02-10', 0),
('I700777706', 'CRN-801', '5/23/2021', 0),
('I700777707', 'CRN-174', '2019-09-10', 0),
('I700777708', 'CRN-828', '2018-03-10', 1),
('I700777709', 'CRN-864', '2020-02-09', 1),
('I700777710', 'CRN-125', '9/29/2020', 0),
('I700777711', 'CRN-638', '2020-04-08', 1),
('I700777712', 'CRN-894', '8/16/2020', 0),
('I700777713', 'CRN-313', '2019-06-04', 1),
('I700777714', 'CRN-985', '7/20/2018', 0),
('I700777715', 'CRN-16', '3/21/2020', 1),
('I700777716', 'CRN-919', '2/20/2018', 1),
('I700777717', 'CRN-9', '11/25/2020', 1),
('I700777718', 'CRN-576', '2019-12-07', 1),
('I700777719', 'CRN-357', '2018-10-04', 1),
('I700777720', 'CRN-50', '8/19/2018', 1),
('I700777721', 'CRN-451', '2021-07-02', 0),
('I700777722', 'CRN-270', '2019-09-11', 0),
('I700777723', 'CRN-204', '6/20/2019', 0),
('I700777724', 'CRN-62', '10/25/2018', 0),
('I700777725', 'CRN-47', '2018-02-12', 1),
('I700777726', 'CRN-90', '12/31/2018', 1),
('I700777727', 'CRN-974', '1/22/2018', 1),
('I700777728', 'CRN-691', '1/25/2019', 0),
('I700777729', 'CRN-900', '5/15/2018', 1),
('I700777730', 'CRN-999', '2018-05-03', 0),
('I700777731', 'CRN-185', '2/14/2019', 0),
('I700777732', 'CRN-451', '9/23/2020', 1),
('I700777733', 'CRN-226', '12/16/2018', 1),
('I700777734', 'CRN-67', '2021-06-05', 1),
('I700777735', 'CRN-475', '6/14/2019', 0),
('I700777736', 'CRN-354', '8/25/2019', 0),
('I700777737', 'CRN-653', '2019-03-05', 0),
('I700777738', 'CRN-502', '1/16/2020', 1),
('I700777739', 'CRN-125', '9/17/2018', 0),
('I700777740', 'CRN-59', '9/21/2020', 1),
('I700777741', 'CRN-338', '11/22/2020', 1),
('I700777742', 'CRN-982', '1/30/2020', 1),
('I700777743', 'CRN-177', '9/29/2020', 1),
('I700777744', 'CRN-319', '9/21/2021', 1),
('I700777745', 'CRN-777', '2020-01-12', 1),
('I700777746', 'CRN-993', '2018-06-05', 0),
('I700777747', 'CRN-329', '5/25/2018', 0),
('I700777748', 'CRN-277', '2/20/2018', 0),
('I700777749', 'CRN-458', '9/14/2019', 1),
('I700777750', 'CRN-951', '2019-02-04', 0),
('I700777751', 'CRN-649', '2/18/2018', 1),
('I700777752', 'CRN-665', '2020-11-07', 1),
('I700777753', 'CRN-65', '2019-01-05', 1),
('I700777754', 'CRN-619', '2019-03-08', 0),
('I700777755', 'CRN-245', '11/14/2019', 1),
('I700777756', 'CRN-324', '9/13/2018', 0),
('I700777757', 'CRN-138', '2020-04-03', 0),
('I700777758', 'CRN-388', '2021-10-05', 1),
('I700777759', 'CRN-811', '4/27/2019', 0),
('I700777760', 'CRN-449', '2018-11-09', 0),
('I700777761', 'CRN-574', '12/20/2018', 0),
('I700777762', 'CRN-27', '2020-01-04', 0),
('I700777763', 'CRN-773', '2021-03-06', 1),
('I700777764', 'CRN-634', '10/16/2019', 1),
('I700777765', 'CRN-187', '3/17/2018', 1),
('I700777766', 'CRN-489', '2020-09-06', 1),
('I700777767', 'CRN-385', '1/17/2020', 1),
('I700777768', 'CRN-557', '1/18/2020', 0),
('I700777769', 'CRN-589', '5/15/2021', 1),
('I700777770', 'CRN-485', '4/19/2019', 0),
('I700777771', 'CRN-738', '12/22/2019', 0),
('I700777772', 'CRN-454', '2019-08-08', 0),
('I700777773', 'CRN-436', '8/14/2018', 0),
('I700777774', 'CRN-391', '2021-11-04', 1),
('I700777775', 'CRN-62', '12/18/2020', 0),
('I700777776', 'CRN-963', '2020-08-02', 1),
('I700777777', 'CRN-804', '2019-12-07', 1),
('I700777778', 'CRN-947', '2021-09-10', 0),
('I700777779', 'CRN-90', '7/20/2021', 0),
('I700777780', 'CRN-887', '9/17/2018', 0),
('I700777781', 'CRN-13', '7/13/2018', 0),
('I700777782', 'CRN-722', '2018-04-04', 0),
('I700777783', 'CRN-63', '2018-07-04', 0),
('I700777784', 'CRN-926', '2019-04-04', 0),
('I700777785', 'CRN-39', '2019-12-06', 1),
('I700777786', 'CRN-563', '2020-10-06', 1),
('I700777787', 'CRN-609', '4/22/2021', 0),
('I700777788', 'CRN-524', '2020-05-11', 0),
('I700777789', 'CRN-289', '2/28/2018', 0),
('I700777790', 'CRN-967', '2020-03-12', 0),
('I700777791', 'CRN-343', '2021-09-09', 0),
('I700777792', 'CRN-449', '4/21/2021', 0),
('I700777793', 'CRN-52', '1/25/2020', 1),
('I700777794', 'CRN-606', '7/21/2018', 1),
('I700777795', 'CRN-691', '9/22/2020', 0),
('I700777796', 'CRN-350', '1/25/2018', 0),
('I700777797', 'CRN-768', '4/27/2020', 0),
('I700777798', 'CRN-268', '9/15/2020', 1),
('I700777799', 'CRN-927', '2019-06-03', 0),
('I700777800', 'CRN-735', '2019-03-06', 0),
('I700777801', 'CRN-219', '2021-05-03', 0),
('I700777802', 'CRN-435', '3/16/2019', 0),
('I700777803', 'CRN-258', '8/22/2020', 1),
('I700777804', 'CRN-349', '2018-03-12', 1),
('I700777805', 'CRN-760', '8/17/2020', 0),
('I700777806', 'CRN-211', '4/20/2020', 0),
('I700777807', 'CRN-633', '2020-09-03', 0),
('I700777808', 'CRN-853', '3/21/2019', 1),
('I700777809', 'CRN-886', '3/23/2019', 1),
('I700777810', 'CRN-873', '2021-04-02', 1),
('I700777811', 'CRN-660', '2/27/2018', 0),
('I700777812', 'CRN-572', '2021-11-06', 0),
('I700777813', 'CRN-861', '10/26/2019', 0),
('I700777814', 'CRN-485', '2019-06-01', 0),
('I700777815', 'CRN-164', '2/13/2021', 0),
('I700777816', 'CRN-344', '2/15/2020', 1),
('I700777817', 'CRN-794', '2/28/2021', 0),
('I700777818', 'CRN-801', '2019-06-01', 0),
('I700777819', 'CRN-312', '2019-06-05', 1),
('I700777820', 'CRN-102', '4/15/2018', 0),
('I700777821', 'CRN-279', '2019-05-12', 0),
('I700777822', 'CRN-418', '2020-03-09', 0),
('I700777823', 'CRN-105', '2020-08-04', 0),
('I700777824', 'CRN-519', '6/27/2021', 0),
('I700777825', 'CRN-726', '7/25/2020', 0),
('I700777826', 'CRN-568', '2020-02-02', 1),
('I700777827', 'CRN-515', '9/15/2020', 1),
('I700777828', 'CRN-201', '2021-05-06', 0),
('I700777829', 'CRN-898', '2/26/2018', 1),
('I700777830', 'CRN-520', '4/30/2018', 1),
('I700777831', 'CRN-461', '2021-04-10', 0),
('I700777832', 'CRN-151', '9/13/2020', 0),
('I700777833', 'CRN-60', '2018-08-06', 1),
('I700777834', 'CRN-972', '11/30/2018', 0),
('I700777835', 'CRN-405', '2018-09-11', 0),
('I700777836', 'CRN-340', '2/21/2021', 0),
('I700777837', 'CRN-493', '8/28/2019', 1),
('I700777838', 'CRN-497', '9/28/2021', 1),
('I700777839', 'CRN-854', '2021-09-09', 0),
('I700777840', 'CRN-458', '2020-10-12', 1),
('I700777841', 'CRN-847', '10/24/2021', 0),
('I700777842', 'CRN-540', '6/28/2020', 0),
('I700777843', 'CRN-546', '2019-08-10', 1),
('I700777844', 'CRN-55', '2019-02-05', 0),
('I700777845', 'CRN-241', '2018-10-02', 0),
('I700777846', 'CRN-373', '12/29/2019', 0),
('I700777847', 'CRN-701', '12/26/2019', 0),
('I700777848', 'CRN-838', '8/14/2020', 0),
('I700777849', 'CRN-982', '5/18/2018', 1),
('I700777850', 'CRN-472', '2021-03-09', 0),
('I700777851', 'CRN-548', '10/26/2020', 1);

-- --------------------------------------------------------

--
-- Table structure for table `building`
--

CREATE TABLE `building` (
  `BuildingID` varchar(10) NOT NULL,
  `Name` varchar(50) DEFAULT NULL
) ENGINE=InnoDB DEFAULT CHARSET=latin1;

--
-- Dumping data for table `building`
--

INSERT INTO `building` (`BuildingID`, `Name`) VALUES
('BUL-0001', 'Saad\'s Campus'),
('BUL-0002', 'Zaid\'s Campus'),
('BUL-0003', 'Nabiur\'s Campus');

-- --------------------------------------------------------

--
-- Table structure for table `class`
--

CREATE TABLE `class` (
  `CRN` varchar(10) NOT NULL,
  `FacultyID` varchar(10) DEFAULT NULL,
  `RoomID` varchar(10) DEFAULT NULL,
  `SemesterID` varchar(20) DEFAULT NULL,
  `TimeslotID` int(11) DEFAULT NULL,
  `CourseID` varchar(10) DEFAULT NULL
) ENGINE=InnoDB DEFAULT CHARSET=latin1;

--
-- Dumping data for table `class`
--

INSERT INTO `class` (`CRN`, `FacultyID`, `RoomID`, `SemesterID`, `TimeslotID`, `CourseID`) VALUES
('CRN-1', 'I700776406', 'AUD-1', 'Fall-2018', 15, 'CS001'),
('CRN-10', 'I700776415', 'AUD-12', 'Fall-2019', 1, 'CS010'),
('CRN-100', 'I700776505', 'AUD-390', 'Fall-2021', 8, 'CS030'),
('CRN-1000', 'I700776905', 'ROOM-97', 'Spring-2021', 2, 'CS020'),
('CRN-101', 'I700776506', 'AUD-391', 'Spring-2018', 24, 'CS031'),
('CRN-102', 'I700776507', 'AUD-392', 'Spring-2019', 28, 'CS032'),
('CRN-103', 'I700776508', 'AUD-394', 'Spring-2020', 20, 'CS033'),
('CRN-104', 'I700776509', 'AUD-396', 'Spring-2021', 35, 'CS034'),
('CRN-105', 'I700776510', 'AUD-397', 'Fall-2018', 30, 'CS035'),
('CRN-106', 'I700776511', 'AUD-398', 'Fall-2019', 6, 'CS001'),
('CRN-107', 'I700776512', 'AUD-40', 'Fall-2020', 31, 'CS002'),
('CRN-108', 'I700776513', 'AUD-402', 'Fall-2021', 29, 'CS003'),
('CRN-109', 'I700776514', 'AUD-404', 'Spring-2018', 35, 'CS004'),
('CRN-11', 'I700776416', 'AUD-122', 'Fall-2020', 22, 'CS011'),
('CRN-110', 'I700776515', 'AUD-405', 'Spring-2019', 15, 'CS005'),
('CRN-111', 'I700776516', 'AUD-408', 'Spring-2020', 17, 'CS006'),
('CRN-112', 'I700776517', 'AUD-411', 'Spring-2021', 28, 'CS007'),
('CRN-113', 'I700776518', 'AUD-414', 'Fall-2018', 30, 'CS008'),
('CRN-114', 'I700776519', 'AUD-42', 'Fall-2019', 6, 'CS009'),
('CRN-115', 'I700776520', 'AUD-422', 'Fall-2020', 25, 'CS010'),
('CRN-116', 'I700776521', 'AUD-423', 'Fall-2021', 18, 'CS011'),
('CRN-117', 'I700776522', 'AUD-424', 'Spring-2018', 35, 'CS012'),
('CRN-118', 'I700776523', 'AUD-428', 'Spring-2019', 14, 'CS013'),
('CRN-119', 'I700776524', 'AUD-429', 'Spring-2020', 2, 'CS014'),
('CRN-12', 'I700776417', 'AUD-123', 'Fall-2021', 10, 'CS012'),
('CRN-120', 'I700776525', 'AUD-430', 'Spring-2021', 2, 'CS015'),
('CRN-121', 'I700776526', 'AUD-431', 'Fall-2018', 22, 'CS016'),
('CRN-122', 'I700776527', 'AUD-432', 'Fall-2019', 4, 'CS017'),
('CRN-123', 'I700776528', 'AUD-433', 'Fall-2020', 2, 'CS018'),
('CRN-124', 'I700776529', 'AUD-434', 'Fall-2021', 36, 'CS019'),
('CRN-125', 'I700776530', 'AUD-438', 'Spring-2018', 6, 'CS020'),
('CRN-126', 'I700776531', 'AUD-440', 'Spring-2019', 13, 'CS021'),
('CRN-127', 'I700776532', 'AUD-445', 'Spring-2020', 31, 'CS022'),
('CRN-128', 'I700776533', 'AUD-446', 'Spring-2021', 5, 'CS023'),
('CRN-129', 'I700776534', 'AUD-450', 'Fall-2018', 34, 'CS024'),
('CRN-13', 'I700776418', 'AUD-13', 'Spring-2018', 23, 'CS013'),
('CRN-130', 'I700776535', 'AUD-451', 'Fall-2019', 12, 'CS025'),
('CRN-131', 'I700776536', 'AUD-456', 'Fall-2020', 25, 'CS026'),
('CRN-132', 'I700776537', 'AUD-461', 'Fall-2021', 1, 'CS027'),
('CRN-133', 'I700776538', 'AUD-464', 'Spring-2018', 3, 'CS028'),
('CRN-134', 'I700776539', 'AUD-466', 'Spring-2019', 24, 'CS029'),
('CRN-135', 'I700776540', 'AUD-469', 'Spring-2020', 21, 'CS030'),
('CRN-136', 'I700776541', 'AUD-47', 'Spring-2021', 2, 'CS031'),
('CRN-137', 'I700776542', 'AUD-473', 'Fall-2018', 11, 'CS032'),
('CRN-138', 'I700776543', 'AUD-474', 'Fall-2019', 25, 'CS033'),
('CRN-139', 'I700776544', 'AUD-479', 'Fall-2020', 35, 'CS034'),
('CRN-14', 'I700776419', 'AUD-131', 'Spring-2019', 15, 'CS014'),
('CRN-140', 'I700776545', 'AUD-480', 'Fall-2021', 3, 'CS035'),
('CRN-141', 'I700776546', 'AUD-482', 'Spring-2018', 25, 'CS001'),
('CRN-142', 'I700776547', 'AUD-485', 'Spring-2019', 14, 'CS002'),
('CRN-143', 'I700776548', 'AUD-490', 'Spring-2020', 23, 'CS003'),
('CRN-144', 'I700776549', 'AUD-492', 'Spring-2021', 10, 'CS004'),
('CRN-145', 'I700776550', 'AUD-499', 'Fall-2018', 12, 'CS005'),
('CRN-146', 'I700776551', 'AUD-5', 'Fall-2019', 33, 'CS006'),
('CRN-147', 'I700776552', 'AUD-53', 'Fall-2020', 1, 'CS007'),
('CRN-148', 'I700776553', 'AUD-54', 'Fall-2021', 9, 'CS008'),
('CRN-149', 'I700776554', 'AUD-55', 'Spring-2018', 3, 'CS009'),
('CRN-15', 'I700776420', 'AUD-132', 'Spring-2020', 30, 'CS015'),
('CRN-150', 'I700776555', 'AUD-56', 'Spring-2019', 15, 'CS010'),
('CRN-151', 'I700776556', 'AUD-58', 'Spring-2020', 28, 'CS011'),
('CRN-152', 'I700776557', 'AUD-60', 'Spring-2021', 25, 'CS012'),
('CRN-153', 'I700776558', 'AUD-62', 'Fall-2018', 35, 'CS013'),
('CRN-154', 'I700776559', 'AUD-66', 'Fall-2019', 19, 'CS014'),
('CRN-155', 'I700776560', 'AUD-67', 'Fall-2020', 29, 'CS015'),
('CRN-156', 'I700776561', 'AUD-70', 'Fall-2021', 14, 'CS016'),
('CRN-157', 'I700776562', 'AUD-71', 'Spring-2018', 27, 'CS017'),
('CRN-158', 'I700776563', 'AUD-72', 'Spring-2019', 26, 'CS018'),
('CRN-159', 'I700776564', 'AUD-80', 'Spring-2020', 10, 'CS019'),
('CRN-16', 'I700776421', 'AUD-135', 'Spring-2021', 36, 'CS016'),
('CRN-160', 'I700776565', 'AUD-82', 'Spring-2021', 26, 'CS020'),
('CRN-161', 'I700776566', 'AUD-84', 'Fall-2018', 11, 'CS021'),
('CRN-162', 'I700776567', 'AUD-86', 'Fall-2019', 23, 'CS022'),
('CRN-163', 'I700776568', 'AUD-87', 'Fall-2020', 14, 'CS023'),
('CRN-164', 'I700776569', 'AUD-9', 'Fall-2021', 16, 'CS024'),
('CRN-165', 'I700776570', 'AUD-91', 'Spring-2018', 21, 'CS025'),
('CRN-166', 'I700776571', 'AUD-95', 'Spring-2019', 36, 'CS026'),
('CRN-167', 'I700776572', 'AUD-96', 'Spring-2020', 12, 'CS027'),
('CRN-168', 'I700776573', 'AUD-99', 'Spring-2021', 24, 'CS028'),
('CRN-169', 'I700776574', 'LAB-100', 'Fall-2018', 27, 'CS029'),
('CRN-17', 'I700776422', 'AUD-136', 'Fall-2018', 17, 'CS017'),
('CRN-170', 'I700776575', 'LAB-101', 'Fall-2019', 16, 'CS030'),
('CRN-171', 'I700776576', 'LAB-103', 'Fall-2020', 29, 'CS031'),
('CRN-172', 'I700776577', 'LAB-105', 'Fall-2021', 21, 'CS032'),
('CRN-173', 'I700776578', 'LAB-107', 'Spring-2018', 14, 'CS033'),
('CRN-174', 'I700776579', 'LAB-11', 'Spring-2019', 18, 'CS034'),
('CRN-175', 'I700776580', 'LAB-115', 'Spring-2020', 32, 'CS035'),
('CRN-176', 'I700776581', 'LAB-121', 'Spring-2021', 33, 'CS001'),
('CRN-177', 'I700776582', 'LAB-124', 'Fall-2018', 14, 'CS002'),
('CRN-178', 'I700776583', 'LAB-133', 'Fall-2019', 24, 'CS003'),
('CRN-179', 'I700776584', 'LAB-134', 'Fall-2020', 34, 'CS004'),
('CRN-18', 'I700776423', 'AUD-137', 'Fall-2019', 9, 'CS018'),
('CRN-180', 'I700776585', 'LAB-138', 'Fall-2021', 24, 'CS005'),
('CRN-181', 'I700776586', 'LAB-142', 'Spring-2018', 16, 'CS006'),
('CRN-182', 'I700776587', 'LAB-147', 'Spring-2019', 26, 'CS007'),
('CRN-183', 'I700776588', 'LAB-150', 'Spring-2020', 19, 'CS008'),
('CRN-184', 'I700776589', 'LAB-155', 'Spring-2021', 3, 'CS009'),
('CRN-185', 'I700776590', 'LAB-163', 'Fall-2018', 34, 'CS010'),
('CRN-186', 'I700776591', 'LAB-164', 'Fall-2019', 23, 'CS011'),
('CRN-187', 'I700776592', 'LAB-165', 'Fall-2020', 20, 'CS012'),
('CRN-188', 'I700776593', 'LAB-166', 'Fall-2021', 19, 'CS013'),
('CRN-189', 'I700776594', 'LAB-17', 'Spring-2018', 12, 'CS014'),
('CRN-19', 'I700776424', 'AUD-139', 'Fall-2020', 22, 'CS019'),
('CRN-190', 'I700776595', 'LAB-172', 'Spring-2019', 21, 'CS015'),
('CRN-191', 'I700776596', 'LAB-174', 'Spring-2020', 22, 'CS016'),
('CRN-192', 'I700776597', 'LAB-176', 'Spring-2021', 26, 'CS017'),
('CRN-193', 'I700776598', 'LAB-179', 'Fall-2018', 3, 'CS018'),
('CRN-194', 'I700776599', 'LAB-182', 'Fall-2019', 27, 'CS019'),
('CRN-195', 'I700776600', 'LAB-184', 'Fall-2020', 8, 'CS020'),
('CRN-196', 'I700776601', 'LAB-188', 'Fall-2021', 5, 'CS021'),
('CRN-197', 'I700776602', 'LAB-191', 'Spring-2018', 5, 'CS022'),
('CRN-198', 'I700776603', 'LAB-192', 'Spring-2019', 16, 'CS023'),
('CRN-199', 'I700776604', 'LAB-20', 'Spring-2020', 14, 'CS024'),
('CRN-2', 'I700776407', 'AUD-10', 'Fall-2019', 2, 'CS002'),
('CRN-20', 'I700776425', 'AUD-141', 'Fall-2021', 4, 'CS020'),
('CRN-200', 'I700776605', 'LAB-200', 'Spring-2021', 6, 'CS025'),
('CRN-201', 'I700776606', 'LAB-201', 'Fall-2018', 28, 'CS026'),
('CRN-202', 'I700776607', 'LAB-204', 'Fall-2019', 22, 'CS027'),
('CRN-203', 'I700776608', 'LAB-207', 'Fall-2020', 7, 'CS028'),
('CRN-204', 'I700776609', 'LAB-209', 'Fall-2021', 6, 'CS029'),
('CRN-205', 'I700776610', 'LAB-21', 'Spring-2018', 25, 'CS030'),
('CRN-206', 'I700776611', 'LAB-212', 'Spring-2019', 22, 'CS031'),
('CRN-207', 'I700776612', 'LAB-213', 'Spring-2020', 34, 'CS032'),
('CRN-208', 'I700776613', 'LAB-214', 'Spring-2021', 12, 'CS033'),
('CRN-209', 'I700776614', 'LAB-215', 'Fall-2018', 18, 'CS034'),
('CRN-21', 'I700776426', 'AUD-144', 'Spring-2018', 4, 'CS021'),
('CRN-210', 'I700776615', 'LAB-217', 'Fall-2019', 18, 'CS035'),
('CRN-211', 'I700776616', 'LAB-218', 'Fall-2020', 17, 'CS001'),
('CRN-212', 'I700776617', 'LAB-219', 'Fall-2021', 12, 'CS002'),
('CRN-213', 'I700776618', 'LAB-220', 'Spring-2018', 12, 'CS003'),
('CRN-214', 'I700776619', 'LAB-223', 'Spring-2019', 13, 'CS004'),
('CRN-215', 'I700776620', 'LAB-228', 'Spring-2020', 19, 'CS005'),
('CRN-216', 'I700776621', 'LAB-233', 'Spring-2021', 3, 'CS006'),
('CRN-217', 'I700776622', 'LAB-236', 'Fall-2018', 23, 'CS007'),
('CRN-218', 'I700776623', 'LAB-237', 'Fall-2019', 34, 'CS008'),
('CRN-219', 'I700776624', 'LAB-24', 'Fall-2020', 19, 'CS009'),
('CRN-22', 'I700776427', 'AUD-15', 'Spring-2019', 30, 'CS022'),
('CRN-220', 'I700776625', 'LAB-240', 'Fall-2021', 33, 'CS010'),
('CRN-221', 'I700776626', 'LAB-242', 'Spring-2018', 33, 'CS011'),
('CRN-222', 'I700776627', 'LAB-244', 'Spring-2019', 28, 'CS012'),
('CRN-223', 'I700776628', 'LAB-245', 'Spring-2020', 17, 'CS013'),
('CRN-224', 'I700776629', 'LAB-248', 'Spring-2021', 18, 'CS014'),
('CRN-225', 'I700776630', 'LAB-25', 'Fall-2018', 33, 'CS015'),
('CRN-226', 'I700776631', 'LAB-252', 'Fall-2019', 12, 'CS016'),
('CRN-227', 'I700776632', 'LAB-259', 'Fall-2020', 23, 'CS017'),
('CRN-228', 'I700776633', 'LAB-26', 'Fall-2021', 1, 'CS018'),
('CRN-229', 'I700776634', 'LAB-260', 'Spring-2018', 31, 'CS019'),
('CRN-23', 'I700776428', 'AUD-151', 'Spring-2020', 22, 'CS023'),
('CRN-230', 'I700776635', 'LAB-262', 'Spring-2019', 23, 'CS020'),
('CRN-231', 'I700776636', 'LAB-265', 'Spring-2020', 3, 'CS021'),
('CRN-232', 'I700776637', 'LAB-266', 'Spring-2021', 27, 'CS022'),
('CRN-233', 'I700776638', 'LAB-268', 'Fall-2018', 9, 'CS023'),
('CRN-234', 'I700776639', 'LAB-274', 'Fall-2019', 9, 'CS024'),
('CRN-235', 'I700776640', 'LAB-276', 'Fall-2020', 36, 'CS025'),
('CRN-236', 'I700776641', 'LAB-282', 'Fall-2021', 7, 'CS026'),
('CRN-237', 'I700776642', 'LAB-285', 'Spring-2018', 1, 'CS027'),
('CRN-238', 'I700776643', 'LAB-287', 'Spring-2019', 23, 'CS028'),
('CRN-239', 'I700776644', 'LAB-289', 'Spring-2020', 28, 'CS029'),
('CRN-24', 'I700776429', 'AUD-154', 'Spring-2021', 15, 'CS024'),
('CRN-240', 'I700776645', 'LAB-292', 'Spring-2021', 29, 'CS030'),
('CRN-241', 'I700776646', 'LAB-296', 'Fall-2018', 8, 'CS031'),
('CRN-242', 'I700776647', 'LAB-297', 'Fall-2019', 16, 'CS032'),
('CRN-243', 'I700776648', 'LAB-299', 'Fall-2020', 25, 'CS033'),
('CRN-244', 'I700776649', 'LAB-303', 'Fall-2021', 13, 'CS034'),
('CRN-245', 'I700776650', 'LAB-306', 'Spring-2018', 8, 'CS035'),
('CRN-246', 'I700776651', 'LAB-307', 'Spring-2019', 21, 'CS001'),
('CRN-247', 'I700776652', 'LAB-312', 'Spring-2020', 6, 'CS002'),
('CRN-248', 'I700776653', 'LAB-315', 'Spring-2021', 32, 'CS003'),
('CRN-249', 'I700776654', 'LAB-318', 'Fall-2018', 2, 'CS004'),
('CRN-25', 'I700776430', 'AUD-157', 'Fall-2018', 29, 'CS025'),
('CRN-250', 'I700776655', 'LAB-320', 'Fall-2019', 13, 'CS005'),
('CRN-251', 'I700776656', 'LAB-323', 'Fall-2020', 6, 'CS006'),
('CRN-252', 'I700776657', 'LAB-324', 'Fall-2021', 29, 'CS007'),
('CRN-253', 'I700776658', 'LAB-326', 'Spring-2018', 21, 'CS008'),
('CRN-254', 'I700776659', 'LAB-327', 'Spring-2019', 23, 'CS009'),
('CRN-255', 'I700776660', 'LAB-332', 'Spring-2020', 12, 'CS010'),
('CRN-256', 'I700776661', 'LAB-334', 'Spring-2021', 13, 'CS011'),
('CRN-257', 'I700776662', 'LAB-335', 'Fall-2018', 18, 'CS012'),
('CRN-258', 'I700776663', 'LAB-336', 'Fall-2019', 5, 'CS013'),
('CRN-259', 'I700776664', 'LAB-342', 'Fall-2020', 14, 'CS014'),
('CRN-26', 'I700776431', 'AUD-160', 'Fall-2019', 6, 'CS026'),
('CRN-260', 'I700776665', 'LAB-343', 'Fall-2021', 36, 'CS015'),
('CRN-261', 'I700776666', 'LAB-345', 'Spring-2018', 16, 'CS016'),
('CRN-262', 'I700776667', 'LAB-347', 'Spring-2019', 30, 'CS017'),
('CRN-263', 'I700776668', 'LAB-349', 'Spring-2020', 5, 'CS018'),
('CRN-264', 'I700776669', 'LAB-35', 'Spring-2021', 9, 'CS019'),
('CRN-265', 'I700776670', 'LAB-356', 'Fall-2018', 5, 'CS020'),
('CRN-266', 'I700776671', 'LAB-358', 'Fall-2019', 27, 'CS021'),
('CRN-267', 'I700776672', 'LAB-36', 'Fall-2020', 16, 'CS022'),
('CRN-268', 'I700776673', 'LAB-361', 'Fall-2021', 6, 'CS023'),
('CRN-269', 'I700776674', 'LAB-362', 'Spring-2018', 1, 'CS024'),
('CRN-27', 'I700776432', 'AUD-161', 'Fall-2020', 10, 'CS027'),
('CRN-270', 'I700776675', 'LAB-367', 'Spring-2019', 34, 'CS025'),
('CRN-271', 'I700776676', 'LAB-370', 'Spring-2020', 22, 'CS026'),
('CRN-272', 'I700776677', 'LAB-372', 'Spring-2021', 1, 'CS027'),
('CRN-273', 'I700776678', 'LAB-375', 'Fall-2018', 5, 'CS028'),
('CRN-274', 'I700776679', 'LAB-376', 'Fall-2019', 22, 'CS029'),
('CRN-275', 'I700776680', 'LAB-377', 'Fall-2020', 15, 'CS030'),
('CRN-276', 'I700776681', 'LAB-380', 'Fall-2021', 36, 'CS031'),
('CRN-277', 'I700776682', 'LAB-382', 'Spring-2018', 12, 'CS032'),
('CRN-278', 'I700776683', 'LAB-384', 'Spring-2019', 35, 'CS033'),
('CRN-279', 'I700776684', 'LAB-385', 'Spring-2020', 10, 'CS034'),
('CRN-28', 'I700776433', 'AUD-162', 'Fall-2021', 3, 'CS028'),
('CRN-280', 'I700776685', 'LAB-393', 'Spring-2021', 36, 'CS035'),
('CRN-281', 'I700776686', 'LAB-399', 'Fall-2018', 28, 'CS001'),
('CRN-282', 'I700776687', 'LAB-4', 'Fall-2019', 30, 'CS002'),
('CRN-283', 'I700776688', 'LAB-400', 'Fall-2020', 1, 'CS003'),
('CRN-284', 'I700776689', 'LAB-401', 'Fall-2021', 35, 'CS004'),
('CRN-285', 'I700776690', 'LAB-403', 'Spring-2018', 29, 'CS005'),
('CRN-286', 'I700776691', 'LAB-407', 'Spring-2019', 28, 'CS006'),
('CRN-287', 'I700776692', 'LAB-410', 'Spring-2020', 17, 'CS007'),
('CRN-288', 'I700776693', 'LAB-413', 'Spring-2021', 6, 'CS008'),
('CRN-289', 'I700776694', 'LAB-415', 'Fall-2018', 22, 'CS009'),
('CRN-29', 'I700776434', 'AUD-167', 'Spring-2018', 23, 'CS029'),
('CRN-290', 'I700776695', 'LAB-418', 'Fall-2019', 1, 'CS010'),
('CRN-291', 'I700776696', 'LAB-419', 'Fall-2020', 14, 'CS011'),
('CRN-292', 'I700776697', 'LAB-420', 'Fall-2021', 20, 'CS012'),
('CRN-293', 'I700776698', 'LAB-421', 'Spring-2018', 3, 'CS013'),
('CRN-294', 'I700776699', 'LAB-425', 'Spring-2019', 26, 'CS014'),
('CRN-295', 'I700776700', 'LAB-43', 'Spring-2020', 34, 'CS015'),
('CRN-296', 'I700776701', 'LAB-44', 'Spring-2021', 12, 'CS016'),
('CRN-297', 'I700776702', 'LAB-447', 'Fall-2018', 29, 'CS017'),
('CRN-298', 'I700776703', 'LAB-452', 'Fall-2019', 15, 'CS018'),
('CRN-299', 'I700776704', 'LAB-453', 'Fall-2020', 16, 'CS019'),
('CRN-3', 'I700776408', 'AUD-104', 'Fall-2020', 10, 'CS003'),
('CRN-30', 'I700776435', 'AUD-168', 'Spring-2019', 19, 'CS030'),
('CRN-300', 'I700776705', 'LAB-454', 'Fall-2021', 11, 'CS020'),
('CRN-301', 'I700776706', 'LAB-455', 'Spring-2018', 3, 'CS021'),
('CRN-302', 'I700776707', 'LAB-457', 'Spring-2019', 35, 'CS022'),
('CRN-303', 'I700776708', 'LAB-460', 'Spring-2020', 31, 'CS023'),
('CRN-304', 'I700776709', 'LAB-463', 'Spring-2021', 4, 'CS024'),
('CRN-305', 'I700776710', 'LAB-468', 'Fall-2018', 31, 'CS025'),
('CRN-306', 'I700776711', 'LAB-470', 'Fall-2019', 4, 'CS026'),
('CRN-307', 'I700776712', 'LAB-476', 'Fall-2020', 17, 'CS027'),
('CRN-308', 'I700776713', 'LAB-477', 'Fall-2021', 21, 'CS028'),
('CRN-309', 'I700776714', 'LAB-478', 'Spring-2018', 13, 'CS029'),
('CRN-31', 'I700776436', 'AUD-175', 'Spring-2020', 15, 'CS031'),
('CRN-310', 'I700776715', 'LAB-48', 'Spring-2019', 35, 'CS030'),
('CRN-311', 'I700776716', 'LAB-481', 'Spring-2020', 2, 'CS031'),
('CRN-312', 'I700776717', 'LAB-484', 'Spring-2021', 18, 'CS032'),
('CRN-313', 'I700776718', 'LAB-493', 'Fall-2018', 6, 'CS033'),
('CRN-314', 'I700776719', 'LAB-494', 'Fall-2019', 16, 'CS034'),
('CRN-315', 'I700776720', 'LAB-495', 'Fall-2020', 9, 'CS035'),
('CRN-316', 'I700776721', 'LAB-496', 'Fall-2021', 8, 'CS001'),
('CRN-317', 'I700776722', 'LAB-498', 'Spring-2018', 9, 'CS002'),
('CRN-318', 'I700776723', 'LAB-51', 'Spring-2019', 15, 'CS003'),
('CRN-319', 'I700776724', 'LAB-6', 'Spring-2020', 2, 'CS004'),
('CRN-32', 'I700776437', 'AUD-177', 'Spring-2021', 19, 'CS032'),
('CRN-320', 'I700776725', 'LAB-61', 'Spring-2021', 2, 'CS005'),
('CRN-321', 'I700776726', 'LAB-63', 'Fall-2018', 3, 'CS006'),
('CRN-322', 'I700776727', 'LAB-65', 'Fall-2019', 10, 'CS007'),
('CRN-323', 'I700776728', 'LAB-69', 'Fall-2020', 21, 'CS008'),
('CRN-324', 'I700776729', 'LAB-73', 'Fall-2021', 31, 'CS009'),
('CRN-325', 'I700776730', 'LAB-75', 'Spring-2018', 5, 'CS010'),
('CRN-326', 'I700776731', 'LAB-78', 'Spring-2019', 11, 'CS011'),
('CRN-327', 'I700776732', 'LAB-8', 'Spring-2020', 22, 'CS012'),
('CRN-328', 'I700776733', 'LAB-81', 'Spring-2021', 35, 'CS013'),
('CRN-329', 'I700776734', 'LAB-83', 'Fall-2018', 9, 'CS014'),
('CRN-33', 'I700776438', 'AUD-178', 'Fall-2018', 19, 'CS033'),
('CRN-330', 'I700776735', 'LAB-89', 'Fall-2019', 20, 'CS015'),
('CRN-331', 'I700776736', 'LAB-90', 'Fall-2020', 17, 'CS016'),
('CRN-332', 'I700776737', 'LAB-92', 'Fall-2021', 17, 'CS017'),
('CRN-333', 'I700776738', 'LAB-93', 'Spring-2018', 22, 'CS018'),
('CRN-334', 'I700776739', 'LAB-94', 'Spring-2019', 20, 'CS019'),
('CRN-335', 'I700776740', 'LAB-98', 'Spring-2020', 13, 'CS020'),
('CRN-336', 'I700776741', 'ROOM-102', 'Spring-2021', 31, 'CS021'),
('CRN-337', 'I700776742', 'ROOM-108', 'Fall-2018', 9, 'CS022'),
('CRN-338', 'I700776743', 'ROOM-110', 'Fall-2019', 14, 'CS023'),
('CRN-339', 'I700776744', 'ROOM-111', 'Fall-2020', 32, 'CS024'),
('CRN-34', 'I700776439', 'AUD-18', 'Fall-2019', 9, 'CS034'),
('CRN-340', 'I700776745', 'ROOM-114', 'Fall-2021', 35, 'CS025'),
('CRN-341', 'I700776746', 'ROOM-116', 'Spring-2018', 16, 'CS026'),
('CRN-342', 'I700776747', 'ROOM-119', 'Spring-2019', 13, 'CS027'),
('CRN-343', 'I700776748', 'ROOM-120', 'Spring-2020', 14, 'CS028'),
('CRN-344', 'I700776749', 'ROOM-125', 'Spring-2021', 30, 'CS029'),
('CRN-345', 'I700776750', 'ROOM-126', 'Fall-2018', 30, 'CS030'),
('CRN-346', 'I700776751', 'ROOM-127', 'Fall-2019', 12, 'CS031'),
('CRN-347', 'I700776752', 'ROOM-128', 'Fall-2020', 19, 'CS032'),
('CRN-348', 'I700776753', 'ROOM-129', 'Fall-2021', 12, 'CS033'),
('CRN-349', 'I700776754', 'ROOM-130', 'Spring-2018', 33, 'CS034'),
('CRN-35', 'I700776440', 'AUD-180', 'Fall-2020', 14, 'CS035'),
('CRN-350', 'I700776755', 'ROOM-14', 'Spring-2019', 32, 'CS035'),
('CRN-351', 'I700776756', 'ROOM-140', 'Spring-2020', 26, 'CS001'),
('CRN-352', 'I700776757', 'ROOM-143', 'Spring-2021', 16, 'CS002'),
('CRN-353', 'I700776758', 'ROOM-145', 'Fall-2018', 3, 'CS003'),
('CRN-354', 'I700776759', 'ROOM-146', 'Fall-2019', 21, 'CS004'),
('CRN-355', 'I700776760', 'ROOM-148', 'Fall-2020', 10, 'CS005'),
('CRN-356', 'I700776761', 'ROOM-149', 'Fall-2021', 3, 'CS006'),
('CRN-357', 'I700776762', 'ROOM-152', 'Spring-2018', 28, 'CS007'),
('CRN-358', 'I700776763', 'ROOM-153', 'Spring-2019', 6, 'CS008'),
('CRN-359', 'I700776764', 'ROOM-156', 'Spring-2020', 33, 'CS009'),
('CRN-36', 'I700776441', 'AUD-181', 'Fall-2021', 35, 'CS001'),
('CRN-360', 'I700776765', 'ROOM-158', 'Spring-2021', 3, 'CS010'),
('CRN-361', 'I700776766', 'ROOM-159', 'Fall-2018', 15, 'CS011'),
('CRN-362', 'I700776767', 'ROOM-16', 'Fall-2019', 24, 'CS012'),
('CRN-363', 'I700776768', 'ROOM-169', 'Fall-2020', 1, 'CS013'),
('CRN-364', 'I700776769', 'ROOM-170', 'Fall-2021', 29, 'CS014'),
('CRN-365', 'I700776770', 'ROOM-171', 'Spring-2018', 7, 'CS015'),
('CRN-366', 'I700776771', 'ROOM-173', 'Spring-2019', 16, 'CS016'),
('CRN-367', 'I700776772', 'ROOM-185', 'Spring-2020', 11, 'CS017'),
('CRN-368', 'I700776773', 'ROOM-190', 'Spring-2021', 30, 'CS018'),
('CRN-369', 'I700776774', 'ROOM-193', 'Fall-2018', 16, 'CS019'),
('CRN-37', 'I700776442', 'AUD-183', 'Spring-2018', 18, 'CS002'),
('CRN-370', 'I700776775', 'ROOM-195', 'Fall-2019', 27, 'CS020'),
('CRN-371', 'I700776776', 'ROOM-196', 'Fall-2020', 31, 'CS021'),
('CRN-372', 'I700776777', 'ROOM-198', 'Fall-2021', 5, 'CS022'),
('CRN-373', 'I700776778', 'ROOM-2', 'Spring-2018', 18, 'CS023'),
('CRN-374', 'I700776779', 'ROOM-202', 'Spring-2019', 36, 'CS024'),
('CRN-375', 'I700776780', 'ROOM-203', 'Spring-2020', 23, 'CS025'),
('CRN-376', 'I700776781', 'ROOM-205', 'Spring-2021', 15, 'CS026'),
('CRN-377', 'I700776782', 'ROOM-206', 'Fall-2018', 8, 'CS027'),
('CRN-378', 'I700776783', 'ROOM-210', 'Fall-2019', 33, 'CS028'),
('CRN-379', 'I700776784', 'ROOM-211', 'Fall-2020', 16, 'CS029'),
('CRN-38', 'I700776443', 'AUD-186', 'Spring-2019', 3, 'CS003'),
('CRN-380', 'I700776785', 'ROOM-22', 'Fall-2021', 34, 'CS030'),
('CRN-381', 'I700776786', 'ROOM-222', 'Spring-2018', 36, 'CS031'),
('CRN-382', 'I700776787', 'ROOM-224', 'Spring-2019', 25, 'CS032'),
('CRN-383', 'I700776788', 'ROOM-225', 'Spring-2020', 2, 'CS033'),
('CRN-384', 'I700776789', 'ROOM-226', 'Spring-2021', 8, 'CS034'),
('CRN-385', 'I700776790', 'ROOM-227', 'Fall-2018', 19, 'CS035'),
('CRN-386', 'I700776791', 'ROOM-229', 'Fall-2019', 31, 'CS001'),
('CRN-387', 'I700776792', 'ROOM-234', 'Fall-2020', 30, 'CS002'),
('CRN-388', 'I700776793', 'ROOM-238', 'Fall-2021', 24, 'CS003'),
('CRN-389', 'I700776794', 'ROOM-239', 'Spring-2018', 35, 'CS004'),
('CRN-39', 'I700776444', 'AUD-187', 'Spring-2020', 1, 'CS004'),
('CRN-390', 'I700776795', 'ROOM-241', 'Spring-2019', 5, 'CS005'),
('CRN-391', 'I700776796', 'ROOM-247', 'Spring-2020', 18, 'CS006'),
('CRN-392', 'I700776797', 'ROOM-251', 'Spring-2021', 18, 'CS007'),
('CRN-393', 'I700776798', 'ROOM-254', 'Fall-2018', 33, 'CS008'),
('CRN-394', 'I700776799', 'ROOM-255', 'Fall-2019', 8, 'CS009'),
('CRN-395', 'I700776800', 'ROOM-257', 'Fall-2020', 27, 'CS010'),
('CRN-396', 'I700776801', 'ROOM-258', 'Fall-2021', 26, 'CS011'),
('CRN-397', 'I700776802', 'ROOM-261', 'Spring-2018', 30, 'CS012'),
('CRN-398', 'I700776803', 'ROOM-263', 'Spring-2019', 33, 'CS013'),
('CRN-399', 'I700776804', 'ROOM-269', 'Spring-2020', 8, 'CS014'),
('CRN-4', 'I700776409', 'AUD-106', 'Fall-2021', 7, 'CS004'),
('CRN-40', 'I700776445', 'AUD-189', 'Spring-2021', 22, 'CS005'),
('CRN-400', 'I700776805', 'ROOM-270', 'Spring-2021', 9, 'CS015'),
('CRN-401', 'I700776806', 'ROOM-273', 'Fall-2018', 24, 'CS016'),
('CRN-402', 'I700776807', 'ROOM-275', 'Fall-2019', 35, 'CS017'),
('CRN-403', 'I700776808', 'ROOM-277', 'Fall-2020', 34, 'CS018'),
('CRN-404', 'I700776809', 'ROOM-278', 'Fall-2021', 20, 'CS019'),
('CRN-405', 'I700776810', 'ROOM-279', 'Spring-2018', 4, 'CS020'),
('CRN-406', 'I700776811', 'ROOM-28', 'Spring-2019', 10, 'CS021'),
('CRN-407', 'I700776812', 'ROOM-280', 'Spring-2020', 21, 'CS022'),
('CRN-408', 'I700776813', 'ROOM-281', 'Spring-2021', 3, 'CS023'),
('CRN-409', 'I700776814', 'ROOM-283', 'Fall-2018', 19, 'CS024'),
('CRN-41', 'I700776446', 'AUD-19', 'Fall-2018', 1, 'CS006'),
('CRN-410', 'I700776815', 'ROOM-284', 'Fall-2019', 34, 'CS025'),
('CRN-411', 'I700776816', 'ROOM-286', 'Fall-2020', 18, 'CS026'),
('CRN-412', 'I700776817', 'ROOM-288', 'Fall-2021', 20, 'CS027'),
('CRN-413', 'I700776818', 'ROOM-290', 'Spring-2018', 17, 'CS028'),
('CRN-414', 'I700776819', 'ROOM-291', 'Spring-2019', 6, 'CS029'),
('CRN-415', 'I700776820', 'ROOM-293', 'Spring-2020', 2, 'CS030'),
('CRN-416', 'I700776821', 'ROOM-294', 'Spring-2021', 7, 'CS031'),
('CRN-417', 'I700776822', 'ROOM-298', 'Fall-2018', 29, 'CS032'),
('CRN-418', 'I700776823', 'ROOM-3', 'Fall-2019', 31, 'CS033'),
('CRN-419', 'I700776824', 'ROOM-30', 'Fall-2020', 19, 'CS034'),
('CRN-42', 'I700776447', 'AUD-194', 'Fall-2019', 33, 'CS007'),
('CRN-420', 'I700776825', 'ROOM-301', 'Fall-2021', 29, 'CS035'),
('CRN-421', 'I700776826', 'ROOM-302', 'Spring-2018', 25, 'CS001'),
('CRN-422', 'I700776827', 'ROOM-305', 'Spring-2019', 22, 'CS002'),
('CRN-423', 'I700776828', 'ROOM-308', 'Spring-2020', 18, 'CS003'),
('CRN-424', 'I700776829', 'ROOM-309', 'Spring-2021', 3, 'CS004'),
('CRN-425', 'I700776830', 'ROOM-310', 'Fall-2018', 25, 'CS005'),
('CRN-426', 'I700776831', 'ROOM-311', 'Fall-2019', 6, 'CS006'),
('CRN-427', 'I700776832', 'ROOM-316', 'Fall-2020', 19, 'CS007'),
('CRN-428', 'I700776833', 'ROOM-317', 'Fall-2021', 32, 'CS008'),
('CRN-429', 'I700776834', 'ROOM-321', 'Spring-2018', 20, 'CS009'),
('CRN-43', 'I700776448', 'AUD-197', 'Fall-2020', 1, 'CS008'),
('CRN-430', 'I700776835', 'ROOM-322', 'Spring-2019', 3, 'CS010'),
('CRN-431', 'I700776836', 'ROOM-325', 'Spring-2020', 11, 'CS011'),
('CRN-432', 'I700776837', 'ROOM-328', 'Spring-2021', 9, 'CS012'),
('CRN-433', 'I700776838', 'ROOM-329', 'Fall-2018', 19, 'CS013'),
('CRN-434', 'I700776839', 'ROOM-331', 'Fall-2019', 29, 'CS014'),
('CRN-435', 'I700776840', 'ROOM-333', 'Fall-2020', 31, 'CS015'),
('CRN-436', 'I700776841', 'ROOM-34', 'Fall-2021', 33, 'CS016'),
('CRN-437', 'I700776842', 'ROOM-348', 'Spring-2018', 3, 'CS017'),
('CRN-438', 'I700776843', 'ROOM-354', 'Spring-2019', 3, 'CS018'),
('CRN-439', 'I700776844', 'ROOM-359', 'Spring-2020', 1, 'CS019'),
('CRN-44', 'I700776449', 'AUD-199', 'Fall-2021', 3, 'CS009'),
('CRN-440', 'I700776845', 'ROOM-360', 'Spring-2021', 7, 'CS020'),
('CRN-441', 'I700776846', 'ROOM-364', 'Fall-2018', 34, 'CS021'),
('CRN-442', 'I700776847', 'ROOM-365', 'Fall-2019', 20, 'CS022'),
('CRN-443', 'I700776848', 'ROOM-366', 'Fall-2020', 8, 'CS023'),
('CRN-444', 'I700776849', 'ROOM-37', 'Fall-2021', 20, 'CS024'),
('CRN-445', 'I700776850', 'ROOM-371', 'Spring-2018', 33, 'CS025'),
('CRN-446', 'I700776851', 'ROOM-383', 'Spring-2019', 30, 'CS026'),
('CRN-447', 'I700776852', 'ROOM-387', 'Spring-2020', 30, 'CS027'),
('CRN-448', 'I700776853', 'ROOM-39', 'Spring-2021', 28, 'CS028'),
('CRN-449', 'I700776854', 'ROOM-395', 'Fall-2018', 14, 'CS029'),
('CRN-45', 'I700776450', 'AUD-208', 'Spring-2018', 23, 'CS010'),
('CRN-450', 'I700776855', 'ROOM-406', 'Fall-2019', 36, 'CS030'),
('CRN-451', 'I700776856', 'ROOM-409', 'Fall-2020', 31, 'CS031'),
('CRN-452', 'I700776857', 'ROOM-41', 'Fall-2021', 16, 'CS032'),
('CRN-453', 'I700776858', 'ROOM-412', 'Spring-2018', 20, 'CS033'),
('CRN-454', 'I700776859', 'ROOM-416', 'Spring-2019', 26, 'CS034'),
('CRN-455', 'I700776860', 'ROOM-417', 'Spring-2020', 10, 'CS035'),
('CRN-456', 'I700776861', 'ROOM-426', 'Spring-2021', 7, 'CS001'),
('CRN-457', 'I700776862', 'ROOM-427', 'Fall-2018', 20, 'CS002'),
('CRN-458', 'I700776863', 'ROOM-435', 'Fall-2019', 11, 'CS003'),
('CRN-459', 'I700776864', 'ROOM-436', 'Fall-2020', 23, 'CS004'),
('CRN-46', 'I700776451', 'AUD-216', 'Spring-2019', 2, 'CS011'),
('CRN-460', 'I700776865', 'ROOM-437', 'Fall-2021', 27, 'CS005'),
('CRN-461', 'I700776866', 'ROOM-439', 'Spring-2018', 33, 'CS006'),
('CRN-462', 'I700776867', 'ROOM-441', 'Spring-2019', 31, 'CS007'),
('CRN-463', 'I700776868', 'ROOM-442', 'Spring-2020', 9, 'CS008'),
('CRN-464', 'I700776869', 'ROOM-443', 'Spring-2021', 19, 'CS009'),
('CRN-465', 'I700776870', 'ROOM-444', 'Fall-2018', 32, 'CS010'),
('CRN-466', 'I700776871', 'ROOM-448', 'Fall-2019', 30, 'CS011'),
('CRN-467', 'I700776872', 'ROOM-449', 'Fall-2020', 14, 'CS012'),
('CRN-468', 'I700776873', 'ROOM-45', 'Fall-2021', 24, 'CS013'),
('CRN-469', 'I700776874', 'ROOM-458', 'Spring-2018', 20, 'CS014'),
('CRN-47', 'I700776452', 'AUD-221', 'Spring-2020', 26, 'CS012'),
('CRN-470', 'I700776875', 'ROOM-459', 'Spring-2019', 9, 'CS015'),
('CRN-471', 'I700776876', 'ROOM-46', 'Spring-2020', 7, 'CS016'),
('CRN-472', 'I700776877', 'ROOM-462', 'Spring-2021', 26, 'CS017'),
('CRN-473', 'I700776878', 'ROOM-465', 'Fall-2018', 26, 'CS018'),
('CRN-474', 'I700776879', 'ROOM-467', 'Fall-2019', 5, 'CS019'),
('CRN-475', 'I700776880', 'ROOM-471', 'Fall-2020', 17, 'CS020'),
('CRN-476', 'I700776881', 'ROOM-472', 'Fall-2021', 12, 'CS021'),
('CRN-477', 'I700776882', 'ROOM-475', 'Spring-2018', 7, 'CS022'),
('CRN-478', 'I700776883', 'ROOM-483', 'Spring-2019', 7, 'CS023'),
('CRN-479', 'I700776884', 'ROOM-486', 'Spring-2020', 33, 'CS024'),
('CRN-48', 'I700776453', 'AUD-23', 'Spring-2021', 21, 'CS013'),
('CRN-480', 'I700776885', 'ROOM-487', 'Spring-2021', 4, 'CS025'),
('CRN-481', 'I700776886', 'ROOM-488', 'Fall-2018', 11, 'CS026'),
('CRN-482', 'I700776887', 'ROOM-489', 'Fall-2019', 10, 'CS027'),
('CRN-483', 'I700776888', 'ROOM-49', 'Fall-2020', 21, 'CS028'),
('CRN-484', 'I700776889', 'ROOM-491', 'Fall-2021', 21, 'CS029'),
('CRN-485', 'I700776890', 'ROOM-497', 'Spring-2018', 9, 'CS030'),
('CRN-486', 'I700776891', 'ROOM-50', 'Spring-2019', 10, 'CS031'),
('CRN-487', 'I700776892', 'ROOM-500', 'Spring-2020', 4, 'CS032'),
('CRN-488', 'I700776893', 'ROOM-52', 'Spring-2021', 16, 'CS033'),
('CRN-489', 'I700776894', 'ROOM-57', 'Fall-2018', 4, 'CS034'),
('CRN-49', 'I700776454', 'AUD-230', 'Fall-2018', 36, 'CS014'),
('CRN-490', 'I700776895', 'ROOM-59', 'Fall-2019', 26, 'CS035'),
('CRN-491', 'I700776896', 'ROOM-64', 'Fall-2020', 25, 'CS001'),
('CRN-492', 'I700776897', 'ROOM-68', 'Fall-2021', 21, 'CS002'),
('CRN-493', 'I700776898', 'ROOM-7', 'Spring-2018', 11, 'CS003'),
('CRN-494', 'I700776899', 'ROOM-74', 'Spring-2019', 24, 'CS004'),
('CRN-495', 'I700776900', 'ROOM-76', 'Spring-2020', 33, 'CS005'),
('CRN-496', 'I700776901', 'ROOM-77', 'Spring-2021', 6, 'CS006'),
('CRN-497', 'I700776902', 'ROOM-79', 'Fall-2018', 5, 'CS007'),
('CRN-498', 'I700776903', 'ROOM-85', 'Fall-2019', 12, 'CS008'),
('CRN-499', 'I700776904', 'ROOM-88', 'Fall-2020', 7, 'CS009'),
('CRN-5', 'I700776410', 'AUD-109', 'Spring-2018', 23, 'CS005'),
('CRN-50', 'I700776455', 'AUD-231', 'Fall-2019', 36, 'CS015'),
('CRN-500', 'I700776905', 'ROOM-97', 'Fall-2021', 21, 'CS010'),
('CRN-501', 'I700776406', 'AUD-1', 'Spring-2018', 22, 'CS011'),
('CRN-502', 'I700776407', 'AUD-10', 'Spring-2019', 8, 'CS012'),
('CRN-503', 'I700776408', 'AUD-104', 'Spring-2020', 27, 'CS013'),
('CRN-504', 'I700776409', 'AUD-106', 'Spring-2021', 4, 'CS014'),
('CRN-505', 'I700776410', 'AUD-109', 'Fall-2018', 18, 'CS015'),
('CRN-506', 'I700776411', 'AUD-112', 'Fall-2019', 28, 'CS016'),
('CRN-507', 'I700776412', 'AUD-113', 'Fall-2020', 36, 'CS017'),
('CRN-508', 'I700776413', 'AUD-117', 'Fall-2021', 3, 'CS018'),
('CRN-509', 'I700776414', 'AUD-118', 'Spring-2018', 9, 'CS019'),
('CRN-51', 'I700776456', 'AUD-232', 'Fall-2020', 13, 'CS016'),
('CRN-510', 'I700776415', 'AUD-12', 'Spring-2019', 1, 'CS020'),
('CRN-511', 'I700776416', 'AUD-122', 'Spring-2020', 26, 'CS021'),
('CRN-512', 'I700776417', 'AUD-123', 'Spring-2021', 25, 'CS022'),
('CRN-513', 'I700776418', 'AUD-13', 'Fall-2018', 4, 'CS023'),
('CRN-514', 'I700776419', 'AUD-131', 'Fall-2019', 11, 'CS024'),
('CRN-515', 'I700776420', 'AUD-132', 'Fall-2020', 27, 'CS025'),
('CRN-516', 'I700776421', 'AUD-135', 'Fall-2021', 13, 'CS026'),
('CRN-517', 'I700776422', 'AUD-136', 'Spring-2018', 21, 'CS027'),
('CRN-518', 'I700776423', 'AUD-137', 'Spring-2019', 6, 'CS028'),
('CRN-519', 'I700776424', 'AUD-139', 'Spring-2020', 15, 'CS029'),
('CRN-52', 'I700776457', 'AUD-235', 'Fall-2021', 25, 'CS017'),
('CRN-520', 'I700776425', 'AUD-141', 'Spring-2021', 31, 'CS030'),
('CRN-521', 'I700776426', 'AUD-144', 'Fall-2018', 17, 'CS031'),
('CRN-522', 'I700776427', 'AUD-15', 'Fall-2019', 4, 'CS032'),
('CRN-523', 'I700776428', 'AUD-151', 'Fall-2020', 33, 'CS033'),
('CRN-524', 'I700776429', 'AUD-154', 'Fall-2021', 1, 'CS034'),
('CRN-525', 'I700776430', 'AUD-157', 'Spring-2018', 32, 'CS035'),
('CRN-526', 'I700776431', 'AUD-160', 'Spring-2019', 3, 'CS001'),
('CRN-527', 'I700776432', 'AUD-161', 'Spring-2020', 3, 'CS002'),
('CRN-528', 'I700776433', 'AUD-162', 'Spring-2021', 14, 'CS003'),
('CRN-529', 'I700776434', 'AUD-167', 'Fall-2018', 18, 'CS004'),
('CRN-53', 'I700776458', 'AUD-243', 'Spring-2018', 24, 'CS018'),
('CRN-530', 'I700776435', 'AUD-168', 'Fall-2019', 10, 'CS005'),
('CRN-531', 'I700776436', 'AUD-175', 'Fall-2020', 33, 'CS006'),
('CRN-532', 'I700776437', 'AUD-177', 'Fall-2021', 36, 'CS007'),
('CRN-533', 'I700776438', 'AUD-178', 'Spring-2018', 32, 'CS008'),
('CRN-534', 'I700776439', 'AUD-18', 'Spring-2019', 27, 'CS009'),
('CRN-535', 'I700776440', 'AUD-180', 'Spring-2020', 6, 'CS010'),
('CRN-536', 'I700776441', 'AUD-181', 'Spring-2021', 26, 'CS011'),
('CRN-537', 'I700776442', 'AUD-183', 'Fall-2018', 22, 'CS012'),
('CRN-538', 'I700776443', 'AUD-186', 'Fall-2019', 36, 'CS013'),
('CRN-539', 'I700776444', 'AUD-187', 'Fall-2020', 7, 'CS014'),
('CRN-54', 'I700776459', 'AUD-246', 'Spring-2019', 10, 'CS019'),
('CRN-540', 'I700776445', 'AUD-189', 'Fall-2021', 13, 'CS015'),
('CRN-541', 'I700776446', 'AUD-19', 'Spring-2018', 23, 'CS016'),
('CRN-542', 'I700776447', 'AUD-194', 'Spring-2019', 26, 'CS017'),
('CRN-543', 'I700776448', 'AUD-197', 'Spring-2020', 11, 'CS018'),
('CRN-544', 'I700776449', 'AUD-199', 'Spring-2021', 16, 'CS019'),
('CRN-545', 'I700776450', 'AUD-208', 'Fall-2018', 1, 'CS020'),
('CRN-546', 'I700776451', 'AUD-216', 'Fall-2019', 36, 'CS021'),
('CRN-547', 'I700776452', 'AUD-221', 'Fall-2020', 5, 'CS022'),
('CRN-548', 'I700776453', 'AUD-23', 'Fall-2021', 30, 'CS023'),
('CRN-549', 'I700776454', 'AUD-230', 'Spring-2018', 10, 'CS024'),
('CRN-55', 'I700776460', 'AUD-249', 'Spring-2020', 31, 'CS020'),
('CRN-550', 'I700776455', 'AUD-231', 'Spring-2019', 8, 'CS025'),
('CRN-551', 'I700776456', 'AUD-232', 'Spring-2020', 10, 'CS026'),
('CRN-552', 'I700776457', 'AUD-235', 'Spring-2021', 13, 'CS027'),
('CRN-553', 'I700776458', 'AUD-243', 'Fall-2018', 35, 'CS028'),
('CRN-554', 'I700776459', 'AUD-246', 'Fall-2019', 30, 'CS029'),
('CRN-555', 'I700776460', 'AUD-249', 'Fall-2020', 4, 'CS030'),
('CRN-556', 'I700776461', 'AUD-250', 'Fall-2021', 12, 'CS031'),
('CRN-557', 'I700776462', 'AUD-253', 'Spring-2018', 19, 'CS032'),
('CRN-558', 'I700776463', 'AUD-256', 'Spring-2019', 4, 'CS033'),
('CRN-559', 'I700776464', 'AUD-264', 'Spring-2020', 8, 'CS034'),
('CRN-56', 'I700776461', 'AUD-250', 'Spring-2021', 36, 'CS021'),
('CRN-560', 'I700776465', 'AUD-267', 'Spring-2021', 5, 'CS035'),
('CRN-561', 'I700776466', 'AUD-27', 'Fall-2018', 2, 'CS001'),
('CRN-562', 'I700776467', 'AUD-271', 'Fall-2019', 4, 'CS002'),
('CRN-563', 'I700776468', 'AUD-272', 'Fall-2020', 17, 'CS003'),
('CRN-564', 'I700776469', 'AUD-29', 'Fall-2021', 1, 'CS004'),
('CRN-565', 'I700776470', 'AUD-295', 'Spring-2018', 2, 'CS005'),
('CRN-566', 'I700776471', 'AUD-300', 'Spring-2019', 16, 'CS006'),
('CRN-567', 'I700776472', 'AUD-304', 'Spring-2020', 10, 'CS007'),
('CRN-568', 'I700776473', 'AUD-31', 'Spring-2021', 7, 'CS008'),
('CRN-569', 'I700776474', 'AUD-313', 'Fall-2018', 6, 'CS009'),
('CRN-57', 'I700776462', 'AUD-253', 'Fall-2018', 18, 'CS022'),
('CRN-570', 'I700776475', 'AUD-314', 'Fall-2019', 34, 'CS010'),
('CRN-571', 'I700776476', 'AUD-319', 'Fall-2020', 14, 'CS011'),
('CRN-572', 'I700776477', 'AUD-32', 'Fall-2021', 6, 'CS012'),
('CRN-573', 'I700776478', 'AUD-33', 'Spring-2018', 2, 'CS013'),
('CRN-574', 'I700776479', 'AUD-330', 'Spring-2019', 15, 'CS014'),
('CRN-575', 'I700776480', 'AUD-337', 'Spring-2020', 25, 'CS015'),
('CRN-576', 'I700776481', 'AUD-338', 'Spring-2021', 8, 'CS016'),
('CRN-577', 'I700776482', 'AUD-339', 'Fall-2018', 8, 'CS017'),
('CRN-578', 'I700776483', 'AUD-340', 'Fall-2019', 24, 'CS018'),
('CRN-579', 'I700776484', 'AUD-341', 'Fall-2020', 28, 'CS019'),
('CRN-58', 'I700776463', 'AUD-256', 'Fall-2019', 15, 'CS023'),
('CRN-580', 'I700776485', 'AUD-344', 'Fall-2021', 7, 'CS020'),
('CRN-581', 'I700776486', 'AUD-346', 'Spring-2018', 19, 'CS021'),
('CRN-582', 'I700776487', 'AUD-350', 'Spring-2019', 17, 'CS022'),
('CRN-583', 'I700776488', 'AUD-351', 'Spring-2020', 6, 'CS023'),
('CRN-584', 'I700776489', 'AUD-352', 'Spring-2021', 3, 'CS024'),
('CRN-585', 'I700776490', 'AUD-353', 'Fall-2018', 24, 'CS025'),
('CRN-586', 'I700776491', 'AUD-355', 'Fall-2019', 21, 'CS026'),
('CRN-587', 'I700776492', 'AUD-357', 'Fall-2020', 36, 'CS027'),
('CRN-588', 'I700776493', 'AUD-363', 'Fall-2021', 3, 'CS028'),
('CRN-589', 'I700776494', 'AUD-368', 'Spring-2018', 24, 'CS029'),
('CRN-59', 'I700776464', 'AUD-264', 'Fall-2020', 15, 'CS024'),
('CRN-590', 'I700776495', 'AUD-369', 'Spring-2019', 15, 'CS030'),
('CRN-591', 'I700776496', 'AUD-373', 'Spring-2020', 24, 'CS031'),
('CRN-592', 'I700776497', 'AUD-374', 'Spring-2021', 2, 'CS032'),
('CRN-593', 'I700776498', 'AUD-378', 'Fall-2018', 4, 'CS033'),
('CRN-594', 'I700776499', 'AUD-379', 'Fall-2019', 36, 'CS034'),
('CRN-595', 'I700776500', 'AUD-38', 'Fall-2020', 10, 'CS035'),
('CRN-596', 'I700776501', 'AUD-381', 'Fall-2021', 19, 'CS001'),
('CRN-597', 'I700776502', 'AUD-386', 'Spring-2018', 32, 'CS002'),
('CRN-598', 'I700776503', 'AUD-388', 'Spring-2019', 4, 'CS003'),
('CRN-599', 'I700776504', 'AUD-389', 'Spring-2020', 31, 'CS004'),
('CRN-6', 'I700776411', 'AUD-112', 'Spring-2019', 10, 'CS006'),
('CRN-60', 'I700776465', 'AUD-267', 'Fall-2021', 10, 'CS025'),
('CRN-600', 'I700776505', 'AUD-390', 'Spring-2021', 23, 'CS005'),
('CRN-601', 'I700776506', 'AUD-391', 'Fall-2018', 16, 'CS006'),
('CRN-602', 'I700776507', 'AUD-392', 'Fall-2019', 12, 'CS007'),
('CRN-603', 'I700776508', 'AUD-394', 'Fall-2020', 26, 'CS008'),
('CRN-604', 'I700776509', 'AUD-396', 'Fall-2021', 15, 'CS009'),
('CRN-605', 'I700776510', 'AUD-397', 'Spring-2018', 2, 'CS010'),
('CRN-606', 'I700776511', 'AUD-398', 'Spring-2019', 17, 'CS011'),
('CRN-607', 'I700776512', 'AUD-40', 'Spring-2020', 18, 'CS012'),
('CRN-608', 'I700776513', 'AUD-402', 'Spring-2021', 21, 'CS013'),
('CRN-609', 'I700776514', 'AUD-404', 'Fall-2018', 32, 'CS014'),
('CRN-61', 'I700776466', 'AUD-27', 'Spring-2018', 35, 'CS026'),
('CRN-610', 'I700776515', 'AUD-405', 'Fall-2019', 3, 'CS015'),
('CRN-611', 'I700776516', 'AUD-408', 'Fall-2020', 24, 'CS016'),
('CRN-612', 'I700776517', 'AUD-411', 'Fall-2021', 11, 'CS017'),
('CRN-613', 'I700776518', 'AUD-414', 'Spring-2018', 27, 'CS018'),
('CRN-614', 'I700776519', 'AUD-42', 'Spring-2019', 27, 'CS019'),
('CRN-615', 'I700776520', 'AUD-422', 'Spring-2020', 3, 'CS020'),
('CRN-616', 'I700776521', 'AUD-423', 'Spring-2021', 1, 'CS021'),
('CRN-617', 'I700776522', 'AUD-424', 'Fall-2018', 34, 'CS022'),
('CRN-618', 'I700776523', 'AUD-428', 'Fall-2019', 23, 'CS023'),
('CRN-619', 'I700776524', 'AUD-429', 'Fall-2020', 7, 'CS024'),
('CRN-62', 'I700776467', 'AUD-271', 'Spring-2019', 36, 'CS027'),
('CRN-620', 'I700776525', 'AUD-430', 'Fall-2021', 11, 'CS025'),
('CRN-621', 'I700776526', 'AUD-431', 'Spring-2018', 18, 'CS026'),
('CRN-622', 'I700776527', 'AUD-432', 'Spring-2019', 12, 'CS027'),
('CRN-623', 'I700776528', 'AUD-433', 'Spring-2020', 11, 'CS028'),
('CRN-624', 'I700776529', 'AUD-434', 'Spring-2021', 7, 'CS029'),
('CRN-625', 'I700776530', 'AUD-438', 'Fall-2018', 16, 'CS030'),
('CRN-626', 'I700776531', 'AUD-440', 'Fall-2019', 10, 'CS031'),
('CRN-627', 'I700776532', 'AUD-445', 'Fall-2020', 5, 'CS032'),
('CRN-628', 'I700776533', 'AUD-446', 'Fall-2021', 10, 'CS033'),
('CRN-629', 'I700776534', 'AUD-450', 'Spring-2018', 12, 'CS034'),
('CRN-63', 'I700776468', 'AUD-272', 'Spring-2020', 26, 'CS028'),
('CRN-630', 'I700776535', 'AUD-451', 'Spring-2019', 20, 'CS035'),
('CRN-631', 'I700776536', 'AUD-456', 'Spring-2020', 24, 'CS001'),
('CRN-632', 'I700776537', 'AUD-461', 'Spring-2021', 28, 'CS002'),
('CRN-633', 'I700776538', 'AUD-464', 'Fall-2018', 36, 'CS003'),
('CRN-634', 'I700776539', 'AUD-466', 'Fall-2019', 12, 'CS004'),
('CRN-635', 'I700776540', 'AUD-469', 'Fall-2020', 36, 'CS005'),
('CRN-636', 'I700776541', 'AUD-47', 'Fall-2021', 21, 'CS006'),
('CRN-637', 'I700776542', 'AUD-473', 'Spring-2018', 35, 'CS007'),
('CRN-638', 'I700776543', 'AUD-474', 'Spring-2019', 15, 'CS008'),
('CRN-639', 'I700776544', 'AUD-479', 'Spring-2020', 19, 'CS009'),
('CRN-64', 'I700776469', 'AUD-29', 'Spring-2021', 32, 'CS029'),
('CRN-640', 'I700776545', 'AUD-480', 'Spring-2021', 21, 'CS010'),
('CRN-641', 'I700776546', 'AUD-482', 'Fall-2018', 26, 'CS011'),
('CRN-642', 'I700776547', 'AUD-485', 'Fall-2019', 10, 'CS012'),
('CRN-643', 'I700776548', 'AUD-490', 'Fall-2020', 7, 'CS013'),
('CRN-644', 'I700776549', 'AUD-492', 'Fall-2021', 35, 'CS014'),
('CRN-645', 'I700776550', 'AUD-499', 'Spring-2018', 32, 'CS015'),
('CRN-646', 'I700776551', 'AUD-5', 'Spring-2019', 31, 'CS016'),
('CRN-647', 'I700776552', 'AUD-53', 'Spring-2020', 3, 'CS017'),
('CRN-648', 'I700776553', 'AUD-54', 'Spring-2021', 6, 'CS018'),
('CRN-649', 'I700776554', 'AUD-55', 'Fall-2018', 14, 'CS019'),
('CRN-65', 'I700776470', 'AUD-295', 'Fall-2018', 14, 'CS030'),
('CRN-650', 'I700776555', 'AUD-56', 'Fall-2019', 2, 'CS020'),
('CRN-651', 'I700776556', 'AUD-58', 'Fall-2020', 29, 'CS021'),
('CRN-652', 'I700776557', 'AUD-60', 'Fall-2021', 20, 'CS022'),
('CRN-653', 'I700776558', 'AUD-62', 'Spring-2018', 7, 'CS023'),
('CRN-654', 'I700776559', 'AUD-66', 'Spring-2019', 15, 'CS024'),
('CRN-655', 'I700776560', 'AUD-67', 'Spring-2020', 29, 'CS025'),
('CRN-656', 'I700776561', 'AUD-70', 'Spring-2021', 13, 'CS026'),
('CRN-657', 'I700776562', 'AUD-71', 'Fall-2018', 31, 'CS027'),
('CRN-658', 'I700776563', 'AUD-72', 'Fall-2019', 28, 'CS028'),
('CRN-659', 'I700776564', 'AUD-80', 'Fall-2020', 27, 'CS029'),
('CRN-66', 'I700776471', 'AUD-300', 'Fall-2019', 23, 'CS031'),
('CRN-660', 'I700776565', 'AUD-82', 'Fall-2021', 35, 'CS030'),
('CRN-661', 'I700776566', 'AUD-84', 'Spring-2018', 33, 'CS031'),
('CRN-662', 'I700776567', 'AUD-86', 'Spring-2019', 36, 'CS032'),
('CRN-663', 'I700776568', 'AUD-87', 'Spring-2020', 7, 'CS033'),
('CRN-664', 'I700776569', 'AUD-9', 'Spring-2021', 25, 'CS034'),
('CRN-665', 'I700776570', 'AUD-91', 'Fall-2018', 24, 'CS035'),
('CRN-666', 'I700776571', 'AUD-95', 'Fall-2019', 2, 'CS001'),
('CRN-667', 'I700776572', 'AUD-96', 'Fall-2020', 12, 'CS002'),
('CRN-668', 'I700776573', 'AUD-99', 'Fall-2021', 33, 'CS003'),
('CRN-669', 'I700776574', 'LAB-100', 'Spring-2018', 11, 'CS004'),
('CRN-67', 'I700776472', 'AUD-304', 'Fall-2020', 34, 'CS032'),
('CRN-670', 'I700776575', 'LAB-101', 'Spring-2019', 3, 'CS005'),
('CRN-671', 'I700776576', 'LAB-103', 'Spring-2020', 22, 'CS006'),
('CRN-672', 'I700776577', 'LAB-105', 'Spring-2021', 15, 'CS007'),
('CRN-673', 'I700776578', 'LAB-107', 'Fall-2018', 26, 'CS008'),
('CRN-674', 'I700776579', 'LAB-11', 'Fall-2019', 27, 'CS009'),
('CRN-675', 'I700776580', 'LAB-115', 'Fall-2020', 24, 'CS010'),
('CRN-676', 'I700776581', 'LAB-121', 'Fall-2021', 1, 'CS011'),
('CRN-677', 'I700776582', 'LAB-124', 'Spring-2018', 25, 'CS012'),
('CRN-678', 'I700776583', 'LAB-133', 'Spring-2019', 33, 'CS013'),
('CRN-679', 'I700776584', 'LAB-134', 'Spring-2020', 23, 'CS014'),
('CRN-68', 'I700776473', 'AUD-31', 'Fall-2021', 17, 'CS033'),
('CRN-680', 'I700776585', 'LAB-138', 'Spring-2021', 34, 'CS015'),
('CRN-681', 'I700776586', 'LAB-142', 'Fall-2018', 2, 'CS016'),
('CRN-682', 'I700776587', 'LAB-147', 'Fall-2019', 32, 'CS017'),
('CRN-683', 'I700776588', 'LAB-150', 'Fall-2020', 35, 'CS018'),
('CRN-684', 'I700776589', 'LAB-155', 'Fall-2021', 14, 'CS019'),
('CRN-685', 'I700776590', 'LAB-163', 'Spring-2018', 8, 'CS020'),
('CRN-686', 'I700776591', 'LAB-164', 'Spring-2019', 6, 'CS021'),
('CRN-687', 'I700776592', 'LAB-165', 'Spring-2020', 15, 'CS022'),
('CRN-688', 'I700776593', 'LAB-166', 'Spring-2021', 26, 'CS023'),
('CRN-689', 'I700776594', 'LAB-17', 'Fall-2018', 28, 'CS024'),
('CRN-69', 'I700776474', 'AUD-313', 'Spring-2018', 12, 'CS034'),
('CRN-690', 'I700776595', 'LAB-172', 'Fall-2019', 17, 'CS025'),
('CRN-691', 'I700776596', 'LAB-174', 'Fall-2020', 23, 'CS026'),
('CRN-692', 'I700776597', 'LAB-176', 'Fall-2021', 5, 'CS027'),
('CRN-693', 'I700776598', 'LAB-179', 'Spring-2018', 4, 'CS028'),
('CRN-694', 'I700776599', 'LAB-182', 'Spring-2019', 24, 'CS029'),
('CRN-695', 'I700776600', 'LAB-184', 'Spring-2020', 31, 'CS030'),
('CRN-696', 'I700776601', 'LAB-188', 'Spring-2021', 7, 'CS031'),
('CRN-697', 'I700776602', 'LAB-191', 'Fall-2018', 25, 'CS032'),
('CRN-698', 'I700776603', 'LAB-192', 'Fall-2019', 32, 'CS033'),
('CRN-699', 'I700776604', 'LAB-20', 'Fall-2020', 21, 'CS034'),
('CRN-7', 'I700776412', 'AUD-113', 'Spring-2020', 15, 'CS007'),
('CRN-70', 'I700776475', 'AUD-314', 'Spring-2019', 24, 'CS035'),
('CRN-700', 'I700776605', 'LAB-200', 'Fall-2021', 30, 'CS035'),
('CRN-701', 'I700776606', 'LAB-201', 'Spring-2018', 12, 'CS001'),
('CRN-702', 'I700776607', 'LAB-204', 'Spring-2019', 9, 'CS002'),
('CRN-703', 'I700776608', 'LAB-207', 'Spring-2020', 18, 'CS003'),
('CRN-704', 'I700776609', 'LAB-209', 'Spring-2021', 34, 'CS004'),
('CRN-705', 'I700776610', 'LAB-21', 'Fall-2018', 12, 'CS005'),
('CRN-706', 'I700776611', 'LAB-212', 'Fall-2019', 9, 'CS006'),
('CRN-707', 'I700776612', 'LAB-213', 'Fall-2020', 27, 'CS007'),
('CRN-708', 'I700776613', 'LAB-214', 'Fall-2021', 6, 'CS008'),
('CRN-709', 'I700776614', 'LAB-215', 'Spring-2018', 14, 'CS009'),
('CRN-71', 'I700776476', 'AUD-319', 'Spring-2020', 29, 'CS001'),
('CRN-710', 'I700776615', 'LAB-217', 'Spring-2019', 4, 'CS010'),
('CRN-711', 'I700776616', 'LAB-218', 'Spring-2020', 13, 'CS011'),
('CRN-712', 'I700776617', 'LAB-219', 'Spring-2021', 33, 'CS012'),
('CRN-713', 'I700776618', 'LAB-220', 'Fall-2018', 13, 'CS013'),
('CRN-714', 'I700776619', 'LAB-223', 'Fall-2019', 27, 'CS014'),
('CRN-715', 'I700776620', 'LAB-228', 'Fall-2020', 14, 'CS015'),
('CRN-716', 'I700776621', 'LAB-233', 'Fall-2021', 10, 'CS016'),
('CRN-717', 'I700776622', 'LAB-236', 'Spring-2018', 22, 'CS017'),
('CRN-718', 'I700776623', 'LAB-237', 'Spring-2019', 30, 'CS018'),
('CRN-719', 'I700776624', 'LAB-24', 'Spring-2020', 5, 'CS019'),
('CRN-72', 'I700776477', 'AUD-32', 'Spring-2021', 22, 'CS002'),
('CRN-720', 'I700776625', 'LAB-240', 'Spring-2021', 20, 'CS020'),
('CRN-721', 'I700776626', 'LAB-242', 'Fall-2018', 9, 'CS021'),
('CRN-722', 'I700776627', 'LAB-244', 'Fall-2019', 27, 'CS022'),
('CRN-723', 'I700776628', 'LAB-245', 'Fall-2020', 20, 'CS023'),
('CRN-724', 'I700776629', 'LAB-248', 'Fall-2021', 31, 'CS024'),
('CRN-725', 'I700776630', 'LAB-25', 'Spring-2018', 12, 'CS025'),
('CRN-726', 'I700776631', 'LAB-252', 'Spring-2019', 10, 'CS026'),
('CRN-727', 'I700776632', 'LAB-259', 'Spring-2020', 26, 'CS027'),
('CRN-728', 'I700776633', 'LAB-26', 'Spring-2021', 16, 'CS028'),
('CRN-729', 'I700776634', 'LAB-260', 'Fall-2018', 21, 'CS029'),
('CRN-73', 'I700776478', 'AUD-33', 'Fall-2018', 27, 'CS003'),
('CRN-730', 'I700776635', 'LAB-262', 'Fall-2019', 32, 'CS030'),
('CRN-731', 'I700776636', 'LAB-265', 'Fall-2020', 24, 'CS031'),
('CRN-732', 'I700776637', 'LAB-266', 'Fall-2021', 17, 'CS032'),
('CRN-733', 'I700776638', 'LAB-268', 'Spring-2018', 14, 'CS033'),
('CRN-734', 'I700776639', 'LAB-274', 'Spring-2019', 32, 'CS034'),
('CRN-735', 'I700776640', 'LAB-276', 'Spring-2020', 4, 'CS035'),
('CRN-736', 'I700776641', 'LAB-282', 'Spring-2021', 16, 'CS001'),
('CRN-737', 'I700776642', 'LAB-285', 'Fall-2018', 34, 'CS002'),
('CRN-738', 'I700776643', 'LAB-287', 'Fall-2019', 17, 'CS003'),
('CRN-739', 'I700776644', 'LAB-289', 'Fall-2020', 12, 'CS004'),
('CRN-74', 'I700776479', 'AUD-330', 'Fall-2019', 30, 'CS004'),
('CRN-740', 'I700776645', 'LAB-292', 'Fall-2021', 24, 'CS005'),
('CRN-741', 'I700776646', 'LAB-296', 'Spring-2018', 31, 'CS006'),
('CRN-742', 'I700776647', 'LAB-297', 'Spring-2019', 30, 'CS007'),
('CRN-743', 'I700776648', 'LAB-299', 'Spring-2020', 12, 'CS008'),
('CRN-744', 'I700776649', 'LAB-303', 'Spring-2021', 32, 'CS009'),
('CRN-745', 'I700776650', 'LAB-306', 'Fall-2018', 33, 'CS010'),
('CRN-746', 'I700776651', 'LAB-307', 'Fall-2019', 23, 'CS011'),
('CRN-747', 'I700776652', 'LAB-312', 'Fall-2020', 25, 'CS012'),
('CRN-748', 'I700776653', 'LAB-315', 'Fall-2021', 25, 'CS013'),
('CRN-749', 'I700776654', 'LAB-318', 'Spring-2018', 23, 'CS014'),
('CRN-75', 'I700776480', 'AUD-337', 'Fall-2020', 18, 'CS005'),
('CRN-750', 'I700776655', 'LAB-320', 'Spring-2019', 29, 'CS015'),
('CRN-751', 'I700776656', 'LAB-323', 'Spring-2020', 31, 'CS016'),
('CRN-752', 'I700776657', 'LAB-324', 'Spring-2021', 10, 'CS017'),
('CRN-753', 'I700776658', 'LAB-326', 'Fall-2018', 20, 'CS018'),
('CRN-754', 'I700776659', 'LAB-327', 'Fall-2019', 3, 'CS019'),
('CRN-755', 'I700776660', 'LAB-332', 'Fall-2020', 12, 'CS020'),
('CRN-756', 'I700776661', 'LAB-334', 'Fall-2021', 24, 'CS021'),
('CRN-757', 'I700776662', 'LAB-335', 'Spring-2018', 5, 'CS022'),
('CRN-758', 'I700776663', 'LAB-336', 'Spring-2019', 29, 'CS023'),
('CRN-759', 'I700776664', 'LAB-342', 'Spring-2020', 27, 'CS024'),
('CRN-76', 'I700776481', 'AUD-338', 'Fall-2021', 13, 'CS006'),
('CRN-760', 'I700776665', 'LAB-343', 'Spring-2021', 12, 'CS025'),
('CRN-761', 'I700776666', 'LAB-345', 'Fall-2018', 9, 'CS026'),
('CRN-762', 'I700776667', 'LAB-347', 'Fall-2019', 35, 'CS027'),
('CRN-763', 'I700776668', 'LAB-349', 'Fall-2020', 3, 'CS028'),
('CRN-764', 'I700776669', 'LAB-35', 'Fall-2021', 34, 'CS029'),
('CRN-765', 'I700776670', 'LAB-356', 'Spring-2018', 1, 'CS030'),
('CRN-766', 'I700776671', 'LAB-358', 'Spring-2019', 34, 'CS031'),
('CRN-767', 'I700776672', 'LAB-36', 'Spring-2020', 33, 'CS032'),
('CRN-768', 'I700776673', 'LAB-361', 'Spring-2021', 21, 'CS033'),
('CRN-769', 'I700776674', 'LAB-362', 'Fall-2018', 30, 'CS034'),
('CRN-77', 'I700776482', 'AUD-339', 'Spring-2018', 3, 'CS007'),
('CRN-770', 'I700776675', 'LAB-367', 'Fall-2019', 21, 'CS035'),
('CRN-771', 'I700776676', 'LAB-370', 'Fall-2020', 6, 'CS001'),
('CRN-772', 'I700776677', 'LAB-372', 'Fall-2021', 33, 'CS002'),
('CRN-773', 'I700776678', 'LAB-375', 'Spring-2018', 11, 'CS003'),
('CRN-774', 'I700776679', 'LAB-376', 'Spring-2019', 3, 'CS004'),
('CRN-775', 'I700776680', 'LAB-377', 'Spring-2020', 10, 'CS005'),
('CRN-776', 'I700776681', 'LAB-380', 'Spring-2021', 17, 'CS006'),
('CRN-777', 'I700776682', 'LAB-382', 'Fall-2018', 8, 'CS007'),
('CRN-778', 'I700776683', 'LAB-384', 'Fall-2019', 8, 'CS008'),
('CRN-779', 'I700776684', 'LAB-385', 'Fall-2020', 22, 'CS009'),
('CRN-78', 'I700776483', 'AUD-340', 'Spring-2019', 22, 'CS008'),
('CRN-780', 'I700776685', 'LAB-393', 'Fall-2021', 27, 'CS010'),
('CRN-781', 'I700776686', 'LAB-399', 'Spring-2018', 24, 'CS011'),
('CRN-782', 'I700776687', 'LAB-4', 'Spring-2019', 14, 'CS012'),
('CRN-783', 'I700776688', 'LAB-400', 'Spring-2020', 30, 'CS013'),
('CRN-784', 'I700776689', 'LAB-401', 'Spring-2021', 30, 'CS014'),
('CRN-785', 'I700776690', 'LAB-403', 'Fall-2018', 11, 'CS015'),
('CRN-786', 'I700776691', 'LAB-407', 'Fall-2019', 15, 'CS016'),
('CRN-787', 'I700776692', 'LAB-410', 'Fall-2020', 36, 'CS017'),
('CRN-788', 'I700776693', 'LAB-413', 'Fall-2021', 24, 'CS018'),
('CRN-789', 'I700776694', 'LAB-415', 'Spring-2018', 5, 'CS019'),
('CRN-79', 'I700776484', 'AUD-341', 'Spring-2020', 2, 'CS009'),
('CRN-790', 'I700776695', 'LAB-418', 'Spring-2019', 35, 'CS020'),
('CRN-791', 'I700776696', 'LAB-419', 'Spring-2020', 26, 'CS021'),
('CRN-792', 'I700776697', 'LAB-420', 'Spring-2021', 15, 'CS022'),
('CRN-793', 'I700776698', 'LAB-421', 'Fall-2018', 17, 'CS023'),
('CRN-794', 'I700776699', 'LAB-425', 'Fall-2019', 8, 'CS024'),
('CRN-795', 'I700776700', 'LAB-43', 'Fall-2020', 19, 'CS025'),
('CRN-796', 'I700776701', 'LAB-44', 'Fall-2021', 31, 'CS026'),
('CRN-797', 'I700776702', 'LAB-447', 'Spring-2018', 12, 'CS027'),
('CRN-798', 'I700776703', 'LAB-452', 'Spring-2019', 23, 'CS028'),
('CRN-799', 'I700776704', 'LAB-453', 'Spring-2020', 25, 'CS029'),
('CRN-8', 'I700776413', 'AUD-117', 'Spring-2021', 27, 'CS008'),
('CRN-80', 'I700776485', 'AUD-344', 'Spring-2021', 25, 'CS010'),
('CRN-800', 'I700776705', 'LAB-454', 'Spring-2021', 7, 'CS030'),
('CRN-801', 'I700776706', 'LAB-455', 'Fall-2018', 12, 'CS031'),
('CRN-802', 'I700776707', 'LAB-457', 'Fall-2019', 12, 'CS032'),
('CRN-803', 'I700776708', 'LAB-460', 'Fall-2020', 20, 'CS033'),
('CRN-804', 'I700776709', 'LAB-463', 'Fall-2021', 15, 'CS034'),
('CRN-805', 'I700776710', 'LAB-468', 'Spring-2018', 30, 'CS035'),
('CRN-806', 'I700776711', 'LAB-470', 'Spring-2019', 30, 'CS001'),
('CRN-807', 'I700776712', 'LAB-476', 'Spring-2020', 9, 'CS002'),
('CRN-808', 'I700776713', 'LAB-477', 'Spring-2021', 12, 'CS003'),
('CRN-809', 'I700776714', 'LAB-478', 'Fall-2018', 16, 'CS004'),
('CRN-81', 'I700776486', 'AUD-346', 'Fall-2018', 16, 'CS011'),
('CRN-810', 'I700776715', 'LAB-48', 'Fall-2019', 35, 'CS005'),
('CRN-811', 'I700776716', 'LAB-481', 'Fall-2020', 19, 'CS006'),
('CRN-812', 'I700776717', 'LAB-484', 'Fall-2021', 2, 'CS007'),
('CRN-813', 'I700776718', 'LAB-493', 'Spring-2018', 26, 'CS008'),
('CRN-814', 'I700776719', 'LAB-494', 'Spring-2019', 33, 'CS009');
INSERT INTO `class` (`CRN`, `FacultyID`, `RoomID`, `SemesterID`, `TimeslotID`, `CourseID`) VALUES
('CRN-815', 'I700776720', 'LAB-495', 'Spring-2020', 30, 'CS010'),
('CRN-816', 'I700776721', 'LAB-496', 'Spring-2021', 20, 'CS011'),
('CRN-817', 'I700776722', 'LAB-498', 'Fall-2018', 9, 'CS012'),
('CRN-818', 'I700776723', 'LAB-51', 'Fall-2019', 27, 'CS013'),
('CRN-819', 'I700776724', 'LAB-6', 'Fall-2020', 31, 'CS014'),
('CRN-82', 'I700776487', 'AUD-350', 'Fall-2019', 10, 'CS012'),
('CRN-820', 'I700776725', 'LAB-61', 'Fall-2021', 7, 'CS015'),
('CRN-821', 'I700776726', 'LAB-63', 'Spring-2018', 21, 'CS016'),
('CRN-822', 'I700776727', 'LAB-65', 'Spring-2019', 32, 'CS017'),
('CRN-823', 'I700776728', 'LAB-69', 'Spring-2020', 18, 'CS018'),
('CRN-824', 'I700776729', 'LAB-73', 'Spring-2021', 26, 'CS019'),
('CRN-825', 'I700776730', 'LAB-75', 'Fall-2018', 19, 'CS020'),
('CRN-826', 'I700776731', 'LAB-78', 'Fall-2019', 12, 'CS021'),
('CRN-827', 'I700776732', 'LAB-8', 'Fall-2020', 18, 'CS022'),
('CRN-828', 'I700776733', 'LAB-81', 'Fall-2021', 2, 'CS023'),
('CRN-829', 'I700776734', 'LAB-83', 'Spring-2018', 17, 'CS024'),
('CRN-83', 'I700776488', 'AUD-351', 'Fall-2020', 24, 'CS013'),
('CRN-830', 'I700776735', 'LAB-89', 'Spring-2019', 27, 'CS025'),
('CRN-831', 'I700776736', 'LAB-90', 'Spring-2020', 2, 'CS026'),
('CRN-832', 'I700776737', 'LAB-92', 'Spring-2021', 9, 'CS027'),
('CRN-833', 'I700776738', 'LAB-93', 'Fall-2018', 13, 'CS028'),
('CRN-834', 'I700776739', 'LAB-94', 'Fall-2019', 25, 'CS029'),
('CRN-835', 'I700776740', 'LAB-98', 'Fall-2020', 31, 'CS030'),
('CRN-836', 'I700776741', 'ROOM-102', 'Fall-2021', 2, 'CS031'),
('CRN-837', 'I700776742', 'ROOM-108', 'Spring-2018', 6, 'CS032'),
('CRN-838', 'I700776743', 'ROOM-110', 'Spring-2019', 11, 'CS033'),
('CRN-839', 'I700776744', 'ROOM-111', 'Spring-2020', 10, 'CS034'),
('CRN-84', 'I700776489', 'AUD-352', 'Fall-2021', 11, 'CS014'),
('CRN-840', 'I700776745', 'ROOM-114', 'Spring-2021', 16, 'CS035'),
('CRN-841', 'I700776746', 'ROOM-116', 'Fall-2018', 29, 'CS001'),
('CRN-842', 'I700776747', 'ROOM-119', 'Fall-2019', 20, 'CS002'),
('CRN-843', 'I700776748', 'ROOM-120', 'Fall-2020', 16, 'CS003'),
('CRN-844', 'I700776749', 'ROOM-125', 'Fall-2021', 5, 'CS004'),
('CRN-845', 'I700776750', 'ROOM-126', 'Spring-2018', 7, 'CS005'),
('CRN-846', 'I700776751', 'ROOM-127', 'Spring-2019', 20, 'CS006'),
('CRN-847', 'I700776752', 'ROOM-128', 'Spring-2020', 17, 'CS007'),
('CRN-848', 'I700776753', 'ROOM-129', 'Spring-2021', 25, 'CS008'),
('CRN-849', 'I700776754', 'ROOM-130', 'Fall-2018', 8, 'CS009'),
('CRN-85', 'I700776490', 'AUD-353', 'Spring-2018', 21, 'CS015'),
('CRN-850', 'I700776755', 'ROOM-14', 'Fall-2019', 23, 'CS010'),
('CRN-851', 'I700776756', 'ROOM-140', 'Fall-2020', 7, 'CS011'),
('CRN-852', 'I700776757', 'ROOM-143', 'Fall-2021', 17, 'CS012'),
('CRN-853', 'I700776758', 'ROOM-145', 'Spring-2018', 13, 'CS013'),
('CRN-854', 'I700776759', 'ROOM-146', 'Spring-2019', 25, 'CS014'),
('CRN-855', 'I700776760', 'ROOM-148', 'Spring-2020', 29, 'CS015'),
('CRN-856', 'I700776761', 'ROOM-149', 'Spring-2021', 31, 'CS016'),
('CRN-857', 'I700776762', 'ROOM-152', 'Fall-2018', 7, 'CS017'),
('CRN-858', 'I700776763', 'ROOM-153', 'Fall-2019', 18, 'CS018'),
('CRN-859', 'I700776764', 'ROOM-156', 'Fall-2020', 19, 'CS019'),
('CRN-86', 'I700776491', 'AUD-355', 'Spring-2019', 23, 'CS016'),
('CRN-860', 'I700776765', 'ROOM-158', 'Fall-2021', 25, 'CS020'),
('CRN-861', 'I700776766', 'ROOM-159', 'Spring-2018', 6, 'CS021'),
('CRN-862', 'I700776767', 'ROOM-16', 'Spring-2019', 23, 'CS022'),
('CRN-863', 'I700776768', 'ROOM-169', 'Spring-2020', 4, 'CS023'),
('CRN-864', 'I700776769', 'ROOM-170', 'Spring-2021', 11, 'CS024'),
('CRN-865', 'I700776770', 'ROOM-171', 'Fall-2018', 21, 'CS025'),
('CRN-866', 'I700776771', 'ROOM-173', 'Fall-2019', 31, 'CS026'),
('CRN-867', 'I700776772', 'ROOM-185', 'Fall-2020', 35, 'CS027'),
('CRN-868', 'I700776773', 'ROOM-190', 'Fall-2021', 24, 'CS028'),
('CRN-869', 'I700776774', 'ROOM-193', 'Spring-2018', 24, 'CS029'),
('CRN-87', 'I700776492', 'AUD-357', 'Spring-2020', 31, 'CS017'),
('CRN-870', 'I700776775', 'ROOM-195', 'Spring-2019', 2, 'CS030'),
('CRN-871', 'I700776776', 'ROOM-196', 'Spring-2020', 21, 'CS031'),
('CRN-872', 'I700776777', 'ROOM-198', 'Spring-2021', 9, 'CS032'),
('CRN-873', 'I700776778', 'ROOM-2', 'Fall-2018', 4, 'CS033'),
('CRN-874', 'I700776779', 'ROOM-202', 'Fall-2019', 31, 'CS034'),
('CRN-875', 'I700776780', 'ROOM-203', 'Fall-2020', 11, 'CS035'),
('CRN-876', 'I700776781', 'ROOM-205', 'Fall-2021', 24, 'CS001'),
('CRN-877', 'I700776782', 'ROOM-206', 'Spring-2018', 21, 'CS002'),
('CRN-878', 'I700776783', 'ROOM-210', 'Spring-2019', 6, 'CS003'),
('CRN-879', 'I700776784', 'ROOM-211', 'Spring-2020', 21, 'CS004'),
('CRN-88', 'I700776493', 'AUD-363', 'Spring-2021', 28, 'CS018'),
('CRN-880', 'I700776785', 'ROOM-22', 'Spring-2021', 17, 'CS005'),
('CRN-881', 'I700776786', 'ROOM-222', 'Fall-2018', 8, 'CS006'),
('CRN-882', 'I700776787', 'ROOM-224', 'Fall-2019', 27, 'CS007'),
('CRN-883', 'I700776788', 'ROOM-225', 'Fall-2020', 4, 'CS008'),
('CRN-884', 'I700776789', 'ROOM-226', 'Fall-2021', 31, 'CS009'),
('CRN-885', 'I700776790', 'ROOM-227', 'Spring-2018', 34, 'CS010'),
('CRN-886', 'I700776791', 'ROOM-229', 'Spring-2019', 9, 'CS011'),
('CRN-887', 'I700776792', 'ROOM-234', 'Spring-2020', 36, 'CS012'),
('CRN-888', 'I700776793', 'ROOM-238', 'Spring-2021', 22, 'CS013'),
('CRN-889', 'I700776794', 'ROOM-239', 'Fall-2018', 20, 'CS014'),
('CRN-89', 'I700776494', 'AUD-368', 'Fall-2018', 13, 'CS019'),
('CRN-890', 'I700776795', 'ROOM-241', 'Fall-2019', 10, 'CS015'),
('CRN-891', 'I700776796', 'ROOM-247', 'Fall-2020', 23, 'CS016'),
('CRN-892', 'I700776797', 'ROOM-251', 'Fall-2021', 18, 'CS017'),
('CRN-893', 'I700776798', 'ROOM-254', 'Spring-2018', 1, 'CS018'),
('CRN-894', 'I700776799', 'ROOM-255', 'Spring-2019', 27, 'CS019'),
('CRN-895', 'I700776800', 'ROOM-257', 'Spring-2020', 1, 'CS020'),
('CRN-896', 'I700776801', 'ROOM-258', 'Spring-2021', 35, 'CS021'),
('CRN-897', 'I700776802', 'ROOM-261', 'Fall-2018', 33, 'CS022'),
('CRN-898', 'I700776803', 'ROOM-263', 'Fall-2019', 2, 'CS023'),
('CRN-899', 'I700776804', 'ROOM-269', 'Fall-2020', 14, 'CS024'),
('CRN-9', 'I700776414', 'AUD-118', 'Fall-2018', 30, 'CS009'),
('CRN-90', 'I700776495', 'AUD-369', 'Fall-2019', 21, 'CS020'),
('CRN-900', 'I700776805', 'ROOM-270', 'Fall-2021', 21, 'CS025'),
('CRN-901', 'I700776806', 'ROOM-273', 'Spring-2018', 11, 'CS026'),
('CRN-902', 'I700776807', 'ROOM-275', 'Spring-2019', 5, 'CS027'),
('CRN-903', 'I700776808', 'ROOM-277', 'Spring-2020', 20, 'CS028'),
('CRN-904', 'I700776809', 'ROOM-278', 'Spring-2021', 23, 'CS029'),
('CRN-905', 'I700776810', 'ROOM-279', 'Fall-2018', 19, 'CS030'),
('CRN-906', 'I700776811', 'ROOM-28', 'Fall-2019', 28, 'CS031'),
('CRN-907', 'I700776812', 'ROOM-280', 'Fall-2020', 17, 'CS032'),
('CRN-908', 'I700776813', 'ROOM-281', 'Fall-2021', 20, 'CS033'),
('CRN-909', 'I700776814', 'ROOM-283', 'Spring-2018', 9, 'CS034'),
('CRN-91', 'I700776496', 'AUD-373', 'Fall-2020', 14, 'CS021'),
('CRN-910', 'I700776815', 'ROOM-284', 'Spring-2019', 8, 'CS035'),
('CRN-911', 'I700776816', 'ROOM-286', 'Spring-2020', 6, 'CS001'),
('CRN-912', 'I700776817', 'ROOM-288', 'Spring-2021', 12, 'CS002'),
('CRN-913', 'I700776818', 'ROOM-290', 'Fall-2018', 28, 'CS003'),
('CRN-914', 'I700776819', 'ROOM-291', 'Fall-2019', 6, 'CS004'),
('CRN-915', 'I700776820', 'ROOM-293', 'Fall-2020', 27, 'CS005'),
('CRN-916', 'I700776821', 'ROOM-294', 'Fall-2021', 18, 'CS006'),
('CRN-917', 'I700776822', 'ROOM-298', 'Spring-2018', 33, 'CS007'),
('CRN-918', 'I700776823', 'ROOM-3', 'Spring-2019', 34, 'CS008'),
('CRN-919', 'I700776824', 'ROOM-30', 'Spring-2020', 32, 'CS009'),
('CRN-92', 'I700776497', 'AUD-374', 'Fall-2021', 14, 'CS022'),
('CRN-920', 'I700776825', 'ROOM-301', 'Spring-2021', 6, 'CS010'),
('CRN-921', 'I700776826', 'ROOM-302', 'Fall-2018', 20, 'CS011'),
('CRN-922', 'I700776827', 'ROOM-305', 'Fall-2019', 17, 'CS012'),
('CRN-923', 'I700776828', 'ROOM-308', 'Fall-2020', 21, 'CS013'),
('CRN-924', 'I700776829', 'ROOM-309', 'Fall-2021', 10, 'CS014'),
('CRN-925', 'I700776830', 'ROOM-310', 'Spring-2018', 25, 'CS015'),
('CRN-926', 'I700776831', 'ROOM-311', 'Spring-2019', 10, 'CS016'),
('CRN-927', 'I700776832', 'ROOM-316', 'Spring-2020', 24, 'CS017'),
('CRN-928', 'I700776833', 'ROOM-317', 'Spring-2021', 22, 'CS018'),
('CRN-929', 'I700776834', 'ROOM-321', 'Fall-2018', 7, 'CS019'),
('CRN-93', 'I700776498', 'AUD-378', 'Spring-2018', 2, 'CS023'),
('CRN-930', 'I700776835', 'ROOM-322', 'Fall-2019', 33, 'CS020'),
('CRN-931', 'I700776836', 'ROOM-325', 'Fall-2020', 25, 'CS021'),
('CRN-932', 'I700776837', 'ROOM-328', 'Fall-2021', 24, 'CS022'),
('CRN-933', 'I700776838', 'ROOM-329', 'Spring-2018', 17, 'CS023'),
('CRN-934', 'I700776839', 'ROOM-331', 'Spring-2019', 24, 'CS024'),
('CRN-935', 'I700776840', 'ROOM-333', 'Spring-2020', 3, 'CS025'),
('CRN-936', 'I700776841', 'ROOM-34', 'Spring-2021', 32, 'CS026'),
('CRN-937', 'I700776842', 'ROOM-348', 'Fall-2018', 5, 'CS027'),
('CRN-938', 'I700776843', 'ROOM-354', 'Fall-2019', 22, 'CS028'),
('CRN-939', 'I700776844', 'ROOM-359', 'Fall-2020', 7, 'CS029'),
('CRN-94', 'I700776499', 'AUD-379', 'Spring-2019', 10, 'CS024'),
('CRN-940', 'I700776845', 'ROOM-360', 'Fall-2021', 11, 'CS030'),
('CRN-941', 'I700776846', 'ROOM-364', 'Spring-2018', 28, 'CS031'),
('CRN-942', 'I700776847', 'ROOM-365', 'Spring-2019', 18, 'CS032'),
('CRN-943', 'I700776848', 'ROOM-366', 'Spring-2020', 26, 'CS033'),
('CRN-944', 'I700776849', 'ROOM-37', 'Spring-2021', 8, 'CS034'),
('CRN-945', 'I700776850', 'ROOM-371', 'Fall-2018', 2, 'CS035'),
('CRN-946', 'I700776851', 'ROOM-383', 'Fall-2019', 15, 'CS001'),
('CRN-947', 'I700776852', 'ROOM-387', 'Fall-2020', 1, 'CS002'),
('CRN-948', 'I700776853', 'ROOM-39', 'Fall-2021', 17, 'CS003'),
('CRN-949', 'I700776854', 'ROOM-395', 'Spring-2018', 23, 'CS004'),
('CRN-95', 'I700776500', 'AUD-38', 'Spring-2020', 25, 'CS025'),
('CRN-950', 'I700776855', 'ROOM-406', 'Spring-2019', 7, 'CS005'),
('CRN-951', 'I700776856', 'ROOM-409', 'Spring-2020', 19, 'CS006'),
('CRN-952', 'I700776857', 'ROOM-41', 'Spring-2021', 3, 'CS007'),
('CRN-953', 'I700776858', 'ROOM-412', 'Fall-2018', 16, 'CS008'),
('CRN-954', 'I700776859', 'ROOM-416', 'Fall-2019', 27, 'CS009'),
('CRN-955', 'I700776860', 'ROOM-417', 'Fall-2020', 18, 'CS010'),
('CRN-956', 'I700776861', 'ROOM-426', 'Fall-2021', 36, 'CS011'),
('CRN-957', 'I700776862', 'ROOM-427', 'Spring-2018', 21, 'CS012'),
('CRN-958', 'I700776863', 'ROOM-435', 'Spring-2019', 22, 'CS013'),
('CRN-959', 'I700776864', 'ROOM-436', 'Spring-2020', 12, 'CS014'),
('CRN-96', 'I700776501', 'AUD-381', 'Spring-2021', 4, 'CS026'),
('CRN-960', 'I700776865', 'ROOM-437', 'Spring-2021', 32, 'CS015'),
('CRN-961', 'I700776866', 'ROOM-439', 'Fall-2018', 35, 'CS016'),
('CRN-962', 'I700776867', 'ROOM-441', 'Fall-2019', 25, 'CS017'),
('CRN-963', 'I700776868', 'ROOM-442', 'Fall-2020', 10, 'CS018'),
('CRN-964', 'I700776869', 'ROOM-443', 'Fall-2021', 35, 'CS019'),
('CRN-965', 'I700776870', 'ROOM-444', 'Spring-2018', 22, 'CS020'),
('CRN-966', 'I700776871', 'ROOM-448', 'Spring-2019', 5, 'CS021'),
('CRN-967', 'I700776872', 'ROOM-449', 'Spring-2020', 2, 'CS022'),
('CRN-968', 'I700776873', 'ROOM-45', 'Spring-2021', 3, 'CS023'),
('CRN-969', 'I700776874', 'ROOM-458', 'Fall-2018', 36, 'CS024'),
('CRN-97', 'I700776502', 'AUD-386', 'Fall-2018', 34, 'CS027'),
('CRN-970', 'I700776875', 'ROOM-459', 'Fall-2019', 3, 'CS025'),
('CRN-971', 'I700776876', 'ROOM-46', 'Fall-2020', 35, 'CS026'),
('CRN-972', 'I700776877', 'ROOM-462', 'Fall-2021', 18, 'CS027'),
('CRN-973', 'I700776878', 'ROOM-465', 'Spring-2018', 7, 'CS028'),
('CRN-974', 'I700776879', 'ROOM-467', 'Spring-2019', 2, 'CS029'),
('CRN-975', 'I700776880', 'ROOM-471', 'Spring-2020', 20, 'CS030'),
('CRN-976', 'I700776881', 'ROOM-472', 'Spring-2021', 34, 'CS031'),
('CRN-977', 'I700776882', 'ROOM-475', 'Fall-2018', 15, 'CS032'),
('CRN-978', 'I700776883', 'ROOM-483', 'Fall-2019', 23, 'CS033'),
('CRN-979', 'I700776884', 'ROOM-486', 'Fall-2020', 2, 'CS034'),
('CRN-98', 'I700776503', 'AUD-388', 'Fall-2019', 6, 'CS028'),
('CRN-980', 'I700776885', 'ROOM-487', 'Fall-2021', 29, 'CS035'),
('CRN-981', 'I700776886', 'ROOM-488', 'Spring-2018', 19, 'CS001'),
('CRN-982', 'I700776887', 'ROOM-489', 'Spring-2019', 7, 'CS002'),
('CRN-983', 'I700776888', 'ROOM-49', 'Spring-2020', 24, 'CS003'),
('CRN-984', 'I700776889', 'ROOM-491', 'Spring-2021', 7, 'CS004'),
('CRN-985', 'I700776890', 'ROOM-497', 'Fall-2018', 11, 'CS005'),
('CRN-986', 'I700776891', 'ROOM-50', 'Fall-2019', 9, 'CS006'),
('CRN-987', 'I700776892', 'ROOM-500', 'Fall-2020', 16, 'CS007'),
('CRN-988', 'I700776893', 'ROOM-52', 'Fall-2021', 6, 'CS008'),
('CRN-989', 'I700776894', 'ROOM-57', 'Spring-2018', 15, 'CS009'),
('CRN-99', 'I700776504', 'AUD-389', 'Fall-2020', 7, 'CS029'),
('CRN-990', 'I700776895', 'ROOM-59', 'Spring-2019', 34, 'CS010'),
('CRN-991', 'I700776896', 'ROOM-64', 'Spring-2020', 13, 'CS011'),
('CRN-992', 'I700776897', 'ROOM-68', 'Spring-2021', 4, 'CS012'),
('CRN-993', 'I700776898', 'ROOM-7', 'Fall-2018', 8, 'CS013'),
('CRN-994', 'I700776899', 'ROOM-74', 'Fall-2019', 6, 'CS014'),
('CRN-995', 'I700776900', 'ROOM-76', 'Fall-2020', 6, 'CS015'),
('CRN-996', 'I700776901', 'ROOM-77', 'Fall-2021', 27, 'CS016'),
('CRN-997', 'I700776902', 'ROOM-79', 'Spring-2018', 13, 'CS017'),
('CRN-998', 'I700776903', 'ROOM-85', 'Spring-2019', 32, 'CS018'),
('CRN-999', 'I700776904', 'ROOM-88', 'Spring-2020', 30, 'CS019'),
('Xd401', 'I700776406', 'AUD-139', 'Fall-2018', 20, 'CS016');

-- --------------------------------------------------------

--
-- Table structure for table `courses`
--

CREATE TABLE `courses` (
  `CourseID` varchar(10) NOT NULL,
  `Title` varchar(50) DEFAULT NULL,
  `Section` int(2) DEFAULT NULL,
  `CreditHours` int(11) DEFAULT NULL,
  `DeptID` varchar(10) DEFAULT NULL
) ENGINE=InnoDB DEFAULT CHARSET=latin1;

--
-- Dumping data for table `courses`
--

INSERT INTO `courses` (`CourseID`, `Title`, `Section`, `CreditHours`, `DeptID`) VALUES
('CS001', 'Computer Programming I', 1, 3, 'Dept-14'),
('CS002', 'Computer Programming II', 1, 3, 'Dept-14'),
('CS003', 'Computer Architecture I', 2, 4, 'Dept-6'),
('CS004', 'Data Structures & Algorithms', 2, 4, 'Dept-10'),
('CS005', 'Java and Object-Oriented Programming', 2, 4, 'Dept-11'),
('CS006', 'Technical Communications', 1, 3, 'Dept-15'),
('CS007', 'Software Engineering', 2, 4, 'Dept-13'),
('CS008', 'Database Management Systems', 2, 4, 'Dept-15'),
('CS009', 'Internet & Web Tech', 2, 4, 'Dept-12'),
('CS010', 'Systems Design & Implement', 1, 3, 'Dept-12'),
('CS011', ' Themes in U.S. History', 1, 3, 'Dept-11'),
('CS012', ' American People I', 2, 4, 'Dept-10'),
('CS013', ' American People II', 1, 3, 'Dept-13'),
('CS014', ' Intro to Journalism & Media', 1, 3, 'Dept-15'),
('CS015', ' History of Mass Media', 2, 4, 'Dept-1'),
('CS016', ' African-Americans & Mass Media', 2, 4, 'Dept-11'),
('CS017', ' Immigration Today', 1, 3, 'Dept-12'),
('CS018', ' Investigative Reporting', 1, 3, 'Dept-10'),
('CS019', ' TV:Advanced Production', 1, 3, 'Dept-13'),
('CS020', ' Abolitionism & Hip Hop Art', 1, 3, 'Dept-13'),
('CS021', ' Biology for Non-Science Majors', 1, 3, 'Dept-3'),
('CS022', ' Anatomy & Physiology I Lecture', 2, 4, 'Dept-16'),
('CS023', ' Basic Bio Sciences I', 1, 3, 'Dept-4'),
('CS024', ' Basic Bio Sciences II', 1, 3, 'Dept-7'),
('CS025', ' Vertebrate Physiology', 2, 4, 'Dept-16'),
('CS026', ' Plant Biology', 1, 3, 'Dept-4'),
('CS027', ' Comparative Anatomy', 1, 3, 'Dept-15'),
('CS028', ' Comparative Genomics Lecture', 2, 4, 'Dept-11'),
('CS029', ' Cell Biology', 2, 4, 'Dept-7'),
('CS030', ' Microbiology', 2, 4, 'Dept-4'),
('CS031', ' Intro to Criminology', 1, 3, 'Dept-16'),
('CS032', ' Juvenile Delinquency', 2, 4, 'Dept-16'),
('CS033', ' Victimology', 1, 3, 'Dept-10'),
('CS034', 'Drugs and Society', 2, 4, 'Dept-14'),
('CS035', 'Crime  Media and Culture', 2, 4, 'Dept-5');

-- --------------------------------------------------------

--
-- Table structure for table `day`
--

CREATE TABLE `day` (
  `Day` int(11) NOT NULL,
  `DayOfWeek` varchar(20) DEFAULT NULL
) ENGINE=InnoDB DEFAULT CHARSET=latin1;

--
-- Dumping data for table `day`
--

INSERT INTO `day` (`Day`, `DayOfWeek`) VALUES
(1, 'Monday'),
(2, 'Tuesday'),
(3, 'Wednesday'),
(4, 'Thursday'),
(5, 'Friday'),
(6, 'Saturday'),
(7, 'Sunday');

-- --------------------------------------------------------

--
-- Table structure for table `department`
--

CREATE TABLE `department` (
  `DeptID` varchar(10) NOT NULL,
  `Name` varchar(100) DEFAULT NULL,
  `Contact` varchar(25) DEFAULT NULL,
  `Chairman` varchar(50) DEFAULT NULL,
  `Manager` varchar(50) DEFAULT NULL,
  `RoomID` varchar(10) DEFAULT NULL
) ENGINE=InnoDB DEFAULT CHARSET=latin1;

--
-- Dumping data for table `department`
--

INSERT INTO `department` (`DeptID`, `Name`, `Contact`, `Chairman`, `Manager`, `RoomID`) VALUES
('Dept-1', 'Department of Communication & Media Research', '323-558-0944', 'Bram Spearett', 'Bram', 'ROOM-2'),
('Dept-10', 'Department of Economics', '348-335-3936', 'Fidel Prestedge', 'Fidel', 'ROOM-37'),
('Dept-11', 'Centre for South Asian Studies', '178-412-5377', 'Torin Grasha', 'Torin', 'ROOM-39'),
('Dept-12', 'Department of Archaeology', '965-219-4707', 'Merry Wasselin', 'Merry', 'ROOM-41'),
('Dept-13', 'Department of French', '272-390-4734', 'Ber Edgar', 'Ber', 'ROOM-45'),
('Dept-14', 'Department of History & Pakistan Studies', '417-631-7804', 'Elia De Hooge', 'Elia', 'ROOM-46'),
('Dept-15', 'Department of Philosophy', '855-745-4527', 'Antons Toderini', 'Antons', 'ROOM-49'),
('Dept-16', 'Department of Sports Sciences & Physical Education', '468-898-4018', 'Zacherie McAuslene', 'Zacherie', 'ROOM-50'),
('Dept-2', 'Department of Development CommunicationDepartment of Digital Media', '432-919-6429', 'Britt Blesdill', 'Britt', 'ROOM-3'),
('Dept-3', 'Department of Film and Broadcasting', '911-432-8326', 'Herbie MacQuaker', 'Herbie', 'ROOM-7'),
('Dept-4', 'Department of Journalism', '853-777-1837', 'Alf Corradini', 'Alf', 'ROOM-14'),
('Dept-5', 'Department of Public Relations & Advertising', '456-972-5486', 'Tymon Klarzynski', 'Tymon', 'ROOM-16'),
('Dept-6', 'Institute of Information Management', '740-432-8910', 'Justin Kitto', 'Justin', 'ROOM-22'),
('Dept-7', 'Department of Business Economics', '345-923-0072', 'Artemus O\'Scully', 'Artemus', 'ROOM-28'),
('Dept-8', 'Department of Econometrics and Quantitative Methods', '449-994-4439', 'Theobald Cursons', 'Theobald', 'ROOM-30'),
('Dept-9', 'Department of Economic Policy and Public Finance', '156-817-7769', 'Heall Verney', 'Heall', 'ROOM-34');

-- --------------------------------------------------------

--
-- Table structure for table `enrollment`
--

CREATE TABLE `enrollment` (
  `StudentID` varchar(10) NOT NULL,
  `CRN` varchar(10) NOT NULL,
  `GRADE` varchar(2) DEFAULT NULL
) ENGINE=InnoDB DEFAULT CHARSET=latin1;

--
-- Dumping data for table `enrollment`
--

INSERT INTO `enrollment` (`StudentID`, `CRN`, `GRADE`) VALUES
('I700777406', 'CRN-949', 'D'),
('I700777407', 'CRN-838', 'B-'),
('I700777408', 'CRN-106', 'A'),
('I700777409', 'CRN-874', 'D'),
('I700777410', 'CRN-971', 'D+'),
('I700777411', 'CRN-109', 'C+'),
('I700777412', 'CRN-465', 'B-'),
('I700777413', 'CRN-343', 'C'),
('I700777414', 'CRN-726', 'D'),
('I700777415', 'CRN-131', 'D+'),
('I700777416', 'CRN-233', 'D+'),
('I700777417', 'CRN-434', 'C'),
('I700777418', 'CRN-474', 'B'),
('I700777419', 'CRN-794', 'C'),
('I700777420', 'CRN-773', 'F'),
('I700777421', 'CRN-968', 'D+'),
('I700777422', 'CRN-532', 'A'),
('I700777423', 'CRN-617', 'A'),
('I700777424', 'CRN-872', 'C+'),
('I700777425', 'CRN-342', 'C-'),
('I700777426', 'CRN-601', 'C-'),
('I700777427', 'CRN-254', 'A'),
('I700777428', 'CRN-850', 'B+'),
('I700777429', 'CRN-210', 'D'),
('I700777430', 'CRN-447', 'B'),
('I700777431', 'CRN-349', 'F'),
('I700777432', 'CRN-566', 'A'),
('I700777433', 'CRN-669', 'C'),
('I700777434', 'CRN-394', 'C'),
('I700777435', 'CRN-235', 'C+'),
('I700777436', 'CRN-370', 'D'),
('I700777437', 'CRN-621', 'D'),
('I700777438', 'CRN-413', 'C'),
('I700777439', 'CRN-431', 'D'),
('I700777440', 'CRN-478', 'A-'),
('I700777441', 'CRN-648', 'D'),
('I700777442', 'CRN-967', 'A'),
('I700777443', 'CRN-342', 'A'),
('I700777444', 'CRN-226', 'F'),
('I700777445', 'CRN-651', 'B+'),
('I700777446', 'CRN-314', 'A-'),
('I700777447', 'CRN-932', 'C-'),
('I700777448', 'CRN-848', 'F'),
('I700777449', 'CRN-248', 'C+'),
('I700777450', 'CRN-540', 'D+'),
('I700777451', 'CRN-893', 'A'),
('I700777452', 'CRN-140', 'C-'),
('I700777453', 'CRN-557', 'B+'),
('I700777454', 'CRN-11', 'C'),
('I700777455', 'CRN-755', 'F'),
('I700777456', 'CRN-677', 'B'),
('I700777457', 'CRN-30', 'D'),
('I700777458', 'CRN-331', 'C+'),
('I700777459', 'CRN-131', 'F'),
('I700777460', 'CRN-287', 'B'),
('I700777461', 'CRN-539', 'F'),
('I700777462', 'CRN-892', 'B-'),
('I700777463', 'CRN-678', 'C-'),
('I700777464', 'CRN-938', 'C-'),
('I700777465', 'CRN-171', 'D+'),
('I700777466', 'CRN-232', 'A'),
('I700777467', 'CRN-159', 'F'),
('I700777468', 'CRN-590', 'A-'),
('I700777469', 'CRN-216', 'C+'),
('I700777470', 'CRN-34', 'B+'),
('I700777471', 'CRN-410', 'D+'),
('I700777472', 'CRN-768', 'F'),
('I700777473', 'CRN-591', 'C+'),
('I700777474', 'CRN-940', 'B'),
('I700777475', 'CRN-761', 'D+'),
('I700777476', 'CRN-378', 'D'),
('I700777477', 'CRN-150', 'D'),
('I700777478', 'CRN-471', 'C'),
('I700777479', 'CRN-117', 'A'),
('I700777480', 'CRN-544', 'C+'),
('I700777481', 'CRN-398', 'C'),
('I700777482', 'CRN-745', 'B'),
('I700777483', 'CRN-229', 'B'),
('I700777484', 'CRN-868', 'D+'),
('I700777485', 'CRN-526', 'A-'),
('I700777486', 'CRN-38', 'B-'),
('I700777487', 'CRN-936', 'B'),
('I700777488', 'CRN-393', 'D+'),
('I700777489', 'CRN-567', 'C-'),
('I700777490', 'CRN-710', 'A'),
('I700777491', 'CRN-584', 'B-'),
('I700777492', 'CRN-442', 'F'),
('I700777493', 'CRN-169', 'F'),
('I700777494', 'CRN-100', 'D'),
('I700777495', 'CRN-151', 'C+'),
('I700777496', 'CRN-221', 'C-'),
('I700777497', 'CRN-460', 'A-'),
('I700777498', 'CRN-816', 'C+'),
('I700777499', 'CRN-814', 'C'),
('I700777500', 'CRN-295', 'D+'),
('I700777501', 'CRN-37', 'B'),
('I700777502', 'CRN-724', 'B+'),
('I700777503', 'CRN-311', 'C+'),
('I700777504', 'CRN-164', 'A-'),
('I700777505', 'CRN-704', 'D'),
('I700777506', 'CRN-400', 'F'),
('I700777507', 'CRN-563', 'B+'),
('I700777508', 'CRN-958', 'B+'),
('I700777509', 'CRN-470', 'B-'),
('I700777510', 'CRN-982', 'C-'),
('I700777511', 'CRN-80', 'B'),
('I700777512', 'CRN-114', 'C-'),
('I700777513', 'CRN-42', 'F'),
('I700777514', 'CRN-382', 'D+'),
('I700777515', 'CRN-223', 'C+'),
('I700777516', 'CRN-517', 'F'),
('I700777517', 'CRN-394', 'D'),
('I700777518', 'CRN-13', 'A-'),
('I700777519', 'CRN-19', 'C'),
('I700777520', 'CRN-830', 'C-'),
('I700777521', 'CRN-165', 'D+'),
('I700777522', 'CRN-128', 'D+'),
('I700777523', 'CRN-27', 'A-'),
('I700777524', 'CRN-498', 'D+'),
('I700777525', 'CRN-592', 'C'),
('I700777526', 'CRN-862', 'F'),
('I700777527', 'CRN-847', 'D'),
('I700777528', 'CRN-973', 'B'),
('I700777529', 'CRN-97', 'B+'),
('I700777530', 'CRN-298', 'C'),
('I700777531', 'CRN-670', 'F'),
('I700777532', 'CRN-899', 'A'),
('I700777533', 'CRN-304', 'A-'),
('I700777534', 'CRN-297', 'B+'),
('I700777535', 'CRN-216', 'B'),
('I700777536', 'CRN-575', 'C-'),
('I700777537', 'CRN-783', 'C-'),
('I700777538', 'CRN-793', 'F'),
('I700777539', 'CRN-611', 'A-'),
('I700777540', 'CRN-429', 'A'),
('I700777541', 'CRN-919', 'B-'),
('I700777542', 'CRN-592', 'B+'),
('I700777543', 'CRN-869', 'C-'),
('I700777544', 'CRN-688', 'C'),
('I700777545', 'CRN-532', 'A'),
('I700777546', 'CRN-314', 'C'),
('I700777547', 'CRN-114', 'C-'),
('I700777548', 'CRN-69', 'D+'),
('I700777549', 'CRN-293', 'C+'),
('I700777550', 'CRN-90', 'B-'),
('I700777551', 'CRN-88', 'B'),
('I700777552', 'CRN-671', 'C'),
('I700777553', 'CRN-805', 'C-'),
('I700777554', 'CRN-848', 'C-'),
('I700777555', 'CRN-556', 'C-'),
('I700777556', 'CRN-488', 'B-'),
('I700777557', 'CRN-233', 'C+'),
('I700777558', 'CRN-442', 'B+'),
('I700777559', 'CRN-139', 'D'),
('I700777560', 'CRN-225', 'F'),
('I700777561', 'CRN-189', 'D+'),
('I700777562', 'CRN-570', 'C-'),
('I700777563', 'CRN-583', 'F'),
('I700777564', 'CRN-534', 'D+'),
('I700777565', 'CRN-592', 'B'),
('I700777566', 'CRN-226', 'B+'),
('I700777567', 'CRN-233', 'C-'),
('I700777568', 'CRN-984', 'B+'),
('I700777569', 'CRN-309', 'D+'),
('I700777570', 'CRN-25', 'B+'),
('I700777571', 'CRN-205', 'F'),
('I700777572', 'CRN-604', 'A'),
('I700777573', 'CRN-148', 'D+'),
('I700777574', 'CRN-684', 'D'),
('I700777575', 'CRN-384', 'D'),
('I700777576', 'CRN-599', 'D'),
('I700777577', 'CRN-336', 'D'),
('I700777578', 'CRN-168', 'B+'),
('I700777579', 'CRN-921', 'C+'),
('I700777580', 'CRN-667', 'B+'),
('I700777581', 'CRN-295', 'A'),
('I700777582', 'CRN-870', 'A'),
('I700777583', 'CRN-882', 'A-'),
('I700777584', 'CRN-866', 'B+'),
('I700777585', 'CRN-114', 'C-'),
('I700777586', 'CRN-567', 'A-'),
('I700777587', 'CRN-789', 'C+'),
('I700777588', 'CRN-131', 'A'),
('I700777589', 'CRN-451', 'B-'),
('I700777590', 'CRN-772', 'A'),
('I700777591', 'CRN-372', 'A'),
('I700777592', 'CRN-965', 'F'),
('I700777593', 'CRN-106', 'D+'),
('I700777594', 'CRN-633', 'B-'),
('I700777595', 'CRN-219', 'C-'),
('I700777596', 'CRN-429', 'B+'),
('I700777597', 'CRN-509', 'C-'),
('I700777598', 'CRN-690', 'C+'),
('I700777599', 'CRN-461', 'C-'),
('I700777600', 'CRN-306', 'C-'),
('I700777601', 'CRN-633', 'B'),
('I700777602', 'CRN-905', 'C+'),
('I700777603', 'CRN-824', 'B'),
('I700777604', 'CRN-146', 'A-'),
('I700777605', 'CRN-857', 'C'),
('I700777606', 'CRN-528', 'C'),
('I700777607', 'CRN-101', 'B'),
('I700777608', 'CRN-385', 'D+'),
('I700777609', 'CRN-93', 'F'),
('I700777610', 'CRN-23', 'D'),
('I700777611', 'CRN-564', 'B'),
('I700777612', 'CRN-732', 'C+'),
('I700777613', 'CRN-438', 'D+'),
('I700777614', 'CRN-996', 'B+'),
('I700777615', 'CRN-370', 'F'),
('I700777616', 'CRN-312', 'D'),
('I700777617', 'CRN-638', 'B+'),
('I700777618', 'CRN-150', 'B+'),
('I700777619', 'CRN-224', 'B-'),
('I700777620', 'CRN-294', 'D'),
('I700777621', 'CRN-542', 'B+'),
('I700777622', 'CRN-707', 'B+'),
('I700777623', 'CRN-555', 'B+'),
('I700777624', 'CRN-929', 'A-'),
('I700777625', 'CRN-171', 'C'),
('I700777626', 'CRN-773', 'D+'),
('I700777627', 'CRN-478', 'A'),
('I700777628', 'CRN-45', 'C+'),
('I700777629', 'CRN-873', 'C+'),
('I700777630', 'CRN-762', 'C+'),
('I700777631', 'CRN-345', 'A-'),
('I700777632', 'CRN-773', 'B'),
('I700777633', 'CRN-668', 'C-'),
('I700777634', 'CRN-713', 'C'),
('I700777635', 'CRN-278', 'C-'),
('I700777636', 'CRN-46', 'B+'),
('I700777637', 'CRN-820', 'C+'),
('I700777638', 'CRN-511', 'C+'),
('I700777639', 'CRN-163', 'B'),
('I700777640', 'CRN-932', 'C+'),
('I700777641', 'CRN-393', 'C-'),
('I700777642', 'CRN-157', 'D'),
('I700777643', 'CRN-491', 'B'),
('I700777644', 'CRN-525', 'F'),
('I700777645', 'CRN-729', 'F'),
('I700777646', 'CRN-949', 'A-'),
('I700777647', 'CRN-573', 'A'),
('I700777648', 'CRN-279', 'A'),
('I700777649', 'CRN-449', 'F'),
('I700777650', 'CRN-884', 'A'),
('I700777651', 'CRN-914', 'C+'),
('I700777652', 'CRN-817', 'C'),
('I700777653', 'CRN-488', 'A'),
('I700777654', 'CRN-788', 'C+'),
('I700777655', 'CRN-968', 'B-'),
('I700777656', 'CRN-180', 'B-'),
('I700777657', 'CRN-96', 'A'),
('I700777658', 'CRN-513', 'B-'),
('I700777659', 'CRN-623', 'A'),
('I700777660', 'CRN-777', 'C+'),
('I700777661', 'CRN-191', 'F'),
('I700777662', 'CRN-209', 'F'),
('I700777663', 'CRN-289', 'B-'),
('I700777664', 'CRN-248', 'C+'),
('I700777665', 'CRN-364', 'C'),
('I700777666', 'CRN-927', 'C+'),
('I700777667', 'CRN-694', 'B-'),
('I700777668', 'CRN-146', 'D+'),
('I700777669', 'CRN-408', 'C'),
('I700777670', 'CRN-350', 'D+'),
('I700777671', 'CRN-952', 'C+'),
('I700777672', 'CRN-658', 'C-'),
('I700777673', 'CRN-272', 'B'),
('I700777674', 'CRN-319', 'C+'),
('I700777675', 'CRN-902', 'A'),
('I700777676', 'CRN-837', 'D'),
('I700777677', 'CRN-800', 'A'),
('I700777678', 'CRN-640', 'A'),
('I700777679', 'CRN-756', 'C-'),
('I700777680', 'CRN-657', 'C+'),
('I700777681', 'CRN-370', 'A-'),
('I700777682', 'CRN-276', 'C-'),
('I700777683', 'CRN-622', 'A'),
('I700777684', 'CRN-189', 'A'),
('I700777685', 'CRN-343', 'A-'),
('I700777686', 'CRN-839', 'D'),
('I700777687', 'CRN-914', 'A'),
('I700777688', 'CRN-664', 'F'),
('I700777689', 'CRN-636', 'A-'),
('I700777690', 'CRN-584', 'C'),
('I700777691', 'CRN-184', 'B-'),
('I700777692', 'CRN-14', 'C+'),
('I700777693', 'CRN-221', 'C'),
('I700777694', 'CRN-281', 'F'),
('I700777695', 'CRN-331', 'F'),
('I700777696', 'CRN-711', 'D'),
('I700777697', 'CRN-892', 'B-'),
('I700777698', 'CRN-293', 'B-'),
('I700777699', 'CRN-464', 'A-'),
('I700777700', 'CRN-849', 'B-'),
('I700777701', 'CRN-233', 'C'),
('I700777702', 'CRN-632', 'C'),
('I700777703', 'CRN-779', 'C+'),
('I700777704', 'CRN-106', 'C'),
('I700777705', 'CRN-321', 'D+'),
('I700777706', 'CRN-865', 'C+'),
('I700777707', 'CRN-415', 'B-'),
('I700777708', 'CRN-716', 'B'),
('I700777709', 'CRN-555', 'D+'),
('I700777710', 'CRN-627', 'F'),
('I700777711', 'CRN-714', 'D'),
('I700777712', 'CRN-89', 'A-'),
('I700777713', 'CRN-54', 'F'),
('I700777714', 'CRN-412', 'A-'),
('I700777715', 'CRN-667', 'A-'),
('I700777716', 'CRN-608', 'C-'),
('I700777717', 'CRN-765', 'B+'),
('I700777718', 'CRN-418', 'C+'),
('I700777719', 'CRN-916', 'D'),
('I700777720', 'CRN-491', 'C'),
('I700777721', 'CRN-642', 'D'),
('I700777722', 'CRN-241', 'C-'),
('I700777723', 'CRN-648', 'C'),
('I700777724', 'CRN-318', 'A-'),
('I700777725', 'CRN-132', 'C+'),
('I700777726', 'CRN-626', 'D+'),
('I700777727', 'CRN-389', 'C'),
('I700777728', 'CRN-59', 'F'),
('I700777729', 'CRN-581', 'C+'),
('I700777730', 'CRN-109', 'B-'),
('I700777731', 'CRN-988', 'A'),
('I700777732', 'CRN-181', 'F'),
('I700777733', 'CRN-738', 'B+'),
('I700777734', 'CRN-836', 'A-'),
('I700777735', 'CRN-306', 'D+'),
('I700777736', 'CRN-458', 'B+'),
('I700777737', 'CRN-48', 'B'),
('I700777738', 'CRN-96', 'A'),
('I700777739', 'CRN-382', 'A-'),
('I700777740', 'CRN-673', 'B+'),
('I700777741', 'CRN-46', 'F'),
('I700777742', 'CRN-845', 'F'),
('I700777743', 'CRN-633', 'C+'),
('I700777744', 'CRN-594', 'C'),
('I700777745', 'CRN-284', 'B'),
('I700777746', 'CRN-714', 'A'),
('I700777747', 'CRN-599', 'F'),
('I700777748', 'CRN-885', 'C+'),
('I700777749', 'CRN-945', 'C+'),
('I700777750', 'CRN-735', 'D'),
('I700777751', 'CRN-827', 'B-'),
('I700777752', 'CRN-564', 'B'),
('I700777753', 'CRN-201', 'B'),
('I700777754', 'CRN-345', 'B'),
('I700777755', 'CRN-485', 'B+'),
('I700777756', 'CRN-357', 'A-'),
('I700777757', 'CRN-118', 'C-'),
('I700777758', 'CRN-264', 'A'),
('I700777759', 'CRN-910', 'B-'),
('I700777760', 'CRN-559', 'D+'),
('I700777761', 'CRN-828', 'C-'),
('I700777762', 'CRN-135', 'B'),
('I700777763', 'CRN-532', 'A'),
('I700777764', 'CRN-861', 'B'),
('I700777765', 'CRN-229', 'A'),
('I700777766', 'CRN-813', 'B-'),
('I700777767', 'CRN-252', 'B+'),
('I700777768', 'CRN-974', 'D'),
('I700777769', 'CRN-484', 'C'),
('I700777770', 'CRN-185', 'B+'),
('I700777771', 'CRN-197', 'B+'),
('I700777772', 'CRN-344', 'C+'),
('I700777773', 'CRN-448', 'B'),
('I700777774', 'CRN-968', 'A'),
('I700777775', 'CRN-391', 'B+'),
('I700777776', 'CRN-888', 'A-'),
('I700777777', 'CRN-23', 'F'),
('I700777778', 'CRN-665', 'A'),
('I700777779', 'CRN-179', 'D+'),
('I700777780', 'CRN-104', 'C'),
('I700777781', 'CRN-525', 'C-'),
('I700777782', 'CRN-793', 'C+'),
('I700777783', 'CRN-135', 'C-'),
('I700777784', 'CRN-679', 'F'),
('I700777785', 'CRN-405', 'B-'),
('I700777786', 'CRN-425', 'A'),
('I700777787', 'CRN-556', 'B-'),
('I700777788', 'CRN-985', 'C+'),
('I700777789', 'CRN-319', 'C+'),
('I700777790', 'CRN-164', 'A-'),
('I700777791', 'CRN-581', 'C-'),
('I700777792', 'CRN-526', 'A-'),
('I700777793', 'CRN-64', 'D'),
('I700777794', 'CRN-529', 'D'),
('I700777795', 'CRN-752', 'C-'),
('I700777796', 'CRN-920', 'F'),
('I700777797', 'CRN-12', 'B+'),
('I700777798', 'CRN-308', 'F'),
('I700777799', 'CRN-785', 'B-'),
('I700777800', 'CRN-84', 'A-'),
('I700777801', 'CRN-52', 'A'),
('I700777802', 'CRN-390', 'B'),
('I700777803', 'CRN-166', 'B'),
('I700777804', 'CRN-488', 'B-'),
('I700777805', 'CRN-717', 'B+'),
('I700777806', 'CRN-762', 'C+'),
('I700777807', 'CRN-253', 'D+'),
('I700777808', 'CRN-49', 'D+'),
('I700777809', 'CRN-282', 'D'),
('I700777810', 'CRN-770', 'C'),
('I700777811', 'CRN-567', 'B+'),
('I700777812', 'CRN-742', 'D+'),
('I700777813', 'CRN-252', 'C'),
('I700777814', 'CRN-516', 'C'),
('I700777815', 'CRN-96', 'B-'),
('I700777816', 'CRN-777', 'A-'),
('I700777817', 'CRN-303', 'B+'),
('I700777818', 'CRN-356', 'A-'),
('I700777819', 'CRN-640', 'D+'),
('I700777820', 'CRN-340', 'F'),
('I700777821', 'CRN-884', 'C'),
('I700777822', 'CRN-530', 'F'),
('I700777823', 'CRN-46', 'D+'),
('I700777824', 'CRN-87', 'D'),
('I700777825', 'CRN-700', 'D+'),
('I700777826', 'CRN-44', 'A'),
('I700777827', 'CRN-329', 'C-'),
('I700777828', 'CRN-37', 'C-'),
('I700777829', 'CRN-923', 'A-'),
('I700777830', 'CRN-375', 'B-'),
('I700777831', 'CRN-980', 'B-'),
('I700777832', 'CRN-45', 'C'),
('I700777833', 'CRN-60', 'C'),
('I700777834', 'CRN-744', 'C'),
('I700777835', 'CRN-571', 'B-'),
('I700777836', 'CRN-251', 'B+'),
('I700777837', 'CRN-414', 'A-'),
('I700777838', 'CRN-499', 'B-'),
('I700777839', 'CRN-331', 'B-'),
('I700777840', 'CRN-864', 'D'),
('I700777841', 'CRN-480', 'A'),
('I700777842', 'CRN-185', 'D'),
('I700777843', 'CRN-196', 'A'),
('I700777844', 'CRN-646', 'C-'),
('I700777845', 'CRN-369', 'B'),
('I700777846', 'CRN-22', 'A-'),
('I700777847', 'CRN-5', 'F'),
('I700777848', 'CRN-766', 'C'),
('I700777849', 'CRN-639', 'C-'),
('I700777850', 'CRN-566', 'F'),
('I700777851', 'CRN-319', 'B'),
('I700777852', 'CRN-177', 'A-'),
('I700777853', 'CRN-311', 'B'),
('I700777854', 'CRN-315', 'D'),
('I700777855', 'CRN-877', 'B+'),
('I700777856', 'CRN-529', 'D'),
('I700777857', 'CRN-746', 'D+'),
('I700777858', 'CRN-382', 'B-'),
('I700777859', 'CRN-380', 'D'),
('I700777860', 'CRN-274', 'D+'),
('I700777861', 'CRN-865', 'A'),
('I700777862', 'CRN-537', 'C+'),
('I700777863', 'CRN-272', 'C'),
('I700777864', 'CRN-977', 'D'),
('I700777865', 'CRN-618', 'D+'),
('I700777866', 'CRN-736', 'B+'),
('I700777867', 'CRN-337', 'C-'),
('I700777868', 'CRN-584', 'A'),
('I700777869', 'CRN-689', 'B+'),
('I700777870', 'CRN-429', 'D'),
('I700777871', 'CRN-253', 'A'),
('I700777872', 'CRN-10', 'A'),
('I700777873', 'CRN-708', 'A'),
('I700777874', 'CRN-718', 'C+'),
('I700777875', 'CRN-358', 'C-'),
('I700777876', 'CRN-899', 'A'),
('I700777877', 'CRN-149', 'C+'),
('I700777878', 'CRN-361', 'C+'),
('I700777879', 'CRN-301', 'A'),
('I700777880', 'CRN-159', 'D'),
('I700777881', 'CRN-298', 'A-'),
('I700777882', 'CRN-249', 'C-'),
('I700777883', 'CRN-775', 'F'),
('I700777884', 'CRN-447', 'B+'),
('I700777885', 'CRN-70', 'D'),
('I700777886', 'CRN-390', 'F'),
('I700777887', 'CRN-451', 'A'),
('I700777888', 'CRN-86', 'B-'),
('I700777889', 'CRN-364', 'F'),
('I700777890', 'CRN-322', 'A-'),
('I700777891', 'CRN-659', 'A-'),
('I700777892', 'CRN-800', 'C-'),
('I700777893', 'CRN-667', 'B'),
('I700777894', 'CRN-112', 'A'),
('I700777895', 'CRN-791', 'F'),
('I700777896', 'CRN-897', 'C+'),
('I700777897', 'CRN-82', 'D+'),
('I700777898', 'CRN-228', 'A-'),
('I700777899', 'CRN-475', 'C'),
('I700777900', 'CRN-810', 'D'),
('I700777901', 'CRN-270', 'C+'),
('I700777902', 'CRN-395', 'B+'),
('I700777903', 'CRN-401', 'C+'),
('I700777904', 'CRN-276', 'F');

-- --------------------------------------------------------

--
-- Table structure for table `faculty`
--

CREATE TABLE `faculty` (
  `FacultyID` varchar(10) DEFAULT NULL,
  `DeptID` varchar(10) DEFAULT NULL,
  `FacultyType` varchar(100) DEFAULT NULL,
  `JoinCreated` varchar(100) DEFAULT NULL
) ENGINE=InnoDB DEFAULT CHARSET=latin1;

--
-- Dumping data for table `faculty`
--

INSERT INTO `faculty` (`FacultyID`, `DeptID`, `FacultyType`, `JoinCreated`) VALUES
('I700776406', 'Dept-9', 'PartTime', '08/04/2020'),
('I700776407', 'Dept-13', 'FullTime', '6/23/2019'),
('I700776408', 'Dept-2', 'PartTime', '02/12/2021'),
('I700776409', 'Dept-1', 'FullTime', '4/15/2019'),
('I700776410', 'Dept-14', 'PartTime', '05/05/2021'),
('I700776411', 'Dept-15', 'PartTime', '5/23/2021'),
('I700776412', 'Dept-14', 'PartTime', '4/13/2019'),
('I700776413', 'Dept-3', 'FullTime', '06/02/2020'),
('I700776414', 'Dept-14', 'FullTime', '02/08/2019'),
('I700776415', 'Dept-13', 'PartTime', '5/19/2021'),
('I700776416', 'Dept-5', 'PartTime', '4/30/2019'),
('I700776417', 'Dept-7', 'PartTime', '10/05/2020'),
('I700776418', 'Dept-9', 'PartTime', '11/13/2019'),
('I700776419', 'Dept-1', 'PartTime', '11/08/2019'),
('I700776420', 'Dept-16', 'FullTime', '01/09/2020'),
('I700776421', 'Dept-3', 'FullTime', '6/28/2021'),
('I700776422', 'Dept-3', 'PartTime', '10/06/2019'),
('I700776423', 'Dept-8', 'PartTime', '10/28/2019'),
('I700776424', 'Dept-3', 'PartTime', '11/04/2020'),
('I700776425', 'Dept-7', 'FullTime', '08/08/2019'),
('I700776426', 'Dept-16', 'FullTime', '07/04/2020'),
('I700776427', 'Dept-16', 'FullTime', '10/30/2018'),
('I700776428', 'Dept-2', 'FullTime', '10/23/2019'),
('I700776429', 'Dept-13', 'FullTime', '11/19/2020'),
('I700776430', 'Dept-16', 'PartTime', '7/22/2020'),
('I700776431', 'Dept-5', 'FullTime', '3/21/2021'),
('I700776432', 'Dept-5', 'PartTime', '6/16/2021'),
('I700776433', 'Dept-15', 'PartTime', '7/28/2020'),
('I700776434', 'Dept-8', 'FullTime', '12/03/2019'),
('I700776435', 'Dept-10', 'FullTime', '3/14/2021'),
('I700776436', 'Dept-5', 'PartTime', '07/07/2019'),
('I700776437', 'Dept-3', 'PartTime', '8/23/2020'),
('I700776438', 'Dept-3', 'FullTime', '3/30/2021'),
('I700776439', 'Dept-14', 'PartTime', '10/19/2020'),
('I700776440', 'Dept-16', 'PartTime', '2/17/2021'),
('I700776441', 'Dept-11', 'FullTime', '7/16/2020'),
('I700776442', 'Dept-12', 'FullTime', '5/18/2019'),
('I700776443', 'Dept-7', 'PartTime', '02/01/2020'),
('I700776444', 'Dept-8', 'FullTime', '12/05/2019'),
('I700776445', 'Dept-16', 'PartTime', '05/08/2021'),
('I700776446', 'Dept-6', 'FullTime', '05/04/2019'),
('I700776447', 'Dept-3', 'PartTime', '11/11/2020'),
('I700776448', 'Dept-15', 'FullTime', '10/16/2021'),
('I700776449', 'Dept-7', 'FullTime', '9/25/2020'),
('I700776450', 'Dept-3', 'PartTime', '01/01/2020'),
('I700776451', 'Dept-11', 'PartTime', '06/05/2021'),
('I700776452', 'Dept-3', 'PartTime', '10/20/2020'),
('I700776453', 'Dept-6', 'PartTime', '12/11/2020'),
('I700776454', 'Dept-12', 'PartTime', '10/30/2020'),
('I700776455', 'Dept-8', 'FullTime', '12/07/2020'),
('I700776456', 'Dept-7', 'FullTime', '2/15/2021'),
('I700776457', 'Dept-7', 'FullTime', '8/13/2020'),
('I700776458', 'Dept-6', 'FullTime', '12/29/2020'),
('I700776459', 'Dept-15', 'FullTime', '1/21/2021'),
('I700776460', 'Dept-8', 'PartTime', '10/17/2021'),
('I700776461', 'Dept-7', 'PartTime', '1/25/2021'),
('I700776462', 'Dept-12', 'PartTime', '1/28/2019'),
('I700776463', 'Dept-3', 'FullTime', '3/29/2020'),
('I700776464', 'Dept-8', 'FullTime', '06/05/2020'),
('I700776465', 'Dept-12', 'FullTime', '5/20/2021'),
('I700776466', 'Dept-5', 'PartTime', '3/17/2019'),
('I700776467', 'Dept-9', 'PartTime', '11/04/2018'),
('I700776468', 'Dept-3', 'FullTime', '8/14/2020'),
('I700776469', 'Dept-11', 'PartTime', '08/10/2020'),
('I700776470', 'Dept-2', 'FullTime', '02/09/2019'),
('I700776471', 'Dept-6', 'FullTime', '11/16/2019'),
('I700776472', 'Dept-15', 'PartTime', '02/09/2021'),
('I700776473', 'Dept-10', 'PartTime', '2/21/2021'),
('I700776474', 'Dept-7', 'PartTime', '12/27/2020'),
('I700776475', 'Dept-3', 'PartTime', '12/04/2018'),
('I700776476', 'Dept-11', 'FullTime', '3/31/2020'),
('I700776477', 'Dept-16', 'FullTime', '11/20/2018'),
('I700776478', 'Dept-16', 'FullTime', '9/13/2021'),
('I700776479', 'Dept-10', 'PartTime', '2/13/2020'),
('I700776480', 'Dept-9', 'FullTime', '3/13/2019'),
('I700776481', 'Dept-11', 'FullTime', '10/28/2018'),
('I700776482', 'Dept-3', 'PartTime', '01/11/2019'),
('I700776483', 'Dept-8', 'PartTime', '10/06/2021'),
('I700776484', 'Dept-7', 'FullTime', '03/01/2020'),
('I700776485', 'Dept-6', 'PartTime', '05/12/2021'),
('I700776486', 'Dept-3', 'FullTime', '10/09/2020'),
('I700776487', 'Dept-15', 'PartTime', '7/13/2019'),
('I700776488', 'Dept-6', 'PartTime', '7/15/2020'),
('I700776489', 'Dept-11', 'PartTime', '10/04/2020'),
('I700776490', 'Dept-4', 'PartTime', '9/23/2021'),
('I700776491', 'Dept-10', 'PartTime', '04/01/2021'),
('I700776492', 'Dept-16', 'FullTime', '06/08/2021'),
('I700776493', 'Dept-7', 'PartTime', '02/11/2021'),
('I700776494', 'Dept-16', 'PartTime', '4/20/2019'),
('I700776495', 'Dept-3', 'FullTime', '2/22/2021'),
('I700776496', 'Dept-7', 'FullTime', '12/16/2020'),
('I700776497', 'Dept-12', 'FullTime', '7/26/2021'),
('I700776498', 'Dept-10', 'PartTime', '01/03/2020'),
('I700776499', 'Dept-15', 'PartTime', '11/03/2019'),
('I700776500', 'Dept-9', 'PartTime', '10/19/2019'),
('I700776501', 'Dept-16', 'PartTime', '12/24/2018'),
('I700776502', 'Dept-3', 'FullTime', '3/21/2021'),
('I700776503', 'Dept-6', 'PartTime', '2/26/2021'),
('I700776504', 'Dept-7', 'FullTime', '12/08/2019'),
('I700776505', 'Dept-8', 'FullTime', '6/20/2021'),
('I700776506', 'Dept-6', 'FullTime', '4/22/2019'),
('I700776507', 'Dept-7', 'PartTime', '09/06/2021'),
('I700776508', 'Dept-9', 'FullTime', '10/12/2020'),
('I700776509', 'Dept-3', 'PartTime', '01/01/2021'),
('I700776510', 'Dept-2', 'PartTime', '05/06/2020'),
('I700776511', 'Dept-2', 'PartTime', '12/04/2020'),
('I700776512', 'Dept-14', 'FullTime', '9/17/2019'),
('I700776513', 'Dept-5', 'FullTime', '6/22/2020'),
('I700776514', 'Dept-15', 'PartTime', '1/16/2020'),
('I700776515', 'Dept-4', 'PartTime', '10/21/2019'),
('I700776516', 'Dept-11', 'FullTime', '01/03/2019'),
('I700776517', 'Dept-11', 'PartTime', '05/09/2021'),
('I700776518', 'Dept-11', 'PartTime', '10/03/2020'),
('I700776519', 'Dept-3', 'FullTime', '8/26/2021'),
('I700776520', 'Dept-8', 'PartTime', '5/23/2021'),
('I700776521', 'Dept-16', 'PartTime', '3/26/2019'),
('I700776522', 'Dept-8', 'FullTime', '8/30/2019'),
('I700776523', 'Dept-15', 'PartTime', '11/23/2018'),
('I700776524', 'Dept-5', 'PartTime', '09/03/2019'),
('I700776525', 'Dept-2', 'FullTime', '7/18/2019'),
('I700776526', 'Dept-14', 'PartTime', '5/19/2019'),
('I700776527', 'Dept-12', 'FullTime', '08/10/2021'),
('I700776528', 'Dept-5', 'PartTime', '06/01/2021'),
('I700776529', 'Dept-9', 'PartTime', '7/20/2019'),
('I700776530', 'Dept-7', 'FullTime', '12/01/2019'),
('I700776531', 'Dept-12', 'PartTime', '8/27/2019'),
('I700776532', 'Dept-15', 'FullTime', '12/02/2018'),
('I700776533', 'Dept-11', 'PartTime', '10/23/2018'),
('I700776534', 'Dept-13', 'FullTime', '8/15/2021'),
('I700776535', 'Dept-8', 'PartTime', '5/25/2019'),
('I700776536', 'Dept-5', 'FullTime', '5/16/2020'),
('I700776537', 'Dept-16', 'PartTime', '5/24/2020'),
('I700776538', 'Dept-1', 'FullTime', '12/21/2019'),
('I700776539', 'Dept-4', 'FullTime', '04/12/2019'),
('I700776540', 'Dept-1', 'PartTime', '9/17/2019'),
('I700776541', 'Dept-8', 'PartTime', '02/08/2019'),
('I700776542', 'Dept-7', 'PartTime', '02/08/2019'),
('I700776543', 'Dept-2', 'FullTime', '8/13/2020'),
('I700776544', 'Dept-15', 'PartTime', '5/27/2020'),
('I700776545', 'Dept-15', 'PartTime', '4/19/2021'),
('I700776546', 'Dept-3', 'FullTime', '9/18/2019'),
('I700776547', 'Dept-2', 'FullTime', '09/01/2021'),
('I700776548', 'Dept-3', 'PartTime', '01/05/2021'),
('I700776549', 'Dept-12', 'PartTime', '08/12/2020'),
('I700776550', 'Dept-9', 'FullTime', '9/22/2019'),
('I700776551', 'Dept-5', 'FullTime', '01/04/2021'),
('I700776552', 'Dept-3', 'PartTime', '4/22/2020'),
('I700776553', 'Dept-2', 'FullTime', '7/24/2019'),
('I700776554', 'Dept-12', 'FullTime', '1/25/2020'),
('I700776555', 'Dept-2', 'FullTime', '2/23/2020'),
('I700776556', 'Dept-2', 'PartTime', '9/26/2020'),
('I700776557', 'Dept-12', 'FullTime', '01/08/2020'),
('I700776558', 'Dept-14', 'FullTime', '10/11/2020'),
('I700776559', 'Dept-9', 'PartTime', '7/22/2020'),
('I700776560', 'Dept-13', 'PartTime', '05/01/2019'),
('I700776561', 'Dept-13', 'FullTime', '4/30/2020'),
('I700776562', 'Dept-8', 'PartTime', '9/30/2021'),
('I700776563', 'Dept-11', 'FullTime', '10/15/2021'),
('I700776564', 'Dept-16', 'PartTime', '6/23/2019'),
('I700776565', 'Dept-3', 'PartTime', '1/28/2021'),
('I700776566', 'Dept-12', 'FullTime', '10/29/2019'),
('I700776567', 'Dept-5', 'PartTime', '9/22/2020'),
('I700776568', 'Dept-13', 'PartTime', '08/08/2020'),
('I700776569', 'Dept-14', 'FullTime', '9/17/2019'),
('I700776570', 'Dept-7', 'FullTime', '09/02/2020'),
('I700776571', 'Dept-12', 'FullTime', '12/02/2020'),
('I700776572', 'Dept-10', 'FullTime', '08/10/2020'),
('I700776573', 'Dept-4', 'PartTime', '4/13/2020'),
('I700776574', 'Dept-6', 'PartTime', '11/20/2019'),
('I700776575', 'Dept-3', 'PartTime', '01/08/2021'),
('I700776576', 'Dept-11', 'PartTime', '06/02/2021'),
('I700776577', 'Dept-16', 'FullTime', '1/18/2020'),
('I700776578', 'Dept-3', 'PartTime', '10/05/2019'),
('I700776579', 'Dept-2', 'PartTime', '03/11/2020'),
('I700776580', 'Dept-8', 'PartTime', '03/11/2021'),
('I700776581', 'Dept-5', 'FullTime', '06/01/2021'),
('I700776582', 'Dept-7', 'FullTime', '01/01/2021'),
('I700776583', 'Dept-13', 'FullTime', '12/06/2020'),
('I700776584', 'Dept-3', 'FullTime', '1/21/2021'),
('I700776585', 'Dept-13', 'FullTime', '02/06/2021'),
('I700776586', 'Dept-15', 'PartTime', '4/22/2020'),
('I700776587', 'Dept-2', 'FullTime', '02/12/2020'),
('I700776588', 'Dept-3', 'PartTime', '7/18/2021'),
('I700776589', 'Dept-15', 'FullTime', '11/11/2018'),
('I700776590', 'Dept-6', 'FullTime', '07/12/2019'),
('I700776591', 'Dept-9', 'FullTime', '08/02/2019'),
('I700776592', 'Dept-8', 'PartTime', '7/26/2019'),
('I700776593', 'Dept-12', 'FullTime', '1/26/2021'),
('I700776594', 'Dept-3', 'FullTime', '02/05/2020'),
('I700776595', 'Dept-1', 'FullTime', '6/15/2019'),
('I700776596', 'Dept-14', 'PartTime', '11/12/2020'),
('I700776597', 'Dept-12', 'PartTime', '6/27/2019'),
('I700776598', 'Dept-12', 'FullTime', '05/03/2021'),
('I700776599', 'Dept-12', 'FullTime', '11/13/2020'),
('I700776600', 'Dept-9', 'PartTime', '7/30/2021'),
('I700776601', 'Dept-6', 'PartTime', '08/09/2019'),
('I700776602', 'Dept-4', 'PartTime', '03/10/2021'),
('I700776603', 'Dept-1', 'PartTime', '4/23/2021'),
('I700776604', 'Dept-9', 'FullTime', '5/15/2021'),
('I700776605', 'Dept-7', 'FullTime', '08/03/2020'),
('I700776606', 'Dept-5', 'PartTime', '4/23/2019'),
('I700776607', 'Dept-1', 'PartTime', '12/19/2020'),
('I700776608', 'Dept-14', 'PartTime', '2/17/2021'),
('I700776609', 'Dept-14', 'PartTime', '1/15/2021'),
('I700776610', 'Dept-6', 'FullTime', '1/21/2020'),
('I700776611', 'Dept-9', 'PartTime', '8/24/2020'),
('I700776612', 'Dept-3', 'FullTime', '5/26/2021'),
('I700776613', 'Dept-6', 'PartTime', '10/04/2019'),
('I700776614', 'Dept-8', 'PartTime', '10/16/2020'),
('I700776615', 'Dept-15', 'PartTime', '11/04/2019'),
('I700776616', 'Dept-7', 'PartTime', '9/30/2021'),
('I700776617', 'Dept-4', 'FullTime', '11/05/2019'),
('I700776618', 'Dept-10', 'PartTime', '6/28/2019'),
('I700776619', 'Dept-9', 'PartTime', '11/30/2020'),
('I700776620', 'Dept-2', 'FullTime', '10/05/2019'),
('I700776621', 'Dept-1', 'PartTime', '6/13/2020'),
('I700776622', 'Dept-12', 'FullTime', '2/16/2020'),
('I700776623', 'Dept-6', 'PartTime', '7/14/2020'),
('I700776624', 'Dept-7', 'PartTime', '12/23/2020'),
('I700776625', 'Dept-2', 'PartTime', '2/28/2019'),
('I700776626', 'Dept-7', 'FullTime', '10/28/2018'),
('I700776627', 'Dept-11', 'FullTime', '9/27/2020'),
('I700776628', 'Dept-15', 'PartTime', '08/09/2019'),
('I700776629', 'Dept-10', 'PartTime', '5/29/2021'),
('I700776630', 'Dept-9', 'FullTime', '10/22/2019'),
('I700776631', 'Dept-3', 'FullTime', '4/27/2020'),
('I700776632', 'Dept-6', 'FullTime', '10/11/2020'),
('I700776633', 'Dept-12', 'PartTime', '01/09/2019'),
('I700776634', 'Dept-8', 'PartTime', '10/30/2020'),
('I700776635', 'Dept-13', 'FullTime', '07/10/2019'),
('I700776636', 'Dept-4', 'FullTime', '10/13/2019'),
('I700776637', 'Dept-6', 'PartTime', '1/16/2019'),
('I700776638', 'Dept-16', 'PartTime', '10/09/2020'),
('I700776639', 'Dept-1', 'FullTime', '8/23/2019'),
('I700776640', 'Dept-10', 'FullTime', '7/31/2020'),
('I700776641', 'Dept-9', 'PartTime', '10/13/2019'),
('I700776642', 'Dept-7', 'FullTime', '11/08/2019'),
('I700776643', 'Dept-8', 'FullTime', '8/28/2021'),
('I700776644', 'Dept-5', 'PartTime', '5/13/2019'),
('I700776645', 'Dept-6', 'PartTime', '1/30/2019'),
('I700776646', 'Dept-5', 'PartTime', '4/21/2020'),
('I700776647', 'Dept-14', 'PartTime', '9/17/2020'),
('I700776648', 'Dept-14', 'PartTime', '11/27/2018'),
('I700776649', 'Dept-6', 'PartTime', '6/29/2020'),
('I700776650', 'Dept-14', 'PartTime', '08/11/2019'),
('I700776651', 'Dept-11', 'FullTime', '3/29/2019'),
('I700776652', 'Dept-11', 'PartTime', '05/07/2019'),
('I700776653', 'Dept-8', 'PartTime', '12/06/2020'),
('I700776654', 'Dept-2', 'PartTime', '8/19/2021'),
('I700776655', 'Dept-16', 'FullTime', '04/11/2019'),
('I700776656', 'Dept-9', 'PartTime', '04/12/2020'),
('I700776657', 'Dept-7', 'PartTime', '12/06/2020'),
('I700776658', 'Dept-11', 'FullTime', '09/12/2019'),
('I700776659', 'Dept-2', 'PartTime', '08/07/2021'),
('I700776660', 'Dept-10', 'FullTime', '3/31/2019'),
('I700776661', 'Dept-6', 'FullTime', '9/19/2021'),
('I700776662', 'Dept-6', 'PartTime', '11/29/2019'),
('I700776663', 'Dept-5', 'FullTime', '1/20/2019'),
('I700776664', 'Dept-1', 'PartTime', '4/27/2021'),
('I700776665', 'Dept-3', 'PartTime', '05/10/2021'),
('I700776666', 'Dept-15', 'FullTime', '10/26/2019'),
('I700776667', 'Dept-11', 'FullTime', '4/18/2020'),
('I700776668', 'Dept-5', 'PartTime', '1/22/2020'),
('I700776669', 'Dept-1', 'FullTime', '08/07/2019'),
('I700776670', 'Dept-5', 'FullTime', '8/25/2020'),
('I700776671', 'Dept-7', 'FullTime', '03/09/2020'),
('I700776672', 'Dept-14', 'PartTime', '12/26/2019'),
('I700776673', 'Dept-4', 'PartTime', '10/13/2019'),
('I700776674', 'Dept-14', 'PartTime', '2/27/2021'),
('I700776675', 'Dept-10', 'PartTime', '7/29/2019'),
('I700776676', 'Dept-7', 'PartTime', '01/03/2021'),
('I700776677', 'Dept-14', 'FullTime', '6/29/2019'),
('I700776678', 'Dept-12', 'FullTime', '4/21/2019'),
('I700776679', 'Dept-2', 'PartTime', '11/04/2018'),
('I700776680', 'Dept-3', 'FullTime', '3/16/2021'),
('I700776681', 'Dept-4', 'FullTime', '2/13/2021'),
('I700776682', 'Dept-10', 'PartTime', '11/15/2020'),
('I700776683', 'Dept-12', 'PartTime', '6/30/2019'),
('I700776684', 'Dept-14', 'FullTime', '9/25/2021'),
('I700776685', 'Dept-2', 'FullTime', '06/02/2019'),
('I700776686', 'Dept-9', 'PartTime', '9/17/2020'),
('I700776687', 'Dept-11', 'FullTime', '7/31/2020'),
('I700776688', 'Dept-7', 'FullTime', '06/08/2021'),
('I700776689', 'Dept-2', 'PartTime', '06/04/2021'),
('I700776690', 'Dept-1', 'FullTime', '10/29/2019'),
('I700776691', 'Dept-10', 'FullTime', '12/07/2019'),
('I700776692', 'Dept-10', 'PartTime', '12/24/2018'),
('I700776693', 'Dept-7', 'PartTime', '7/19/2020'),
('I700776694', 'Dept-13', 'FullTime', '09/11/2019'),
('I700776695', 'Dept-14', 'FullTime', '1/25/2021'),
('I700776696', 'Dept-10', 'FullTime', '4/30/2019'),
('I700776697', 'Dept-1', 'FullTime', '6/16/2021'),
('I700776698', 'Dept-5', 'FullTime', '12/03/2020'),
('I700776699', 'Dept-10', 'PartTime', '01/04/2020'),
('I700776700', 'Dept-4', 'PartTime', '01/06/2019'),
('I700776701', 'Dept-15', 'PartTime', '8/23/2019'),
('I700776702', 'Dept-1', 'FullTime', '01/07/2021'),
('I700776703', 'Dept-1', 'FullTime', '9/22/2021'),
('I700776704', 'Dept-10', 'PartTime', '10/24/2020'),
('I700776705', 'Dept-3', 'PartTime', '4/16/2019'),
('I700776706', 'Dept-14', 'FullTime', '3/19/2021'),
('I700776707', 'Dept-16', 'PartTime', '10/06/2020'),
('I700776708', 'Dept-16', 'FullTime', '7/18/2020'),
('I700776709', 'Dept-8', 'FullTime', '08/10/2021'),
('I700776710', 'Dept-6', 'PartTime', '01/09/2020'),
('I700776711', 'Dept-9', 'PartTime', '09/01/2020'),
('I700776712', 'Dept-9', 'PartTime', '6/28/2021'),
('I700776713', 'Dept-2', 'PartTime', '12/19/2020'),
('I700776714', 'Dept-1', 'PartTime', '03/12/2019'),
('I700776715', 'Dept-6', 'FullTime', '06/05/2021'),
('I700776716', 'Dept-6', 'FullTime', '12/10/2020'),
('I700776717', 'Dept-8', 'PartTime', '08/11/2021'),
('I700776718', 'Dept-7', 'PartTime', '10/12/2020'),
('I700776719', 'Dept-3', 'FullTime', '6/25/2019'),
('I700776720', 'Dept-5', 'PartTime', '9/24/2020'),
('I700776721', 'Dept-1', 'PartTime', '08/12/2020'),
('I700776722', 'Dept-9', 'FullTime', '3/21/2020'),
('I700776723', 'Dept-12', 'PartTime', '8/24/2021'),
('I700776724', 'Dept-4', 'PartTime', '10/18/2019'),
('I700776725', 'Dept-4', 'PartTime', '9/19/2020'),
('I700776726', 'Dept-10', 'FullTime', '12/19/2019'),
('I700776727', 'Dept-12', 'PartTime', '05/07/2020'),
('I700776728', 'Dept-9', 'FullTime', '2/29/2020'),
('I700776729', 'Dept-1', 'FullTime', '11/13/2020'),
('I700776730', 'Dept-2', 'PartTime', '11/21/2019'),
('I700776731', 'Dept-6', 'FullTime', '08/02/2020'),
('I700776732', 'Dept-3', 'FullTime', '6/28/2021'),
('I700776733', 'Dept-10', 'FullTime', '5/29/2019'),
('I700776734', 'Dept-14', 'PartTime', '4/20/2019'),
('I700776735', 'Dept-1', 'FullTime', '10/25/2018'),
('I700776736', 'Dept-16', 'FullTime', '4/14/2019'),
('I700776737', 'Dept-15', 'PartTime', '9/20/2020'),
('I700776738', 'Dept-7', 'FullTime', '12/16/2018'),
('I700776739', 'Dept-7', 'PartTime', '4/26/2020'),
('I700776740', 'Dept-11', 'FullTime', '10/13/2021'),
('I700776741', 'Dept-7', 'FullTime', '5/27/2021'),
('I700776742', 'Dept-11', 'FullTime', '4/24/2021'),
('I700776743', 'Dept-9', 'FullTime', '02/04/2020'),
('I700776744', 'Dept-1', 'FullTime', '3/23/2019'),
('I700776745', 'Dept-11', 'FullTime', '9/13/2019'),
('I700776746', 'Dept-11', 'PartTime', '10/30/2020'),
('I700776747', 'Dept-14', 'PartTime', '03/07/2019'),
('I700776748', 'Dept-2', 'FullTime', '8/27/2019'),
('I700776749', 'Dept-12', 'FullTime', '05/06/2021'),
('I700776750', 'Dept-8', 'PartTime', '12/20/2019'),
('I700776751', 'Dept-6', 'PartTime', '04/08/2021'),
('I700776752', 'Dept-14', 'PartTime', '07/10/2019'),
('I700776753', 'Dept-3', 'FullTime', '2/15/2020'),
('I700776754', 'Dept-9', 'FullTime', '6/22/2020'),
('I700776755', 'Dept-1', 'FullTime', '3/30/2019'),
('I700776756', 'Dept-8', 'FullTime', '03/07/2020'),
('I700776757', 'Dept-2', 'FullTime', '4/16/2021'),
('I700776758', 'Dept-4', 'PartTime', '7/30/2019'),
('I700776759', 'Dept-1', 'FullTime', '4/19/2020'),
('I700776760', 'Dept-9', 'PartTime', '6/27/2021'),
('I700776761', 'Dept-8', 'FullTime', '6/27/2021'),
('I700776762', 'Dept-14', 'FullTime', '3/19/2021'),
('I700776763', 'Dept-2', 'PartTime', '8/16/2019'),
('I700776764', 'Dept-5', 'FullTime', '07/05/2021'),
('I700776765', 'Dept-13', 'FullTime', '11/23/2019'),
('I700776766', 'Dept-2', 'FullTime', '2/25/2019'),
('I700776767', 'Dept-14', 'FullTime', '1/20/2019'),
('I700776768', 'Dept-4', 'FullTime', '2/15/2021'),
('I700776769', 'Dept-15', 'PartTime', '3/31/2021'),
('I700776770', 'Dept-3', 'FullTime', '06/11/2020'),
('I700776771', 'Dept-6', 'PartTime', '10/20/2020'),
('I700776772', 'Dept-6', 'FullTime', '10/01/2019'),
('I700776773', 'Dept-2', 'FullTime', '03/06/2019'),
('I700776774', 'Dept-4', 'FullTime', '10/25/2020'),
('I700776775', 'Dept-3', 'FullTime', '2/24/2019'),
('I700776776', 'Dept-13', 'FullTime', '5/20/2020'),
('I700776777', 'Dept-14', 'PartTime', '04/10/2021'),
('I700776778', 'Dept-2', 'FullTime', '02/11/2021'),
('I700776779', 'Dept-2', 'PartTime', '12/06/2019'),
('I700776780', 'Dept-15', 'PartTime', '7/26/2019'),
('I700776781', 'Dept-15', 'FullTime', '02/11/2019'),
('I700776782', 'Dept-12', 'FullTime', '01/12/2020'),
('I700776783', 'Dept-2', 'PartTime', '9/28/2019'),
('I700776784', 'Dept-16', 'PartTime', '3/23/2020'),
('I700776785', 'Dept-2', 'PartTime', '5/29/2019'),
('I700776786', 'Dept-2', 'PartTime', '03/07/2021'),
('I700776787', 'Dept-6', 'PartTime', '9/14/2019'),
('I700776788', 'Dept-8', 'FullTime', '03/08/2019'),
('I700776789', 'Dept-16', 'FullTime', '3/27/2019'),
('I700776790', 'Dept-14', 'FullTime', '05/07/2020'),
('I700776791', 'Dept-11', 'PartTime', '5/19/2019'),
('I700776792', 'Dept-7', 'PartTime', '1/15/2021'),
('I700776793', 'Dept-1', 'PartTime', '11/02/2018'),
('I700776794', 'Dept-6', 'FullTime', '3/14/2019'),
('I700776795', 'Dept-1', 'PartTime', '7/25/2020'),
('I700776796', 'Dept-3', 'PartTime', '04/10/2019'),
('I700776797', 'Dept-5', 'FullTime', '5/24/2021'),
('I700776798', 'Dept-4', 'FullTime', '08/06/2019'),
('I700776799', 'Dept-10', 'PartTime', '1/27/2021'),
('I700776800', 'Dept-8', 'PartTime', '8/24/2020'),
('I700776801', 'Dept-1', 'FullTime', '04/04/2019'),
('I700776802', 'Dept-2', 'FullTime', '9/20/2021'),
('I700776803', 'Dept-15', 'FullTime', '03/06/2019'),
('I700776804', 'Dept-2', 'FullTime', '12/20/2020'),
('I700776805', 'Dept-10', 'PartTime', '4/27/2021'),
('I700776806', 'Dept-5', 'PartTime', '10/12/2021'),
('I700776807', 'Dept-2', 'FullTime', '10/26/2020'),
('I700776808', 'Dept-5', 'FullTime', '12/21/2019'),
('I700776809', 'Dept-4', 'FullTime', '1/13/2021'),
('I700776810', 'Dept-6', 'FullTime', '08/06/2020'),
('I700776811', 'Dept-4', 'FullTime', '02/10/2020'),
('I700776812', 'Dept-13', 'FullTime', '7/23/2021'),
('I700776813', 'Dept-2', 'PartTime', '01/08/2019'),
('I700776814', 'Dept-1', 'PartTime', '06/07/2020'),
('I700776815', 'Dept-2', 'FullTime', '04/02/2020'),
('I700776816', 'Dept-4', 'PartTime', '11/06/2019'),
('I700776817', 'Dept-14', 'PartTime', '5/26/2020'),
('I700776818', 'Dept-16', 'FullTime', '4/25/2021'),
('I700776819', 'Dept-3', 'PartTime', '7/17/2020'),
('I700776820', 'Dept-9', 'PartTime', '9/21/2021'),
('I700776821', 'Dept-8', 'FullTime', '10/31/2020'),
('I700776822', 'Dept-14', 'FullTime', '8/16/2020'),
('I700776823', 'Dept-1', 'PartTime', '3/26/2021'),
('I700776824', 'Dept-13', 'FullTime', '12/01/2020'),
('I700776825', 'Dept-3', 'PartTime', '04/10/2020'),
('I700776826', 'Dept-4', 'FullTime', '10/10/2019'),
('I700776827', 'Dept-13', 'PartTime', '09/10/2019'),
('I700776828', 'Dept-6', 'FullTime', '12/01/2018'),
('I700776829', 'Dept-9', 'PartTime', '05/02/2020'),
('I700776830', 'Dept-13', 'PartTime', '5/15/2021'),
('I700776831', 'Dept-6', 'PartTime', '10/31/2019'),
('I700776832', 'Dept-12', 'FullTime', '04/05/2021'),
('I700776833', 'Dept-14', 'PartTime', '7/23/2021'),
('I700776834', 'Dept-11', 'PartTime', '12/21/2018'),
('I700776835', 'Dept-1', 'FullTime', '4/26/2019'),
('I700776836', 'Dept-16', 'FullTime', '05/07/2020'),
('I700776837', 'Dept-2', 'PartTime', '2/19/2019'),
('I700776838', 'Dept-12', 'PartTime', '6/27/2020'),
('I700776839', 'Dept-15', 'PartTime', '6/26/2020'),
('I700776840', 'Dept-10', 'FullTime', '7/26/2021'),
('I700776841', 'Dept-13', 'FullTime', '9/22/2021'),
('I700776842', 'Dept-9', 'PartTime', '9/19/2019'),
('I700776843', 'Dept-9', 'FullTime', '7/15/2021'),
('I700776844', 'Dept-9', 'FullTime', '07/05/2020'),
('I700776845', 'Dept-5', 'FullTime', '4/15/2020'),
('I700776846', 'Dept-6', 'FullTime', '8/29/2020'),
('I700776847', 'Dept-16', 'FullTime', '10/14/2020'),
('I700776848', 'Dept-15', 'PartTime', '07/09/2020'),
('I700776849', 'Dept-3', 'PartTime', '08/08/2020'),
('I700776850', 'Dept-3', 'PartTime', '07/10/2021'),
('I700776851', 'Dept-3', 'PartTime', '8/30/2019'),
('I700776852', 'Dept-6', 'FullTime', '04/03/2021'),
('I700776853', 'Dept-9', 'PartTime', '8/28/2019'),
('I700776854', 'Dept-11', 'FullTime', '10/07/2021'),
('I700776855', 'Dept-1', 'FullTime', '11/20/2020'),
('I700776856', 'Dept-12', 'PartTime', '12/10/2019'),
('I700776857', 'Dept-10', 'FullTime', '01/07/2020'),
('I700776858', 'Dept-14', 'PartTime', '4/16/2019'),
('I700776859', 'Dept-5', 'PartTime', '5/29/2021'),
('I700776860', 'Dept-9', 'FullTime', '4/26/2019'),
('I700776861', 'Dept-3', 'FullTime', '2/24/2021'),
('I700776862', 'Dept-14', 'FullTime', '1/17/2021'),
('I700776863', 'Dept-9', 'PartTime', '10/16/2021'),
('I700776864', 'Dept-4', 'FullTime', '09/07/2021'),
('I700776865', 'Dept-1', 'PartTime', '01/10/2020'),
('I700776866', 'Dept-1', 'PartTime', '10/23/2018'),
('I700776867', 'Dept-10', 'PartTime', '1/27/2019'),
('I700776868', 'Dept-11', 'FullTime', '10/30/2020'),
('I700776869', 'Dept-9', 'PartTime', '8/21/2021'),
('I700776870', 'Dept-1', 'PartTime', '10/31/2020'),
('I700776871', 'Dept-4', 'FullTime', '1/19/2020'),
('I700776872', 'Dept-7', 'PartTime', '1/21/2021'),
('I700776873', 'Dept-7', 'PartTime', '4/24/2019'),
('I700776874', 'Dept-10', 'FullTime', '3/13/2020'),
('I700776875', 'Dept-10', 'PartTime', '01/05/2021'),
('I700776876', 'Dept-10', 'PartTime', '5/27/2020'),
('I700776877', 'Dept-6', 'FullTime', '7/30/2019'),
('I700776878', 'Dept-6', 'FullTime', '8/25/2021'),
('I700776879', 'Dept-9', 'FullTime', '3/24/2021'),
('I700776880', 'Dept-5', 'FullTime', '08/07/2021'),
('I700776881', 'Dept-15', 'FullTime', '10/16/2019'),
('I700776882', 'Dept-11', 'FullTime', '04/09/2020'),
('I700776883', 'Dept-14', 'FullTime', '4/17/2021'),
('I700776884', 'Dept-13', 'PartTime', '1/17/2019'),
('I700776885', 'Dept-8', 'PartTime', '8/26/2021'),
('I700776886', 'Dept-1', 'FullTime', '11/26/2018'),
('I700776887', 'Dept-5', 'PartTime', '10/21/2021'),
('I700776888', 'Dept-12', 'FullTime', '10/04/2021'),
('I700776889', 'Dept-9', 'PartTime', '10/16/2021'),
('I700776890', 'Dept-3', 'PartTime', '09/11/2019'),
('I700776891', 'Dept-16', 'FullTime', '9/26/2019'),
('I700776892', 'Dept-12', 'FullTime', '2/20/2021'),
('I700776893', 'Dept-4', 'FullTime', '4/17/2019'),
('I700776894', 'Dept-10', 'FullTime', '2/23/2020'),
('I700776895', 'Dept-14', 'FullTime', '09/03/2020'),
('I700776896', 'Dept-11', 'PartTime', '2/17/2020'),
('I700776897', 'Dept-4', 'PartTime', '11/19/2020'),
('I700776898', 'Dept-7', 'PartTime', '03/01/2021'),
('I700776899', 'Dept-8', 'FullTime', '05/06/2019'),
('I700776900', 'Dept-16', 'PartTime', '9/13/2019'),
('I700776901', 'Dept-1', 'FullTime', '9/29/2020'),
('I700776902', 'Dept-13', 'FullTime', '09/03/2019'),
('I700776903', 'Dept-11', 'FullTime', '7/20/2019'),
('I700776904', 'Dept-4', 'PartTime', '5/24/2020'),
('I700776905', 'Dept-3', 'FullTime', '09/07/2020');

-- --------------------------------------------------------

--
-- Table structure for table `faculty_fulltime`
--

CREATE TABLE `faculty_fulltime` (
  `FacultyID` varchar(10) NOT NULL,
  `MinCourse` int(11) DEFAULT NULL,
  `MaxCourse` int(11) DEFAULT NULL
) ENGINE=InnoDB DEFAULT CHARSET=latin1;

--
-- Dumping data for table `faculty_fulltime`
--

INSERT INTO `faculty_fulltime` (`FacultyID`, `MinCourse`, `MaxCourse`) VALUES
('I700776407', 2, 3),
('I700776409', 2, 3),
('I700776413', 2, 3),
('I700776414', 2, 3),
('I700776420', 2, 3),
('I700776421', 2, 3),
('I700776425', 2, 3),
('I700776426', 2, 3),
('I700776427', 2, 3),
('I700776428', 2, 3),
('I700776429', 2, 3),
('I700776431', 2, 3),
('I700776434', 2, 3),
('I700776435', 2, 3),
('I700776438', 2, 3),
('I700776441', 2, 3),
('I700776442', 2, 3),
('I700776444', 2, 3),
('I700776446', 2, 3),
('I700776448', 2, 3),
('I700776449', 2, 3),
('I700776455', 2, 3),
('I700776456', 2, 3),
('I700776457', 2, 3),
('I700776458', 2, 3),
('I700776459', 2, 3),
('I700776463', 2, 3),
('I700776464', 2, 3),
('I700776465', 2, 3),
('I700776468', 2, 3),
('I700776470', 2, 3),
('I700776471', 2, 3),
('I700776476', 2, 3),
('I700776477', 2, 3),
('I700776478', 2, 3),
('I700776480', 2, 3),
('I700776481', 2, 3),
('I700776484', 2, 3),
('I700776486', 2, 3),
('I700776492', 2, 3),
('I700776495', 2, 3),
('I700776496', 2, 3),
('I700776497', 2, 3),
('I700776502', 2, 3),
('I700776504', 2, 3),
('I700776505', 2, 3),
('I700776506', 2, 3),
('I700776508', 2, 3),
('I700776512', 2, 3),
('I700776513', 2, 3),
('I700776516', 2, 3),
('I700776519', 2, 3),
('I700776522', 2, 3),
('I700776525', 2, 3),
('I700776527', 2, 3),
('I700776530', 2, 3),
('I700776532', 2, 3),
('I700776534', 2, 3),
('I700776536', 2, 3),
('I700776538', 2, 3),
('I700776539', 2, 3),
('I700776543', 2, 3),
('I700776546', 2, 3),
('I700776547', 2, 3),
('I700776550', 2, 3),
('I700776551', 2, 3),
('I700776553', 2, 3),
('I700776554', 2, 3),
('I700776555', 2, 3),
('I700776557', 2, 3),
('I700776558', 2, 3),
('I700776561', 2, 3),
('I700776563', 2, 3),
('I700776566', 2, 3),
('I700776569', 2, 3),
('I700776570', 2, 3),
('I700776571', 2, 3),
('I700776572', 2, 3),
('I700776577', 2, 3),
('I700776581', 2, 3),
('I700776582', 2, 3),
('I700776583', 2, 3),
('I700776584', 2, 3),
('I700776585', 2, 3),
('I700776587', 2, 3),
('I700776589', 2, 3),
('I700776590', 2, 3),
('I700776591', 2, 3),
('I700776593', 2, 3),
('I700776594', 2, 3),
('I700776595', 2, 3),
('I700776598', 2, 3),
('I700776599', 2, 3),
('I700776604', 2, 3),
('I700776605', 2, 3),
('I700776610', 2, 3),
('I700776612', 2, 3),
('I700776617', 2, 3),
('I700776620', 2, 3),
('I700776622', 2, 3),
('I700776626', 2, 3),
('I700776627', 2, 3),
('I700776630', 2, 3),
('I700776631', 2, 3),
('I700776632', 2, 3),
('I700776635', 2, 3),
('I700776636', 2, 3),
('I700776639', 2, 3),
('I700776640', 2, 3),
('I700776642', 2, 3),
('I700776643', 2, 3),
('I700776651', 2, 3),
('I700776655', 2, 3),
('I700776658', 2, 3),
('I700776660', 2, 3),
('I700776661', 2, 3),
('I700776663', 2, 3),
('I700776666', 2, 3),
('I700776667', 2, 3),
('I700776669', 2, 3),
('I700776670', 2, 3),
('I700776671', 2, 3),
('I700776677', 2, 3),
('I700776678', 2, 3),
('I700776680', 2, 3),
('I700776681', 2, 3),
('I700776684', 2, 3),
('I700776685', 2, 3),
('I700776687', 2, 3),
('I700776688', 2, 3),
('I700776690', 2, 3),
('I700776691', 2, 3),
('I700776694', 2, 3),
('I700776695', 2, 3),
('I700776696', 2, 3),
('I700776697', 2, 3),
('I700776698', 2, 3),
('I700776702', 2, 3),
('I700776703', 2, 3),
('I700776706', 2, 3),
('I700776708', 2, 3),
('I700776709', 2, 3),
('I700776715', 2, 3),
('I700776716', 2, 3),
('I700776719', 2, 3),
('I700776722', 2, 3),
('I700776726', 2, 3),
('I700776728', 2, 3),
('I700776729', 2, 3),
('I700776731', 2, 3),
('I700776732', 2, 3),
('I700776733', 2, 3),
('I700776735', 2, 3),
('I700776736', 2, 3),
('I700776738', 2, 3),
('I700776740', 2, 3),
('I700776741', 2, 3),
('I700776742', 2, 3),
('I700776743', 2, 3),
('I700776744', 2, 3),
('I700776745', 2, 3),
('I700776748', 2, 3),
('I700776749', 2, 3),
('I700776753', 2, 3),
('I700776754', 2, 3),
('I700776755', 2, 3),
('I700776756', 2, 3),
('I700776757', 2, 3),
('I700776759', 2, 3),
('I700776761', 2, 3),
('I700776762', 2, 3),
('I700776764', 2, 3),
('I700776765', 2, 3),
('I700776766', 2, 3),
('I700776767', 2, 3),
('I700776768', 2, 3),
('I700776770', 2, 3),
('I700776772', 2, 3),
('I700776773', 2, 3),
('I700776774', 2, 3),
('I700776775', 2, 3),
('I700776776', 2, 3),
('I700776778', 2, 3),
('I700776781', 2, 3),
('I700776782', 2, 3),
('I700776788', 2, 3),
('I700776789', 2, 3),
('I700776790', 2, 3),
('I700776794', 2, 3),
('I700776797', 2, 3),
('I700776798', 2, 3),
('I700776801', 2, 3),
('I700776802', 2, 3),
('I700776803', 2, 3),
('I700776804', 2, 3),
('I700776807', 2, 3),
('I700776808', 2, 3),
('I700776809', 2, 3),
('I700776810', 2, 3),
('I700776811', 2, 3),
('I700776812', 2, 3),
('I700776815', 2, 3),
('I700776818', 2, 3),
('I700776821', 2, 3),
('I700776822', 2, 3),
('I700776824', 2, 3),
('I700776826', 2, 3),
('I700776828', 2, 3),
('I700776832', 2, 3),
('I700776835', 2, 3),
('I700776836', 2, 3),
('I700776840', 2, 3),
('I700776841', 2, 3),
('I700776843', 2, 3),
('I700776844', 2, 3),
('I700776845', 2, 3),
('I700776846', 2, 3),
('I700776847', 2, 3),
('I700776852', 2, 3),
('I700776854', 2, 3),
('I700776855', 2, 3),
('I700776857', 2, 3),
('I700776860', 2, 3),
('I700776861', 2, 3),
('I700776862', 2, 3),
('I700776864', 2, 3),
('I700776868', 2, 3),
('I700776871', 2, 3),
('I700776874', 2, 3),
('I700776877', 2, 3),
('I700776878', 2, 3),
('I700776879', 2, 3),
('I700776880', 2, 3),
('I700776881', 2, 3),
('I700776882', 2, 3),
('I700776883', 2, 3),
('I700776886', 2, 3),
('I700776888', 2, 3),
('I700776891', 2, 3),
('I700776892', 2, 3),
('I700776893', 2, 3),
('I700776894', 2, 3),
('I700776895', 2, 3),
('I700776899', 2, 3),
('I700776901', 2, 3),
('I700776902', 2, 3),
('I700776903', 2, 3),
('I700776905', 2, 3);

-- --------------------------------------------------------

--
-- Table structure for table `faculty_parttime`
--

CREATE TABLE `faculty_parttime` (
  `FacultyID` varchar(100) DEFAULT NULL,
  `MinCourse` int(11) DEFAULT NULL,
  `MaxCourse` int(11) DEFAULT NULL
) ENGINE=InnoDB DEFAULT CHARSET=latin1;

--
-- Dumping data for table `faculty_parttime`
--

INSERT INTO `faculty_parttime` (`FacultyID`, `MinCourse`, `MaxCourse`) VALUES
('I700776406', 2, 3),
('I700776408', 2, 3),
('I700776410', 2, 3),
('I700776411', 2, 3),
('I700776412', 2, 3),
('I700776415', 2, 3),
('I700776416', 2, 3),
('I700776417', 2, 3),
('I700776418', 2, 3),
('I700776419', 2, 3),
('I700776422', 2, 3),
('I700776423', 2, 3),
('I700776424', 2, 3),
('I700776430', 2, 3),
('I700776432', 2, 3),
('I700776433', 2, 3),
('I700776436', 2, 3),
('I700776437', 2, 3),
('I700776439', 2, 3),
('I700776440', 2, 3),
('I700776443', 2, 3),
('I700776445', 2, 3),
('I700776447', 2, 3),
('I700776450', 2, 3),
('I700776451', 2, 3),
('I700776452', 2, 3),
('I700776453', 2, 3),
('I700776454', 2, 3),
('I700776460', 2, 3),
('I700776461', 2, 3),
('I700776462', 2, 3),
('I700776466', 2, 3),
('I700776467', 2, 3),
('I700776469', 2, 3),
('I700776472', 2, 3),
('I700776473', 2, 3),
('I700776474', 2, 3),
('I700776475', 2, 3),
('I700776479', 2, 3),
('I700776482', 2, 3),
('I700776483', 2, 3),
('I700776485', 2, 3),
('I700776487', 2, 3),
('I700776488', 2, 3),
('I700776489', 2, 3),
('I700776490', 2, 3),
('I700776491', 2, 3),
('I700776493', 2, 3),
('I700776494', 2, 3),
('I700776498', 2, 3),
('I700776499', 2, 3),
('I700776500', 2, 3),
('I700776501', 2, 3),
('I700776503', 2, 3),
('I700776507', 2, 3),
('I700776509', 2, 3),
('I700776510', 2, 3),
('I700776511', 2, 3),
('I700776514', 2, 3),
('I700776515', 2, 3),
('I700776517', 2, 3),
('I700776518', 2, 3),
('I700776520', 2, 3),
('I700776521', 2, 3),
('I700776523', 2, 3),
('I700776524', 2, 3),
('I700776526', 2, 3),
('I700776528', 2, 3),
('I700776529', 2, 3),
('I700776531', 2, 3),
('I700776533', 2, 3),
('I700776535', 2, 3),
('I700776537', 2, 3),
('I700776540', 2, 3),
('I700776541', 2, 3),
('I700776542', 2, 3),
('I700776544', 2, 3),
('I700776545', 2, 3),
('I700776548', 2, 3),
('I700776549', 2, 3),
('I700776552', 2, 3),
('I700776556', 2, 3),
('I700776559', 2, 3),
('I700776560', 2, 3),
('I700776562', 2, 3),
('I700776564', 2, 3),
('I700776565', 2, 3),
('I700776567', 2, 3),
('I700776568', 2, 3),
('I700776573', 2, 3),
('I700776574', 2, 3),
('I700776575', 2, 3),
('I700776576', 2, 3),
('I700776578', 2, 3),
('I700776579', 2, 3),
('I700776580', 2, 3),
('I700776586', 2, 3),
('I700776588', 2, 3),
('I700776592', 2, 3),
('I700776596', 2, 3),
('I700776597', 2, 3),
('I700776600', 2, 3),
('I700776601', 2, 3),
('I700776602', 2, 3),
('I700776603', 2, 3),
('I700776606', 2, 3),
('I700776607', 2, 3),
('I700776608', 2, 3),
('I700776609', 2, 3),
('I700776611', 2, 3),
('I700776613', 2, 3),
('I700776614', 2, 3),
('I700776615', 2, 3),
('I700776616', 2, 3),
('I700776618', 2, 3),
('I700776619', 2, 3),
('I700776621', 2, 3),
('I700776623', 2, 3),
('I700776624', 2, 3),
('I700776625', 2, 3),
('I700776628', 2, 3),
('I700776629', 2, 3),
('I700776633', 2, 3),
('I700776634', 2, 3),
('I700776637', 2, 3),
('I700776638', 2, 3),
('I700776641', 2, 3),
('I700776644', 2, 3),
('I700776645', 2, 3),
('I700776646', 2, 3),
('I700776647', 2, 3),
('I700776648', 2, 3),
('I700776649', 2, 3),
('I700776650', 2, 3),
('I700776652', 2, 3),
('I700776653', 2, 3),
('I700776654', 2, 3),
('I700776656', 2, 3),
('I700776657', 2, 3),
('I700776659', 2, 3),
('I700776662', 2, 3),
('I700776664', 2, 3),
('I700776665', 2, 3),
('I700776668', 2, 3),
('I700776672', 2, 3),
('I700776673', 2, 3),
('I700776674', 2, 3),
('I700776675', 2, 3),
('I700776676', 2, 3),
('I700776679', 2, 3),
('I700776682', 2, 3),
('I700776683', 2, 3),
('I700776686', 2, 3),
('I700776689', 2, 3),
('I700776692', 2, 3),
('I700776693', 2, 3),
('I700776699', 2, 3),
('I700776700', 2, 3),
('I700776701', 2, 3),
('I700776704', 2, 3),
('I700776705', 2, 3),
('I700776707', 2, 3),
('I700776710', 2, 3),
('I700776711', 2, 3),
('I700776712', 2, 3),
('I700776713', 2, 3),
('I700776714', 2, 3),
('I700776717', 2, 3),
('I700776718', 2, 3),
('I700776720', 2, 3),
('I700776721', 2, 3),
('I700776723', 2, 3),
('I700776724', 2, 3),
('I700776725', 2, 3),
('I700776727', 2, 3),
('I700776730', 2, 3),
('I700776734', 2, 3),
('I700776737', 2, 3),
('I700776739', 2, 3),
('I700776746', 2, 3),
('I700776747', 2, 3),
('I700776750', 2, 3),
('I700776751', 2, 3),
('I700776752', 2, 3),
('I700776758', 2, 3),
('I700776760', 2, 3),
('I700776763', 2, 3),
('I700776769', 2, 3),
('I700776771', 2, 3),
('I700776777', 2, 3),
('I700776779', 2, 3),
('I700776780', 2, 3),
('I700776783', 2, 3),
('I700776784', 2, 3),
('I700776785', 2, 3),
('I700776786', 2, 3),
('I700776787', 2, 3),
('I700776791', 2, 3),
('I700776792', 2, 3),
('I700776793', 2, 3),
('I700776795', 2, 3),
('I700776796', 2, 3),
('I700776799', 2, 3),
('I700776800', 2, 3),
('I700776805', 2, 3),
('I700776806', 2, 3),
('I700776813', 2, 3),
('I700776814', 2, 3),
('I700776816', 2, 3),
('I700776817', 2, 3),
('I700776819', 2, 3),
('I700776820', 2, 3),
('I700776823', 2, 3),
('I700776825', 2, 3),
('I700776827', 2, 3),
('I700776829', 2, 3),
('I700776830', 2, 3),
('I700776831', 2, 3),
('I700776833', 2, 3),
('I700776834', 2, 3),
('I700776837', 2, 3),
('I700776838', 2, 3),
('I700776839', 2, 3),
('I700776842', 2, 3),
('I700776848', 2, 3),
('I700776849', 2, 3),
('I700776850', 2, 3),
('I700776851', 2, 3),
('I700776853', 2, 3),
('I700776856', 2, 3),
('I700776858', 2, 3),
('I700776859', 2, 3),
('I700776863', 2, 3),
('I700776865', 2, 3),
('I700776866', 2, 3),
('I700776867', 2, 3),
('I700776869', 2, 3),
('I700776870', 2, 3),
('I700776872', 2, 3),
('I700776873', 2, 3),
('I700776875', 2, 3),
('I700776876', 2, 3),
('I700776884', 2, 3),
('I700776885', 2, 3),
('I700776887', 2, 3),
('I700776889', 2, 3),
('I700776890', 2, 3),
('I700776896', 2, 3),
('I700776897', 2, 3),
('I700776898', 2, 3),
('I700776900', 2, 3),
('I700776904', 2, 3);

-- --------------------------------------------------------

--
-- Table structure for table `graduate_fulltime`
--

CREATE TABLE `graduate_fulltime` (
  `StudentID` varchar(10) NOT NULL,
  `CreditEarned` double DEFAULT NULL
) ENGINE=InnoDB DEFAULT CHARSET=latin1;

--
-- Dumping data for table `graduate_fulltime`
--

INSERT INTO `graduate_fulltime` (`StudentID`, `CreditEarned`) VALUES
('I700777414', 26),
('I700777417', 25),
('I700777419', 23),
('I700777420', 20),
('I700777421', 24),
('I700777422', 27),
('I700777423', 28),
('I700777427', 24),
('I700777432', 27),
('I700777434', 20),
('I700777440', 26),
('I700777444', 27),
('I700777461', 24),
('I700777468', 29),
('I700777469', 21),
('I700777471', 30),
('I700777472', 21),
('I700777474', 24),
('I700777479', 27),
('I700777490', 24),
('I700777493', 30),
('I700777494', 22),
('I700777497', 24),
('I700777515', 29),
('I700777523', 25),
('I700777525', 24),
('I700777527', 28),
('I700777529', 29),
('I700777532', 27),
('I700777533', 23),
('I700777537', 24),
('I700777538', 29),
('I700777539', 30),
('I700777543', 25),
('I700777548', 27),
('I700777549', 29),
('I700777550', 23),
('I700777551', 25),
('I700777556', 21),
('I700777560', 20),
('I700777562', 20),
('I700777566', 27),
('I700777593', 28),
('I700777597', 21),
('I700777598', 30),
('I700777600', 24),
('I700777601', 25),
('I700777603', 20),
('I700777605', 24),
('I700777609', 26),
('I700777610', 29),
('I700777621', 22),
('I700777623', 25),
('I700777624', 24),
('I700777637', 24),
('I700777651', 21),
('I700777653', 27),
('I700777655', 25),
('I700777657', 28),
('I700777666', 26),
('I700777670', 28),
('I700777672', 26),
('I700777683', 26),
('I700777684', 22),
('I700777685', 25),
('I700777686', 21),
('I700777687', 26),
('I700777693', 27),
('I700777694', 28),
('I700777698', 28),
('I700777699', 28),
('I700777701', 23),
('I700777702', 24),
('I700777704', 27),
('I700777707', 29),
('I700777711', 25),
('I700777719', 25),
('I700777728', 29),
('I700777733', 29),
('I700777743', 24),
('I700777746', 25),
('I700777755', 29),
('I700777759', 30),
('I700777763', 22),
('I700777764', 27),
('I700777766', 22),
('I700777772', 20),
('I700777776', 22),
('I700777785', 20),
('I700777787', 29),
('I700777790', 22),
('I700777796', 20),
('I700777797', 30),
('I700777801', 25),
('I700777803', 20),
('I700777808', 28),
('I700777814', 22),
('I700777817', 27),
('I700777818', 28),
('I700777826', 29),
('I700777828', 28),
('I700777829', 27),
('I700777833', 30),
('I700777837', 23),
('I700777840', 21),
('I700777843', 29),
('I700777844', 25),
('I700777845', 23),
('I700777853', 22),
('I700777859', 21),
('I700777869', 29),
('I700777875', 21),
('I700777877', 20),
('I700777878', 22),
('I700777881', 23),
('I700777884', 24),
('I700777886', 28),
('I700777888', 28),
('I700777891', 24),
('I700777892', 30),
('I700777893', 23),
('I700777894', 23),
('I700777897', 29),
('I700777903', 20),
('I700777905', 27),
('I700777908', 28),
('I700777909', 23),
('I700777913', 21),
('I700777921', 30),
('I700777922', 23),
('I700777929', 21),
('I700777940', 24),
('I700777944', 21),
('I700777947', 23),
('I700777951', 28),
('I700777960', 21),
('I700777964', 27),
('I700777971', 24),
('I700777976', 23),
('I700777977', 20),
('I700777981', 25),
('I700777988', 28),
('I700777990', 23),
('I700777994', 24),
('I700777997', 20),
('I700778000', 21),
('I700778006', 20),
('I700778008', 28),
('I700778012', 25),
('I700778019', 23),
('I700778022', 27),
('I700778024', 26),
('I700778028', 27),
('I700778031', 25),
('I700778034', 21),
('I700778036', 28),
('I700778047', 22),
('I700778048', 29),
('I700778051', 29),
('I700778055', 26),
('I700778057', 24),
('I700778060', 22),
('I700778061', 22),
('I700778065', 25),
('I700778066', 28),
('I700778073', 21),
('I700778079', 25),
('I700778081', 30),
('I700778082', 22),
('I700778085', 28),
('I700778092', 29),
('I700778094', 25),
('I700778104', 20),
('I700778105', 25),
('I700778106', 29),
('I700778107', 29),
('I700778110', 26),
('I700778114', 27),
('I700778115', 30),
('I700778117', 26),
('I700778123', 24),
('I700778128', 21),
('I700778135', 25),
('I700778136', 24),
('I700778138', 29),
('I700778141', 20),
('I700778158', 23),
('I700778165', 23),
('I700778166', 26),
('I700778173', 22),
('I700778174', 21),
('I700778186', 26),
('I700778189', 27),
('I700778194', 26),
('I700778195', 26),
('I700778197', 21),
('I700778202', 20),
('I700778208', 29),
('I700778215', 27),
('I700778222', 23),
('I700778235', 20),
('I700778241', 23),
('I700778244', 23),
('I700778249', 28),
('I700778252', 20),
('I700778260', 22),
('I700778265', 30),
('I700778268', 29),
('I700778269', 25),
('I700778278', 29),
('I700778282', 24),
('I700778284', 30),
('I700778286', 25),
('I700778297', 25),
('I700778305', 24),
('I700778313', 22),
('I700778317', 26),
('I700778320', 26),
('I700778322', 29),
('I700778323', 23),
('I700778334', 26),
('I700778336', 20),
('I700778337', 20),
('I700778338', 26),
('I700778346', 20),
('I700778348', 21),
('I700778349', 29),
('I700778360', 27),
('I700778361', 28),
('I700778362', 25),
('I700778365', 29),
('I700778366', 23),
('I700778370', 26),
('I700778374', 21),
('I700778375', 29),
('I700778380', 23),
('I700778381', 25),
('I700778382', 20),
('I700778383', 24),
('I700778389', 29),
('I700778393', 20),
('I700778394', 20),
('I700778397', 28),
('I700778398', 23);

-- --------------------------------------------------------

--
-- Table structure for table `graduate_parttime`
--

CREATE TABLE `graduate_parttime` (
  `StudentID` varchar(10) NOT NULL,
  `CreditEarned` double DEFAULT NULL
) ENGINE=InnoDB DEFAULT CHARSET=latin1;

--
-- Dumping data for table `graduate_parttime`
--

INSERT INTO `graduate_parttime` (`StudentID`, `CreditEarned`) VALUES
('I700777406', 25),
('I700777407', 25),
('I700777408', 30),
('I700777409', 30),
('I700777413', 28),
('I700777415', 24),
('I700777418', 21),
('I700777424', 25),
('I700777433', 22),
('I700777435', 22),
('I700777436', 20),
('I700777445', 23),
('I700777446', 20),
('I700777450', 21),
('I700777452', 24),
('I700777453', 20),
('I700777456', 29),
('I700777460', 30),
('I700777463', 30),
('I700777465', 20),
('I700777466', 20),
('I700777473', 22),
('I700777476', 22),
('I700777478', 22),
('I700777480', 26),
('I700777485', 21),
('I700777491', 23),
('I700777499', 23),
('I700777507', 27),
('I700777508', 22),
('I700777510', 20),
('I700777511', 22),
('I700777516', 25),
('I700777528', 22),
('I700777531', 24),
('I700777534', 28),
('I700777535', 23),
('I700777545', 29),
('I700777546', 22),
('I700777552', 20),
('I700777555', 23),
('I700777557', 26),
('I700777559', 28),
('I700777565', 26),
('I700777569', 21),
('I700777572', 23),
('I700777573', 25),
('I700777574', 29),
('I700777575', 28),
('I700777576', 23),
('I700777582', 24),
('I700777584', 23),
('I700777585', 26),
('I700777586', 20),
('I700777587', 26),
('I700777588', 21),
('I700777594', 24),
('I700777596', 27),
('I700777599', 24),
('I700777604', 30),
('I700777606', 26),
('I700777607', 25),
('I700777608', 21),
('I700777611', 22),
('I700777615', 27),
('I700777618', 27),
('I700777619', 24),
('I700777620', 21),
('I700777622', 21),
('I700777629', 28),
('I700777631', 25),
('I700777633', 27),
('I700777634', 22),
('I700777638', 22),
('I700777639', 20),
('I700777643', 20),
('I700777661', 29),
('I700777667', 27),
('I700777674', 20),
('I700777676', 26),
('I700777677', 24),
('I700777681', 29),
('I700777688', 29),
('I700777690', 25),
('I700777695', 30),
('I700777700', 25),
('I700777703', 22),
('I700777710', 27),
('I700777712', 26),
('I700777713', 22),
('I700777715', 21),
('I700777721', 26),
('I700777723', 30),
('I700777725', 27),
('I700777727', 30),
('I700777730', 26),
('I700777734', 27),
('I700777735', 27),
('I700777736', 28),
('I700777745', 20),
('I700777754', 24),
('I700777758', 26),
('I700777762', 24),
('I700777768', 21),
('I700777770', 26),
('I700777777', 30),
('I700777783', 30),
('I700777786', 25),
('I700777788', 27),
('I700777800', 20),
('I700777804', 28),
('I700777805', 21),
('I700777809', 20),
('I700777813', 24),
('I700777815', 24),
('I700777816', 30),
('I700777823', 28),
('I700777827', 26),
('I700777834', 30),
('I700777839', 26),
('I700777841', 29),
('I700777847', 20),
('I700777848', 24),
('I700777849', 21),
('I700777851', 25),
('I700777852', 28),
('I700777856', 21),
('I700777857', 25),
('I700777861', 29),
('I700777862', 25),
('I700777863', 24),
('I700777864', 25),
('I700777867', 30),
('I700777870', 24),
('I700777872', 26),
('I700777876', 26),
('I700777880', 28),
('I700777887', 21),
('I700777898', 22),
('I700777900', 20),
('I700777914', 22),
('I700777916', 20),
('I700777917', 30),
('I700777919', 28),
('I700777925', 29),
('I700777928', 26),
('I700777936', 21),
('I700777937', 22),
('I700777938', 20),
('I700777946', 28),
('I700777949', 30),
('I700777957', 23),
('I700777966', 22),
('I700777967', 29),
('I700777968', 28),
('I700777974', 20),
('I700777984', 22),
('I700777986', 30),
('I700777987', 26),
('I700777995', 25),
('I700778007', 28),
('I700778010', 21),
('I700778014', 20),
('I700778016', 25),
('I700778020', 24),
('I700778027', 25),
('I700778029', 27),
('I700778030', 29),
('I700778033', 28),
('I700778037', 24),
('I700778038', 29),
('I700778039', 22),
('I700778040', 20),
('I700778053', 29),
('I700778054', 29),
('I700778056', 29),
('I700778058', 23),
('I700778071', 28),
('I700778080', 22),
('I700778083', 26),
('I700778088', 27),
('I700778099', 22),
('I700778103', 25),
('I700778108', 29),
('I700778113', 30),
('I700778116', 29),
('I700778119', 29),
('I700778120', 23),
('I700778125', 22),
('I700778131', 24),
('I700778134', 27),
('I700778140', 27),
('I700778146', 21),
('I700778151', 23),
('I700778156', 26),
('I700778163', 30),
('I700778171', 27),
('I700778172', 30),
('I700778176', 20),
('I700778180', 28),
('I700778184', 21),
('I700778185', 23),
('I700778192', 25),
('I700778196', 29),
('I700778200', 27),
('I700778203', 25),
('I700778204', 30),
('I700778206', 28),
('I700778210', 23),
('I700778212', 23),
('I700778217', 23),
('I700778218', 26),
('I700778219', 24),
('I700778220', 30),
('I700778221', 26),
('I700778223', 26),
('I700778224', 21),
('I700778225', 27),
('I700778229', 29),
('I700778230', 30),
('I700778231', 21),
('I700778233', 26),
('I700778234', 28),
('I700778253', 29),
('I700778256', 28),
('I700778257', 30),
('I700778261', 29),
('I700778264', 21),
('I700778267', 27),
('I700778273', 21),
('I700778275', 23),
('I700778279', 22),
('I700778285', 28),
('I700778287', 29),
('I700778290', 24),
('I700778291', 30),
('I700778292', 24),
('I700778293', 23),
('I700778295', 22),
('I700778299', 22),
('I700778304', 26),
('I700778306', 20),
('I700778308', 30),
('I700778309', 22),
('I700778311', 23),
('I700778312', 27),
('I700778315', 24),
('I700778316', 24),
('I700778324', 29),
('I700778327', 23),
('I700778328', 29),
('I700778331', 28),
('I700778335', 28),
('I700778339', 27),
('I700778340', 26),
('I700778342', 29),
('I700778345', 23),
('I700778351', 24),
('I700778354', 28),
('I700778356', 27),
('I700778357', 28),
('I700778358', 30),
('I700778363', 25),
('I700778367', 23),
('I700778385', 24),
('I700778390', 30),
('I700778391', 29),
('I700778392', 30),
('I700778400', 25),
('I700778403', 20),
('I700778404', 28);

-- --------------------------------------------------------

--
-- Table structure for table `graduate_student`
--

CREATE TABLE `graduate_student` (
  `StudentID` varchar(10) NOT NULL,
  `StudentType` varchar(50) DEFAULT NULL
) ENGINE=InnoDB DEFAULT CHARSET=latin1;

--
-- Dumping data for table `graduate_student`
--

INSERT INTO `graduate_student` (`StudentID`, `StudentType`) VALUES
('I700777406', 'PartTime'),
('I700777407', 'PartTime'),
('I700777408', 'PartTime'),
('I700777409', 'PartTime'),
('I700777413', 'PartTime'),
('I700777414', 'FullTime'),
('I700777415', 'PartTime'),
('I700777417', 'FullTime'),
('I700777418', 'PartTime'),
('I700777419', 'FullTime'),
('I700777420', 'FullTime'),
('I700777421', 'FullTime'),
('I700777422', 'FullTime'),
('I700777423', 'FullTime'),
('I700777424', 'PartTime'),
('I700777427', 'FullTime'),
('I700777432', 'FullTime'),
('I700777433', 'PartTime'),
('I700777434', 'FullTime'),
('I700777435', 'PartTime'),
('I700777436', 'PartTime'),
('I700777440', 'FullTime'),
('I700777444', 'FullTime'),
('I700777445', 'PartTime'),
('I700777446', 'PartTime'),
('I700777450', 'PartTime'),
('I700777452', 'PartTime'),
('I700777453', 'PartTime'),
('I700777456', 'PartTime'),
('I700777460', 'PartTime'),
('I700777461', 'FullTime'),
('I700777463', 'PartTime'),
('I700777465', 'PartTime'),
('I700777466', 'PartTime'),
('I700777468', 'FullTime'),
('I700777469', 'FullTime'),
('I700777471', 'FullTime'),
('I700777472', 'FullTime'),
('I700777473', 'PartTime'),
('I700777474', 'FullTime'),
('I700777476', 'PartTime'),
('I700777478', 'PartTime'),
('I700777479', 'FullTime'),
('I700777480', 'PartTime'),
('I700777485', 'PartTime'),
('I700777490', 'FullTime'),
('I700777491', 'PartTime'),
('I700777493', 'FullTime'),
('I700777494', 'FullTime'),
('I700777497', 'FullTime'),
('I700777499', 'PartTime'),
('I700777507', 'PartTime'),
('I700777508', 'PartTime'),
('I700777510', 'PartTime'),
('I700777511', 'PartTime'),
('I700777515', 'FullTime'),
('I700777516', 'PartTime'),
('I700777523', 'FullTime'),
('I700777525', 'FullTime'),
('I700777527', 'FullTime'),
('I700777528', 'PartTime'),
('I700777529', 'FullTime'),
('I700777531', 'PartTime'),
('I700777532', 'FullTime'),
('I700777533', 'FullTime'),
('I700777534', 'PartTime'),
('I700777535', 'PartTime'),
('I700777537', 'FullTime'),
('I700777538', 'FullTime'),
('I700777539', 'FullTime'),
('I700777543', 'FullTime'),
('I700777545', 'PartTime'),
('I700777546', 'PartTime'),
('I700777548', 'FullTime'),
('I700777549', 'FullTime'),
('I700777550', 'FullTime'),
('I700777551', 'FullTime'),
('I700777552', 'PartTime'),
('I700777555', 'PartTime'),
('I700777556', 'FullTime'),
('I700777557', 'PartTime'),
('I700777559', 'PartTime'),
('I700777560', 'FullTime'),
('I700777562', 'FullTime'),
('I700777565', 'PartTime'),
('I700777566', 'FullTime'),
('I700777569', 'PartTime'),
('I700777572', 'PartTime'),
('I700777573', 'PartTime'),
('I700777574', 'PartTime'),
('I700777575', 'PartTime'),
('I700777576', 'PartTime'),
('I700777582', 'PartTime'),
('I700777584', 'PartTime'),
('I700777585', 'PartTime'),
('I700777586', 'PartTime'),
('I700777587', 'PartTime'),
('I700777588', 'PartTime'),
('I700777593', 'FullTime'),
('I700777594', 'PartTime'),
('I700777596', 'PartTime'),
('I700777597', 'FullTime'),
('I700777598', 'FullTime'),
('I700777599', 'PartTime'),
('I700777600', 'FullTime'),
('I700777601', 'FullTime'),
('I700777603', 'FullTime'),
('I700777604', 'PartTime'),
('I700777605', 'FullTime'),
('I700777606', 'PartTime'),
('I700777607', 'PartTime'),
('I700777608', 'PartTime'),
('I700777609', 'FullTime'),
('I700777610', 'FullTime'),
('I700777611', 'PartTime'),
('I700777615', 'PartTime'),
('I700777618', 'PartTime'),
('I700777619', 'PartTime'),
('I700777620', 'PartTime'),
('I700777621', 'FullTime'),
('I700777622', 'PartTime'),
('I700777623', 'FullTime'),
('I700777624', 'FullTime'),
('I700777629', 'PartTime'),
('I700777631', 'PartTime'),
('I700777633', 'PartTime'),
('I700777634', 'PartTime'),
('I700777637', 'FullTime'),
('I700777638', 'PartTime'),
('I700777639', 'PartTime'),
('I700777643', 'PartTime'),
('I700777651', 'FullTime'),
('I700777653', 'FullTime'),
('I700777655', 'FullTime'),
('I700777657', 'FullTime'),
('I700777661', 'PartTime'),
('I700777666', 'FullTime'),
('I700777667', 'PartTime'),
('I700777670', 'FullTime'),
('I700777672', 'FullTime'),
('I700777674', 'PartTime'),
('I700777676', 'PartTime'),
('I700777677', 'PartTime'),
('I700777681', 'PartTime'),
('I700777683', 'FullTime'),
('I700777684', 'FullTime'),
('I700777685', 'FullTime'),
('I700777686', 'FullTime'),
('I700777687', 'FullTime'),
('I700777688', 'PartTime'),
('I700777690', 'PartTime'),
('I700777693', 'FullTime'),
('I700777694', 'FullTime'),
('I700777695', 'PartTime'),
('I700777698', 'FullTime'),
('I700777699', 'FullTime'),
('I700777700', 'PartTime'),
('I700777701', 'FullTime'),
('I700777702', 'FullTime'),
('I700777703', 'PartTime'),
('I700777704', 'FullTime'),
('I700777707', 'FullTime'),
('I700777710', 'PartTime'),
('I700777711', 'FullTime'),
('I700777712', 'PartTime'),
('I700777713', 'PartTime'),
('I700777715', 'PartTime'),
('I700777719', 'FullTime'),
('I700777721', 'PartTime'),
('I700777723', 'PartTime'),
('I700777725', 'PartTime'),
('I700777727', 'PartTime'),
('I700777728', 'FullTime'),
('I700777730', 'PartTime'),
('I700777733', 'FullTime'),
('I700777734', 'PartTime'),
('I700777735', 'PartTime'),
('I700777736', 'PartTime'),
('I700777743', 'FullTime'),
('I700777745', 'PartTime'),
('I700777746', 'FullTime'),
('I700777754', 'PartTime'),
('I700777755', 'FullTime'),
('I700777758', 'PartTime'),
('I700777759', 'FullTime'),
('I700777762', 'PartTime'),
('I700777763', 'FullTime'),
('I700777764', 'FullTime'),
('I700777766', 'FullTime'),
('I700777768', 'PartTime'),
('I700777770', 'PartTime'),
('I700777772', 'FullTime'),
('I700777776', 'FullTime'),
('I700777777', 'PartTime'),
('I700777783', 'PartTime'),
('I700777785', 'FullTime'),
('I700777786', 'PartTime'),
('I700777787', 'FullTime'),
('I700777788', 'PartTime'),
('I700777790', 'FullTime'),
('I700777796', 'FullTime'),
('I700777797', 'FullTime'),
('I700777800', 'PartTime'),
('I700777801', 'FullTime'),
('I700777803', 'FullTime'),
('I700777804', 'PartTime'),
('I700777805', 'PartTime'),
('I700777808', 'FullTime'),
('I700777809', 'PartTime'),
('I700777813', 'PartTime'),
('I700777814', 'FullTime'),
('I700777815', 'PartTime'),
('I700777816', 'PartTime'),
('I700777817', 'FullTime'),
('I700777818', 'FullTime'),
('I700777823', 'PartTime'),
('I700777826', 'FullTime'),
('I700777827', 'PartTime'),
('I700777828', 'FullTime'),
('I700777829', 'FullTime'),
('I700777833', 'FullTime'),
('I700777834', 'PartTime'),
('I700777837', 'FullTime'),
('I700777839', 'PartTime'),
('I700777840', 'FullTime'),
('I700777841', 'PartTime'),
('I700777843', 'FullTime'),
('I700777844', 'FullTime'),
('I700777845', 'FullTime'),
('I700777847', 'PartTime'),
('I700777848', 'PartTime'),
('I700777849', 'PartTime'),
('I700777851', 'PartTime'),
('I700777852', 'PartTime'),
('I700777853', 'FullTime'),
('I700777856', 'PartTime'),
('I700777857', 'PartTime'),
('I700777859', 'FullTime'),
('I700777861', 'PartTime'),
('I700777862', 'PartTime'),
('I700777863', 'PartTime'),
('I700777864', 'PartTime'),
('I700777867', 'PartTime'),
('I700777869', 'FullTime'),
('I700777870', 'PartTime'),
('I700777872', 'PartTime'),
('I700777875', 'FullTime'),
('I700777876', 'PartTime'),
('I700777877', 'FullTime'),
('I700777878', 'FullTime'),
('I700777880', 'PartTime'),
('I700777881', 'FullTime'),
('I700777884', 'FullTime'),
('I700777886', 'FullTime'),
('I700777887', 'PartTime'),
('I700777888', 'FullTime'),
('I700777891', 'FullTime'),
('I700777892', 'FullTime'),
('I700777893', 'FullTime'),
('I700777894', 'FullTime'),
('I700777897', 'FullTime'),
('I700777898', 'PartTime'),
('I700777900', 'PartTime'),
('I700777903', 'FullTime'),
('I700777905', 'FullTime'),
('I700777908', 'FullTime'),
('I700777909', 'FullTime'),
('I700777913', 'FullTime'),
('I700777914', 'PartTime'),
('I700777916', 'PartTime'),
('I700777917', 'PartTime'),
('I700777919', 'PartTime'),
('I700777921', 'FullTime'),
('I700777922', 'FullTime'),
('I700777925', 'PartTime'),
('I700777928', 'PartTime'),
('I700777929', 'FullTime'),
('I700777936', 'PartTime'),
('I700777937', 'PartTime'),
('I700777938', 'PartTime'),
('I700777940', 'FullTime'),
('I700777944', 'FullTime'),
('I700777946', 'PartTime'),
('I700777947', 'FullTime'),
('I700777949', 'PartTime'),
('I700777951', 'FullTime'),
('I700777957', 'PartTime'),
('I700777960', 'FullTime'),
('I700777964', 'FullTime'),
('I700777966', 'PartTime'),
('I700777967', 'PartTime'),
('I700777968', 'PartTime'),
('I700777971', 'FullTime'),
('I700777974', 'PartTime'),
('I700777976', 'FullTime'),
('I700777977', 'FullTime'),
('I700777981', 'FullTime'),
('I700777984', 'PartTime'),
('I700777986', 'PartTime'),
('I700777987', 'PartTime'),
('I700777988', 'FullTime'),
('I700777990', 'FullTime'),
('I700777994', 'FullTime'),
('I700777995', 'PartTime'),
('I700777997', 'FullTime'),
('I700778000', 'FullTime'),
('I700778006', 'FullTime'),
('I700778007', 'PartTime'),
('I700778008', 'FullTime'),
('I700778010', 'PartTime'),
('I700778012', 'FullTime'),
('I700778014', 'PartTime'),
('I700778016', 'PartTime'),
('I700778019', 'FullTime'),
('I700778020', 'PartTime'),
('I700778022', 'FullTime'),
('I700778024', 'FullTime'),
('I700778027', 'PartTime'),
('I700778028', 'FullTime'),
('I700778029', 'PartTime'),
('I700778030', 'PartTime'),
('I700778031', 'FullTime'),
('I700778033', 'PartTime'),
('I700778034', 'FullTime'),
('I700778036', 'FullTime'),
('I700778037', 'PartTime'),
('I700778038', 'PartTime'),
('I700778039', 'PartTime'),
('I700778040', 'PartTime'),
('I700778047', 'FullTime'),
('I700778048', 'FullTime'),
('I700778051', 'FullTime'),
('I700778053', 'PartTime'),
('I700778054', 'PartTime'),
('I700778055', 'FullTime'),
('I700778056', 'PartTime'),
('I700778057', 'FullTime'),
('I700778058', 'PartTime'),
('I700778060', 'FullTime'),
('I700778061', 'FullTime'),
('I700778065', 'FullTime'),
('I700778066', 'FullTime'),
('I700778071', 'PartTime'),
('I700778073', 'FullTime'),
('I700778079', 'FullTime'),
('I700778080', 'PartTime'),
('I700778081', 'FullTime'),
('I700778082', 'FullTime'),
('I700778083', 'PartTime'),
('I700778085', 'FullTime'),
('I700778088', 'PartTime'),
('I700778092', 'FullTime'),
('I700778094', 'FullTime'),
('I700778099', 'PartTime'),
('I700778103', 'PartTime'),
('I700778104', 'FullTime'),
('I700778105', 'FullTime'),
('I700778106', 'FullTime'),
('I700778107', 'FullTime'),
('I700778108', 'PartTime'),
('I700778110', 'FullTime'),
('I700778113', 'PartTime'),
('I700778114', 'FullTime'),
('I700778115', 'FullTime'),
('I700778116', 'PartTime'),
('I700778117', 'FullTime'),
('I700778119', 'PartTime'),
('I700778120', 'PartTime'),
('I700778123', 'FullTime'),
('I700778125', 'PartTime'),
('I700778128', 'FullTime'),
('I700778131', 'PartTime'),
('I700778134', 'PartTime'),
('I700778135', 'FullTime'),
('I700778136', 'FullTime'),
('I700778138', 'FullTime'),
('I700778140', 'PartTime'),
('I700778141', 'FullTime'),
('I700778146', 'PartTime'),
('I700778151', 'PartTime'),
('I700778156', 'PartTime'),
('I700778158', 'FullTime'),
('I700778163', 'PartTime'),
('I700778165', 'FullTime'),
('I700778166', 'FullTime'),
('I700778171', 'PartTime'),
('I700778172', 'PartTime'),
('I700778173', 'FullTime'),
('I700778174', 'FullTime'),
('I700778176', 'PartTime'),
('I700778180', 'PartTime'),
('I700778184', 'PartTime'),
('I700778185', 'PartTime'),
('I700778186', 'FullTime'),
('I700778189', 'FullTime'),
('I700778192', 'PartTime'),
('I700778194', 'FullTime'),
('I700778195', 'FullTime'),
('I700778196', 'PartTime'),
('I700778197', 'FullTime'),
('I700778200', 'PartTime'),
('I700778202', 'FullTime'),
('I700778203', 'PartTime'),
('I700778204', 'PartTime'),
('I700778206', 'PartTime'),
('I700778208', 'FullTime'),
('I700778210', 'PartTime'),
('I700778212', 'PartTime'),
('I700778215', 'FullTime'),
('I700778217', 'PartTime'),
('I700778218', 'PartTime'),
('I700778219', 'PartTime'),
('I700778220', 'PartTime'),
('I700778221', 'PartTime'),
('I700778222', 'FullTime'),
('I700778223', 'PartTime'),
('I700778224', 'PartTime'),
('I700778225', 'PartTime'),
('I700778229', 'PartTime'),
('I700778230', 'PartTime'),
('I700778231', 'PartTime'),
('I700778233', 'PartTime'),
('I700778234', 'PartTime'),
('I700778235', 'FullTime'),
('I700778241', 'FullTime'),
('I700778244', 'FullTime'),
('I700778249', 'FullTime'),
('I700778252', 'FullTime'),
('I700778253', 'PartTime'),
('I700778256', 'PartTime'),
('I700778257', 'PartTime'),
('I700778260', 'FullTime'),
('I700778261', 'PartTime'),
('I700778264', 'PartTime'),
('I700778265', 'FullTime'),
('I700778267', 'PartTime'),
('I700778268', 'FullTime'),
('I700778269', 'FullTime'),
('I700778273', 'PartTime'),
('I700778275', 'PartTime'),
('I700778278', 'FullTime'),
('I700778279', 'PartTime'),
('I700778282', 'FullTime'),
('I700778284', 'FullTime'),
('I700778285', 'PartTime'),
('I700778286', 'FullTime'),
('I700778287', 'PartTime'),
('I700778290', 'PartTime'),
('I700778291', 'PartTime'),
('I700778292', 'PartTime'),
('I700778293', 'PartTime'),
('I700778295', 'PartTime'),
('I700778297', 'FullTime'),
('I700778299', 'PartTime'),
('I700778304', 'PartTime'),
('I700778305', 'FullTime'),
('I700778306', 'PartTime'),
('I700778308', 'PartTime'),
('I700778309', 'PartTime'),
('I700778311', 'PartTime'),
('I700778312', 'PartTime'),
('I700778313', 'FullTime'),
('I700778315', 'PartTime'),
('I700778316', 'PartTime'),
('I700778317', 'FullTime'),
('I700778320', 'FullTime'),
('I700778322', 'FullTime'),
('I700778323', 'FullTime'),
('I700778324', 'PartTime'),
('I700778327', 'PartTime'),
('I700778328', 'PartTime'),
('I700778331', 'PartTime'),
('I700778334', 'FullTime'),
('I700778335', 'PartTime'),
('I700778336', 'FullTime'),
('I700778337', 'FullTime'),
('I700778338', 'FullTime'),
('I700778339', 'PartTime'),
('I700778340', 'PartTime'),
('I700778342', 'PartTime'),
('I700778345', 'PartTime'),
('I700778346', 'FullTime'),
('I700778348', 'FullTime'),
('I700778349', 'FullTime'),
('I700778351', 'PartTime'),
('I700778354', 'PartTime'),
('I700778356', 'PartTime'),
('I700778357', 'PartTime'),
('I700778358', 'PartTime'),
('I700778360', 'FullTime'),
('I700778361', 'FullTime'),
('I700778362', 'FullTime'),
('I700778363', 'PartTime'),
('I700778365', 'FullTime'),
('I700778366', 'FullTime'),
('I700778367', 'PartTime'),
('I700778370', 'FullTime'),
('I700778374', 'FullTime'),
('I700778375', 'FullTime'),
('I700778380', 'FullTime'),
('I700778381', 'FullTime'),
('I700778382', 'FullTime'),
('I700778383', 'FullTime'),
('I700778385', 'PartTime'),
('I700778389', 'FullTime'),
('I700778390', 'PartTime'),
('I700778391', 'PartTime'),
('I700778392', 'PartTime'),
('I700778393', 'FullTime'),
('I700778394', 'FullTime'),
('I700778397', 'FullTime'),
('I700778398', 'FullTime'),
('I700778400', 'PartTime'),
('I700778403', 'PartTime'),
('I700778404', 'PartTime');

-- --------------------------------------------------------

--
-- Table structure for table `hold`
--

CREATE TABLE `hold` (
  `HoldID` varchar(10) NOT NULL,
  `HoldType` varchar(50) DEFAULT NULL
) ENGINE=InnoDB DEFAULT CHARSET=latin1;

--
-- Dumping data for table `hold`
--

INSERT INTO `hold` (`HoldID`, `HoldType`) VALUES
('HLD-01', 'Financial Holds.'),
('HLD-02', 'Enrollment Agreement Hold.'),
('HLD-03', 'Immunization Records Holds.'),
('HLD-04', 'Mandatory Advising Hold.'),
('HLD-05', 'Admissions Hold');

-- --------------------------------------------------------

--
-- Table structure for table `lab`
--

CREATE TABLE `lab` (
  `LabID` varchar(10) NOT NULL,
  `Capacity` int(11) DEFAULT NULL
) ENGINE=InnoDB DEFAULT CHARSET=latin1;

--
-- Dumping data for table `lab`
--

INSERT INTO `lab` (`LabID`, `Capacity`) VALUES
('LAB-100', 34),
('LAB-101', 29),
('LAB-103', 50),
('LAB-105', 20),
('LAB-107', 44),
('LAB-11', 36),
('LAB-115', 38),
('LAB-121', 29),
('LAB-124', 30),
('LAB-133', 59),
('LAB-134', 41),
('LAB-138', 57),
('LAB-142', 54),
('LAB-147', 33),
('LAB-150', 50),
('LAB-155', 38),
('LAB-163', 57),
('LAB-164', 46),
('LAB-165', 39),
('LAB-166', 29),
('LAB-17', 46),
('LAB-172', 43),
('LAB-174', 60),
('LAB-176', 53),
('LAB-179', 47),
('LAB-182', 53),
('LAB-184', 30),
('LAB-188', 52),
('LAB-191', 31),
('LAB-192', 55),
('LAB-20', 21),
('LAB-200', 47),
('LAB-201', 33),
('LAB-204', 38),
('LAB-207', 41),
('LAB-209', 40),
('LAB-21', 34),
('LAB-212', 43),
('LAB-213', 44),
('LAB-214', 31),
('LAB-215', 58),
('LAB-217', 38),
('LAB-218', 54),
('LAB-219', 50),
('LAB-220', 60),
('LAB-223', 23),
('LAB-228', 37),
('LAB-233', 31),
('LAB-236', 33),
('LAB-237', 56),
('LAB-24', 58),
('LAB-240', 21),
('LAB-242', 30),
('LAB-244', 29),
('LAB-245', 25),
('LAB-248', 48),
('LAB-25', 45),
('LAB-252', 23),
('LAB-259', 27),
('LAB-26', 39),
('LAB-260', 45),
('LAB-262', 22),
('LAB-265', 23),
('LAB-266', 54),
('LAB-268', 40),
('LAB-274', 42),
('LAB-276', 60),
('LAB-282', 43),
('LAB-285', 31),
('LAB-287', 25),
('LAB-289', 49),
('LAB-292', 27),
('LAB-296', 28),
('LAB-297', 43),
('LAB-299', 36),
('LAB-303', 44),
('LAB-306', 32),
('LAB-307', 44),
('LAB-312', 32),
('LAB-315', 20),
('LAB-318', 25),
('LAB-320', 23),
('LAB-323', 55),
('LAB-324', 41),
('LAB-326', 53),
('LAB-327', 37),
('LAB-332', 35),
('LAB-334', 48),
('LAB-335', 30),
('LAB-336', 38),
('LAB-342', 43),
('LAB-343', 20),
('LAB-345', 28),
('LAB-347', 52),
('LAB-349', 22),
('LAB-35', 22),
('LAB-356', 30),
('LAB-358', 42),
('LAB-36', 40),
('LAB-361', 55),
('LAB-362', 33),
('LAB-367', 45),
('LAB-370', 23),
('LAB-372', 26),
('LAB-375', 50),
('LAB-376', 52),
('LAB-377', 56),
('LAB-380', 32),
('LAB-382', 33),
('LAB-384', 47),
('LAB-385', 32),
('LAB-393', 53),
('LAB-399', 24),
('LAB-4', 37),
('LAB-400', 42),
('LAB-401', 50),
('LAB-403', 25),
('LAB-407', 49),
('LAB-410', 46),
('LAB-413', 42),
('LAB-415', 38),
('LAB-418', 53),
('LAB-419', 60),
('LAB-420', 25),
('LAB-421', 46),
('LAB-425', 32),
('LAB-43', 48),
('LAB-44', 25),
('LAB-447', 30),
('LAB-452', 33),
('LAB-453', 40),
('LAB-454', 23),
('LAB-455', 44),
('LAB-457', 32),
('LAB-460', 39),
('LAB-463', 54),
('LAB-468', 32),
('LAB-470', 29),
('LAB-476', 23),
('LAB-477', 28),
('LAB-478', 31),
('LAB-48', 22),
('LAB-481', 35),
('LAB-484', 39),
('LAB-493', 21),
('LAB-494', 29),
('LAB-495', 31),
('LAB-496', 49),
('LAB-498', 26),
('LAB-51', 42),
('LAB-6', 32),
('LAB-61', 58),
('LAB-63', 43),
('LAB-65', 46),
('LAB-69', 28),
('LAB-73', 45),
('LAB-75', 48),
('LAB-78', 44),
('LAB-8', 21),
('LAB-81', 45),
('LAB-83', 48),
('LAB-89', 55),
('LAB-90', 29),
('LAB-92', 35),
('LAB-93', 44),
('LAB-94', 31),
('LAB-98', 50);

-- --------------------------------------------------------

--
-- Table structure for table `lecturehall`
--

CREATE TABLE `lecturehall` (
  `AudID` varchar(10) NOT NULL,
  `Capacity` int(11) DEFAULT NULL
) ENGINE=InnoDB DEFAULT CHARSET=latin1;

--
-- Dumping data for table `lecturehall`
--

INSERT INTO `lecturehall` (`AudID`, `Capacity`) VALUES
('AUD-1', 21),
('AUD-10', 45),
('AUD-104', 38),
('AUD-106', 24),
('AUD-109', 57),
('AUD-112', 54),
('AUD-113', 43),
('AUD-117', 53),
('AUD-118', 46),
('AUD-12', 60),
('AUD-122', 37),
('AUD-123', 46),
('AUD-13', 52),
('AUD-131', 57),
('AUD-132', 53),
('AUD-135', 36),
('AUD-136', 31),
('AUD-137', 51),
('AUD-139', 26),
('AUD-141', 51),
('AUD-144', 22),
('AUD-15', 35),
('AUD-151', 20),
('AUD-154', 51),
('AUD-157', 44),
('AUD-160', 33),
('AUD-161', 39),
('AUD-162', 36),
('AUD-167', 44),
('AUD-168', 28),
('AUD-175', 26),
('AUD-177', 47),
('AUD-178', 60),
('AUD-18', 40),
('AUD-180', 36),
('AUD-181', 44),
('AUD-183', 58),
('AUD-186', 46),
('AUD-187', 21),
('AUD-189', 41),
('AUD-19', 57),
('AUD-194', 35),
('AUD-197', 40),
('AUD-199', 50),
('AUD-208', 37),
('AUD-216', 52),
('AUD-221', 44),
('AUD-23', 28),
('AUD-230', 57),
('AUD-231', 42),
('AUD-232', 33),
('AUD-235', 42),
('AUD-243', 44),
('AUD-246', 55),
('AUD-249', 39),
('AUD-250', 36),
('AUD-253', 45),
('AUD-256', 26),
('AUD-264', 22),
('AUD-267', 26),
('AUD-27', 57),
('AUD-271', 42),
('AUD-272', 54),
('AUD-29', 30),
('AUD-295', 45),
('AUD-300', 56),
('AUD-304', 57),
('AUD-31', 53),
('AUD-313', 31),
('AUD-314', 21),
('AUD-319', 30),
('AUD-32', 41),
('AUD-33', 57),
('AUD-330', 58),
('AUD-337', 39),
('AUD-338', 32),
('AUD-339', 34),
('AUD-340', 56),
('AUD-341', 50),
('AUD-344', 51),
('AUD-346', 49),
('AUD-350', 56),
('AUD-351', 40),
('AUD-352', 33),
('AUD-353', 29),
('AUD-355', 51),
('AUD-357', 31),
('AUD-363', 30),
('AUD-368', 28),
('AUD-369', 32),
('AUD-373', 23),
('AUD-374', 23),
('AUD-378', 42),
('AUD-379', 26),
('AUD-38', 48),
('AUD-381', 50),
('AUD-386', 52),
('AUD-388', 39),
('AUD-389', 34),
('AUD-390', 28),
('AUD-391', 57),
('AUD-392', 28),
('AUD-394', 21),
('AUD-396', 55),
('AUD-397', 48),
('AUD-398', 31),
('AUD-40', 53),
('AUD-402', 24),
('AUD-404', 41),
('AUD-405', 59),
('AUD-408', 57),
('AUD-411', 26),
('AUD-414', 46),
('AUD-42', 23),
('AUD-422', 60),
('AUD-423', 53),
('AUD-424', 35),
('AUD-428', 50),
('AUD-429', 33),
('AUD-430', 33),
('AUD-431', 47),
('AUD-432', 22),
('AUD-433', 21),
('AUD-434', 44),
('AUD-438', 56),
('AUD-440', 53),
('AUD-445', 51),
('AUD-446', 59),
('AUD-450', 36),
('AUD-451', 28),
('AUD-456', 41),
('AUD-461', 53),
('AUD-464', 24),
('AUD-466', 54),
('AUD-469', 54),
('AUD-47', 27),
('AUD-473', 21),
('AUD-474', 57),
('AUD-479', 53),
('AUD-480', 40),
('AUD-482', 45),
('AUD-485', 56),
('AUD-490', 24),
('AUD-492', 42),
('AUD-499', 38),
('AUD-5', 41),
('AUD-53', 20),
('AUD-54', 36),
('AUD-55', 30),
('AUD-56', 44),
('AUD-58', 40),
('AUD-60', 37),
('AUD-62', 50),
('AUD-66', 51),
('AUD-67', 32),
('AUD-70', 45),
('AUD-71', 30),
('AUD-72', 44),
('Aud-784', 100),
('AUD-80', 43),
('AUD-82', 58),
('AUD-84', 50),
('AUD-86', 44),
('AUD-87', 43),
('AUD-9', 25),
('AUD-91', 36),
('AUD-95', 44),
('AUD-96', 56),
('AUD-99', 32);

-- --------------------------------------------------------

--
-- Table structure for table `major`
--

CREATE TABLE `major` (
  `MajorID` varchar(10) NOT NULL,
  `Name` varchar(50) DEFAULT NULL,
  `DeptID` varchar(10) DEFAULT NULL
) ENGINE=InnoDB DEFAULT CHARSET=latin1;

--
-- Dumping data for table `major`
--

INSERT INTO `major` (`MajorID`, `Name`, `DeptID`) VALUES
('Maj-1', 'Biological Sciences, B.S.', 'Dept-12'),
('Maj-2', 'Chemistry, B.A.', 'Dept-15');

-- --------------------------------------------------------

--
-- Table structure for table `major_req`
--

CREATE TABLE `major_req` (
  `id` int(100) NOT NULL,
  `CourseID` varchar(100) DEFAULT NULL,
  `MajorID` varchar(100) DEFAULT NULL
) ENGINE=InnoDB DEFAULT CHARSET=utf8mb4;

--
-- Dumping data for table `major_req`
--

INSERT INTO `major_req` (`id`, `CourseID`, `MajorID`) VALUES
(2, 'CS020', 'Maj-1'),
(4, 'CS016', 'Maj-1');

-- --------------------------------------------------------

--
-- Table structure for table `minor`
--

CREATE TABLE `minor` (
  `MinorID` varchar(10) NOT NULL,
  `Name` varchar(50) DEFAULT NULL,
  `DeptID` varchar(10) DEFAULT NULL
) ENGINE=InnoDB DEFAULT CHARSET=latin1;

--
-- Dumping data for table `minor`
--

INSERT INTO `minor` (`MinorID`, `Name`, `DeptID`) VALUES
('Min-1', 'Accouting Minor', 'Dept-10'),
('Min-2', 'Chemistry Minor', 'Dept-16');

-- --------------------------------------------------------

--
-- Table structure for table `minor_req`
--

CREATE TABLE `minor_req` (
  `id` int(100) NOT NULL,
  `CourseID` varchar(100) DEFAULT NULL,
  `MinorID` varchar(100) DEFAULT NULL
) ENGINE=InnoDB DEFAULT CHARSET=utf8mb4;

--
-- Dumping data for table `minor_req`
--

INSERT INTO `minor_req` (`id`, `CourseID`, `MinorID`) VALUES
(2, 'CS020', 'Min-1');

-- --------------------------------------------------------

--
-- Table structure for table `office`
--

CREATE TABLE `office` (
  `OfficeID` varchar(10) NOT NULL,
  `Capacity` int(11) DEFAULT NULL
) ENGINE=InnoDB DEFAULT CHARSET=latin1;

--
-- Dumping data for table `office`
--

INSERT INTO `office` (`OfficeID`, `Capacity`) VALUES
('ROOM-102', 43),
('ROOM-108', 24),
('ROOM-110', 45),
('ROOM-111', 28),
('ROOM-114', 57),
('ROOM-116', 27),
('ROOM-119', 42),
('ROOM-120', 24),
('ROOM-125', 29),
('ROOM-126', 51),
('ROOM-127', 46),
('ROOM-128', 21),
('ROOM-129', 56),
('ROOM-130', 29),
('ROOM-14', 49),
('ROOM-140', 52),
('ROOM-143', 41),
('ROOM-145', 57),
('ROOM-146', 51),
('ROOM-148', 54),
('ROOM-149', 57),
('ROOM-152', 38),
('ROOM-153', 50),
('ROOM-156', 22),
('ROOM-158', 29),
('ROOM-159', 38),
('ROOM-16', 47),
('ROOM-169', 40),
('ROOM-170', 37),
('ROOM-171', 21),
('ROOM-173', 38),
('ROOM-185', 56),
('ROOM-190', 28),
('ROOM-193', 34),
('ROOM-195', 31),
('ROOM-196', 51),
('ROOM-198', 45),
('ROOM-2', 41),
('ROOM-202', 50),
('ROOM-203', 37),
('ROOM-205', 59),
('ROOM-206', 50),
('ROOM-210', 56),
('ROOM-211', 48),
('ROOM-22', 41),
('ROOM-222', 40),
('ROOM-224', 57),
('ROOM-225', 42),
('ROOM-226', 35),
('ROOM-227', 22),
('ROOM-229', 22),
('ROOM-234', 44),
('ROOM-238', 48),
('ROOM-239', 42),
('ROOM-241', 39),
('ROOM-247', 48),
('ROOM-251', 33),
('ROOM-254', 48),
('ROOM-255', 32),
('ROOM-257', 37),
('ROOM-258', 26),
('ROOM-261', 34),
('ROOM-263', 21),
('ROOM-269', 51),
('ROOM-270', 30),
('ROOM-273', 55),
('ROOM-275', 41),
('ROOM-277', 33),
('ROOM-278', 58),
('ROOM-279', 48),
('ROOM-28', 54),
('ROOM-280', 24),
('ROOM-281', 51),
('ROOM-283', 32),
('ROOM-284', 23),
('ROOM-286', 27),
('ROOM-288', 40),
('ROOM-290', 30),
('ROOM-291', 26),
('ROOM-293', 55),
('ROOM-294', 60),
('ROOM-298', 54),
('ROOM-3', 35),
('ROOM-30', 27),
('ROOM-301', 60),
('ROOM-302', 39),
('ROOM-305', 50),
('ROOM-308', 28),
('ROOM-309', 28),
('ROOM-310', 33),
('ROOM-311', 39),
('ROOM-316', 46),
('ROOM-317', 48),
('ROOM-321', 38),
('ROOM-322', 47),
('ROOM-325', 41),
('ROOM-328', 48),
('ROOM-329', 27),
('ROOM-331', 23),
('ROOM-333', 22),
('ROOM-34', 28),
('ROOM-348', 44),
('ROOM-354', 31),
('ROOM-359', 55),
('ROOM-360', 26),
('ROOM-364', 35),
('ROOM-365', 24),
('ROOM-366', 28),
('ROOM-37', 52),
('ROOM-371', 30),
('ROOM-383', 50),
('ROOM-387', 34),
('ROOM-39', 49),
('ROOM-395', 23),
('ROOM-406', 27),
('ROOM-409', 47),
('ROOM-41', 51),
('ROOM-412', 29),
('ROOM-416', 53),
('ROOM-417', 33),
('ROOM-426', 20),
('ROOM-427', 58),
('ROOM-435', 47),
('ROOM-436', 22),
('ROOM-437', 58),
('ROOM-439', 52),
('ROOM-441', 55),
('ROOM-442', 21),
('ROOM-443', 56),
('ROOM-444', 23),
('ROOM-448', 46),
('ROOM-449', 31),
('ROOM-45', 54),
('ROOM-458', 38),
('ROOM-459', 40),
('ROOM-46', 45),
('ROOM-462', 55),
('ROOM-465', 20),
('ROOM-467', 36),
('ROOM-471', 26),
('ROOM-472', 40),
('ROOM-475', 50),
('ROOM-483', 50),
('ROOM-486', 37),
('ROOM-487', 47),
('ROOM-488', 48),
('ROOM-489', 45),
('ROOM-49', 42),
('ROOM-491', 53),
('ROOM-497', 48),
('ROOM-50', 54),
('ROOM-500', 27),
('ROOM-52', 59),
('Room-56', 100),
('ROOM-57', 35),
('ROOM-59', 45),
('ROOM-64', 23),
('ROOM-68', 21),
('ROOM-7', 25),
('ROOM-74', 23),
('ROOM-76', 50),
('ROOM-77', 59),
('ROOM-79', 51),
('ROOM-85', 52),
('ROOM-88', 60),
('ROOM-97', 45);

-- --------------------------------------------------------

--
-- Table structure for table `period`
--

CREATE TABLE `period` (
  `PeriodID` varchar(10) NOT NULL,
  `Start_Time` varchar(20) DEFAULT NULL,
  `End_Time` varchar(20) DEFAULT NULL
) ENGINE=InnoDB DEFAULT CHARSET=latin1;

--
-- Dumping data for table `period`
--

INSERT INTO `period` (`PeriodID`, `Start_Time`, `End_Time`) VALUES
('PRE-001', '8:30 AM', '10:00 AM'),
('PRE-002', '10:30 AM', '12:00 PM'),
('PRE-003', '12:30 PM', '2:00 PM'),
('PRE-004', '2:30 PM', '4:00 PM'),
('PRE-005', '4:30 PM', '6:00 PM'),
('PRE-006', '6:30 PM', '8:00 PM');

-- --------------------------------------------------------

--
-- Table structure for table `prerequsite`
--

CREATE TABLE `prerequsite` (
  `PreReqID` varchar(10) DEFAULT NULL,
  `CourseID` varchar(10) DEFAULT NULL,
  `MinGrade` varchar(2) DEFAULT NULL
) ENGINE=InnoDB DEFAULT CHARSET=latin1;

--
-- Dumping data for table `prerequsite`
--

INSERT INTO `prerequsite` (`PreReqID`, `CourseID`, `MinGrade`) VALUES
('CS001', 'CS002', 'D'),
('CS012', 'CS013', 'D'),
('CS023', 'CS024', 'D');

-- --------------------------------------------------------

--
-- Table structure for table `profhistory`
--

CREATE TABLE `profhistory` (
  `FacultID` varchar(9) NOT NULL,
  `CRN` varchar(10) NOT NULL,
  `SemesterID` varchar(20) NOT NULL
) ENGINE=InnoDB DEFAULT CHARSET=latin1;

-- --------------------------------------------------------

--
-- Table structure for table `room`
--

CREATE TABLE `room` (
  `RoomID` varchar(10) NOT NULL,
  `Room_Number` int(11) DEFAULT NULL,
  `Room_Type` varchar(50) DEFAULT NULL,
  `BuildingPrefix` varchar(10) DEFAULT NULL
) ENGINE=InnoDB DEFAULT CHARSET=latin1;

--
-- Dumping data for table `room`
--

INSERT INTO `room` (`RoomID`, `Room_Number`, `Room_Type`, `BuildingPrefix`) VALUES
('AUD-1', 58, 'Lecture Hall', 'BUL-0002'),
('AUD-10', 152, 'Lecture Hall', 'BUL-0003'),
('AUD-104', 51, 'Lecture Hall', 'BUL-0001'),
('AUD-106', 84, 'Lecture Hall', 'BUL-0002'),
('AUD-109', 75, 'Lecture Hall', 'BUL-0002'),
('AUD-112', 40, 'Lecture Hall', 'BUL-0002'),
('AUD-113', 134, 'Lecture Hall', 'BUL-0003'),
('AUD-117', 159, 'Lecture Hall', 'BUL-0001'),
('AUD-118', 100, 'Lecture Hall', 'BUL-0002'),
('AUD-12', 175, 'Lecture Hall', 'BUL-0001'),
('AUD-122', 14, 'Lecture Hall', 'BUL-0002'),
('AUD-123', 104, 'Lecture Hall', 'BUL-0003'),
('AUD-13', 149, 'Lecture Hall', 'BUL-0001'),
('AUD-131', 152, 'Lecture Hall', 'BUL-0001'),
('AUD-132', 186, 'Lecture Hall', 'BUL-0002'),
('AUD-135', 137, 'Lecture Hall', 'BUL-0002'),
('AUD-136', 39, 'Lecture Hall', 'BUL-0001'),
('AUD-137', 73, 'Lecture Hall', 'BUL-0003'),
('AUD-139', 21, 'Lecture Hall', 'BUL-0001'),
('AUD-141', 151, 'Lecture Hall', 'BUL-0001'),
('AUD-144', 86, 'Lecture Hall', 'BUL-0003'),
('AUD-15', 132, 'Lecture Hall', 'BUL-0002'),
('AUD-151', 41, 'Lecture Hall', 'BUL-0002'),
('AUD-154', 67, 'Lecture Hall', 'BUL-0001'),
('AUD-157', 66, 'Lecture Hall', 'BUL-0002'),
('AUD-160', 37, 'Lecture Hall', 'BUL-0003'),
('AUD-161', 169, 'Lecture Hall', 'BUL-0003'),
('AUD-162', 158, 'Lecture Hall', 'BUL-0003'),
('AUD-167', 154, 'Lecture Hall', 'BUL-0002'),
('AUD-168', 65, 'Lecture Hall', 'BUL-0002'),
('AUD-175', 74, 'Lecture Hall', 'BUL-0003'),
('AUD-177', 160, 'Lecture Hall', 'BUL-0002'),
('AUD-178', 183, 'Lecture Hall', 'BUL-0002'),
('AUD-18', 134, 'Lecture Hall', 'BUL-0001'),
('AUD-180', 186, 'Lecture Hall', 'BUL-0001'),
('AUD-181', 29, 'Lecture Hall', 'BUL-0002'),
('AUD-183', 164, 'Lecture Hall', 'BUL-0001'),
('AUD-186', 12, 'Lecture Hall', 'BUL-0001'),
('AUD-187', 15, 'Lecture Hall', 'BUL-0003'),
('AUD-189', 142, 'Lecture Hall', 'BUL-0003'),
('AUD-19', 129, 'Lecture Hall', 'BUL-0003'),
('AUD-194', 18, 'Lecture Hall', 'BUL-0001'),
('AUD-197', 139, 'Lecture Hall', 'BUL-0003'),
('AUD-199', 188, 'Lecture Hall', 'BUL-0001'),
('AUD-208', 136, 'Lecture Hall', 'BUL-0002'),
('AUD-216', 91, 'Lecture Hall', 'BUL-0003'),
('AUD-221', 138, 'Lecture Hall', 'BUL-0001'),
('AUD-23', 190, 'Lecture Hall', 'BUL-0002'),
('AUD-230', 61, 'Lecture Hall', 'BUL-0002'),
('AUD-231', 158, 'Lecture Hall', 'BUL-0002'),
('AUD-232', 171, 'Lecture Hall', 'BUL-0001'),
('AUD-235', 28, 'Lecture Hall', 'BUL-0002'),
('AUD-243', 19, 'Lecture Hall', 'BUL-0001'),
('AUD-246', 190, 'Lecture Hall', 'BUL-0001'),
('AUD-249', 115, 'Lecture Hall', 'BUL-0003'),
('AUD-250', 60, 'Lecture Hall', 'BUL-0001'),
('AUD-253', 142, 'Lecture Hall', 'BUL-0003'),
('AUD-256', 74, 'Lecture Hall', 'BUL-0003'),
('AUD-264', 51, 'Lecture Hall', 'BUL-0002'),
('AUD-267', 70, 'Lecture Hall', 'BUL-0001'),
('AUD-27', 97, 'Lecture Hall', 'BUL-0001'),
('AUD-271', 131, 'Lecture Hall', 'BUL-0003'),
('AUD-272', 80, 'Lecture Hall', 'BUL-0003'),
('AUD-29', 29, 'Lecture Hall', 'BUL-0002'),
('AUD-295', 182, 'Lecture Hall', 'BUL-0002'),
('AUD-300', 97, 'Lecture Hall', 'BUL-0003'),
('AUD-304', 44, 'Lecture Hall', 'BUL-0002'),
('AUD-31', 187, 'Lecture Hall', 'BUL-0003'),
('AUD-313', 132, 'Lecture Hall', 'BUL-0001'),
('AUD-314', 96, 'Lecture Hall', 'BUL-0003'),
('AUD-319', 75, 'Lecture Hall', 'BUL-0002'),
('AUD-32', 140, 'Lecture Hall', 'BUL-0001'),
('AUD-33', 134, 'Lecture Hall', 'BUL-0001'),
('AUD-330', 197, 'Lecture Hall', 'BUL-0001'),
('AUD-337', 27, 'Lecture Hall', 'BUL-0002'),
('AUD-338', 81, 'Lecture Hall', 'BUL-0001'),
('AUD-339', 53, 'Lecture Hall', 'BUL-0002'),
('AUD-340', 180, 'Lecture Hall', 'BUL-0002'),
('AUD-341', 54, 'Lecture Hall', 'BUL-0003'),
('AUD-344', 189, 'Lecture Hall', 'BUL-0001'),
('AUD-346', 135, 'Lecture Hall', 'BUL-0001'),
('AUD-350', 127, 'Lecture Hall', 'BUL-0003'),
('AUD-351', 98, 'Lecture Hall', 'BUL-0003'),
('AUD-352', 149, 'Lecture Hall', 'BUL-0003'),
('AUD-353', 194, 'Lecture Hall', 'BUL-0003'),
('AUD-355', 50, 'Lecture Hall', 'BUL-0003'),
('AUD-357', 96, 'Lecture Hall', 'BUL-0003'),
('AUD-363', 24, 'Lecture Hall', 'BUL-0002'),
('AUD-368', 12, 'Lecture Hall', 'BUL-0002'),
('AUD-369', 22, 'Lecture Hall', 'BUL-0001'),
('AUD-373', 132, 'Lecture Hall', 'BUL-0002'),
('AUD-374', 152, 'Lecture Hall', 'BUL-0002'),
('AUD-378', 82, 'Lecture Hall', 'BUL-0001'),
('AUD-379', 98, 'Lecture Hall', 'BUL-0003'),
('AUD-38', 177, 'Lecture Hall', 'BUL-0002'),
('AUD-381', 194, 'Lecture Hall', 'BUL-0003'),
('AUD-386', 107, 'Lecture Hall', 'BUL-0003'),
('AUD-388', 192, 'Lecture Hall', 'BUL-0001'),
('AUD-389', 193, 'Lecture Hall', 'BUL-0001'),
('AUD-390', 193, 'Lecture Hall', 'BUL-0003'),
('AUD-391', 181, 'Lecture Hall', 'BUL-0003'),
('AUD-392', 98, 'Lecture Hall', 'BUL-0003'),
('AUD-394', 137, 'Lecture Hall', 'BUL-0002'),
('AUD-396', 188, 'Lecture Hall', 'BUL-0003'),
('AUD-397', 91, 'Lecture Hall', 'BUL-0002'),
('AUD-398', 24, 'Lecture Hall', 'BUL-0001'),
('AUD-40', 185, 'Lecture Hall', 'BUL-0002'),
('AUD-402', 59, 'Lecture Hall', 'BUL-0001'),
('AUD-404', 34, 'Lecture Hall', 'BUL-0002'),
('AUD-405', 128, 'Lecture Hall', 'BUL-0001'),
('AUD-408', 149, 'Lecture Hall', 'BUL-0001'),
('AUD-411', 50, 'Lecture Hall', 'BUL-0002'),
('AUD-414', 112, 'Lecture Hall', 'BUL-0003'),
('AUD-42', 177, 'Lecture Hall', 'BUL-0002'),
('AUD-422', 11, 'Lecture Hall', 'BUL-0003'),
('AUD-423', 156, 'Lecture Hall', 'BUL-0001'),
('AUD-424', 174, 'Lecture Hall', 'BUL-0001'),
('AUD-428', 34, 'Lecture Hall', 'BUL-0001'),
('AUD-429', 142, 'Lecture Hall', 'BUL-0002'),
('AUD-430', 109, 'Lecture Hall', 'BUL-0003'),
('AUD-431', 101, 'Lecture Hall', 'BUL-0002'),
('AUD-432', 86, 'Lecture Hall', 'BUL-0001'),
('AUD-433', 98, 'Lecture Hall', 'BUL-0001'),
('AUD-434', 97, 'Lecture Hall', 'BUL-0002'),
('AUD-438', 40, 'Lecture Hall', 'BUL-0003'),
('AUD-440', 168, 'Lecture Hall', 'BUL-0003'),
('AUD-445', 66, 'Lecture Hall', 'BUL-0001'),
('AUD-446', 104, 'Lecture Hall', 'BUL-0003'),
('AUD-450', 178, 'Lecture Hall', 'BUL-0002'),
('AUD-451', 57, 'Lecture Hall', 'BUL-0003'),
('AUD-456', 42, 'Lecture Hall', 'BUL-0003'),
('AUD-461', 41, 'Lecture Hall', 'BUL-0003'),
('AUD-464', 48, 'Lecture Hall', 'BUL-0001'),
('AUD-466', 19, 'Lecture Hall', 'BUL-0003'),
('AUD-469', 83, 'Lecture Hall', 'BUL-0001'),
('AUD-47', 81, 'Lecture Hall', 'BUL-0001'),
('AUD-473', 64, 'Lecture Hall', 'BUL-0003'),
('AUD-474', 140, 'Lecture Hall', 'BUL-0003'),
('AUD-479', 170, 'Lecture Hall', 'BUL-0003'),
('AUD-480', 86, 'Lecture Hall', 'BUL-0003'),
('AUD-482', 85, 'Lecture Hall', 'BUL-0002'),
('AUD-485', 129, 'Lecture Hall', 'BUL-0003'),
('AUD-490', 117, 'Lecture Hall', 'BUL-0001'),
('AUD-492', 192, 'Lecture Hall', 'BUL-0002'),
('AUD-499', 105, 'Lecture Hall', 'BUL-0003'),
('AUD-5', 22, 'Lecture Hall', 'BUL-0003'),
('AUD-53', 180, 'Lecture Hall', 'BUL-0001'),
('AUD-54', 140, 'Lecture Hall', 'BUL-0002'),
('AUD-55', 196, 'Lecture Hall', 'BUL-0003'),
('AUD-56', 100, 'Lecture Hall', 'BUL-0002'),
('AUD-58', 181, 'Lecture Hall', 'BUL-0001'),
('AUD-60', 183, 'Lecture Hall', 'BUL-0002'),
('AUD-62', 33, 'Lecture Hall', 'BUL-0002'),
('AUD-66', 163, 'Lecture Hall', 'BUL-0002'),
('AUD-67', 51, 'Lecture Hall', 'BUL-0001'),
('AUD-70', 23, 'Lecture Hall', 'BUL-0003'),
('AUD-71', 27, 'Lecture Hall', 'BUL-0003'),
('AUD-72', 153, 'Lecture Hall', 'BUL-0003'),
('Aud-784', 56, 'Lecture Hall', 'BUL-0001'),
('AUD-80', 91, 'Lecture Hall', 'BUL-0002'),
('AUD-82', 184, 'Lecture Hall', 'BUL-0003'),
('AUD-84', 90, 'Lecture Hall', 'BUL-0003'),
('AUD-86', 46, 'Lecture Hall', 'BUL-0002'),
('AUD-87', 44, 'Lecture Hall', 'BUL-0002'),
('AUD-9', 82, 'Lecture Hall', 'BUL-0003'),
('AUD-91', 72, 'Lecture Hall', 'BUL-0001'),
('AUD-95', 125, 'Lecture Hall', 'BUL-0003'),
('AUD-96', 90, 'Lecture Hall', 'BUL-0002'),
('AUD-99', 161, 'Lecture Hall', 'BUL-0002'),
('LAB-100', 58, 'Lab', 'BUL-0003'),
('LAB-101', 64, 'Lab', 'BUL-0002'),
('LAB-103', 59, 'Lab', 'BUL-0002'),
('LAB-105', 82, 'Lab', 'BUL-0001'),
('LAB-107', 65, 'Lab', 'BUL-0002'),
('LAB-11', 114, 'Lab', 'BUL-0003'),
('LAB-115', 154, 'Lab', 'BUL-0003'),
('LAB-121', 118, 'Lab', 'BUL-0001'),
('LAB-124', 185, 'Lab', 'BUL-0003'),
('LAB-133', 14, 'Lab', 'BUL-0001'),
('LAB-134', 195, 'Lab', 'BUL-0002'),
('LAB-138', 147, 'Lab', 'BUL-0001'),
('LAB-142', 150, 'Lab', 'BUL-0001'),
('LAB-147', 112, 'Lab', 'BUL-0003'),
('LAB-150', 148, 'Lab', 'BUL-0003'),
('LAB-155', 172, 'Lab', 'BUL-0001'),
('LAB-163', 176, 'Lab', 'BUL-0002'),
('LAB-164', 13, 'Lab', 'BUL-0001'),
('LAB-165', 56, 'Lab', 'BUL-0003'),
('LAB-166', 57, 'Lab', 'BUL-0001'),
('LAB-17', 181, 'Lab', 'BUL-0002'),
('LAB-172', 35, 'Lab', 'BUL-0002'),
('LAB-174', 67, 'Lab', 'BUL-0001'),
('LAB-176', 109, 'Lab', 'BUL-0002'),
('LAB-179', 127, 'Lab', 'BUL-0002'),
('LAB-182', 155, 'Lab', 'BUL-0001'),
('LAB-184', 114, 'Lab', 'BUL-0003'),
('LAB-188', 181, 'Lab', 'BUL-0003'),
('LAB-191', 16, 'Lab', 'BUL-0001'),
('LAB-192', 121, 'Lab', 'BUL-0002'),
('LAB-20', 193, 'Lab', 'BUL-0003'),
('LAB-200', 140, 'Lab', 'BUL-0003'),
('LAB-201', 78, 'Lab', 'BUL-0002'),
('LAB-204', 152, 'Lab', 'BUL-0003'),
('LAB-207', 23, 'Lab', 'BUL-0002'),
('LAB-209', 200, 'Lab', 'BUL-0002'),
('LAB-21', 99, 'Lab', 'BUL-0001'),
('LAB-212', 43, 'Lab', 'BUL-0002'),
('LAB-213', 115, 'Lab', 'BUL-0003'),
('LAB-214', 164, 'Lab', 'BUL-0002'),
('LAB-215', 153, 'Lab', 'BUL-0003'),
('LAB-217', 93, 'Lab', 'BUL-0003'),
('LAB-218', 158, 'Lab', 'BUL-0002'),
('LAB-219', 45, 'Lab', 'BUL-0003'),
('LAB-220', 81, 'Lab', 'BUL-0002'),
('LAB-223', 141, 'Lab', 'BUL-0003'),
('LAB-228', 66, 'Lab', 'BUL-0002'),
('LAB-233', 75, 'Lab', 'BUL-0001'),
('LAB-236', 159, 'Lab', 'BUL-0001'),
('LAB-237', 31, 'Lab', 'BUL-0003'),
('LAB-24', 166, 'Lab', 'BUL-0001'),
('LAB-240', 108, 'Lab', 'BUL-0003'),
('LAB-242', 199, 'Lab', 'BUL-0001'),
('LAB-244', 93, 'Lab', 'BUL-0003'),
('LAB-245', 14, 'Lab', 'BUL-0002'),
('LAB-248', 182, 'Lab', 'BUL-0002'),
('LAB-25', 170, 'Lab', 'BUL-0001'),
('LAB-252', 105, 'Lab', 'BUL-0001'),
('LAB-259', 194, 'Lab', 'BUL-0002'),
('LAB-26', 99, 'Lab', 'BUL-0001'),
('LAB-260', 144, 'Lab', 'BUL-0003'),
('LAB-262', 185, 'Lab', 'BUL-0002'),
('LAB-265', 114, 'Lab', 'BUL-0001'),
('LAB-266', 69, 'Lab', 'BUL-0002'),
('LAB-268', 121, 'Lab', 'BUL-0003'),
('LAB-274', 133, 'Lab', 'BUL-0003'),
('LAB-276', 186, 'Lab', 'BUL-0001'),
('LAB-282', 142, 'Lab', 'BUL-0003'),
('LAB-285', 173, 'Lab', 'BUL-0002'),
('LAB-287', 169, 'Lab', 'BUL-0003'),
('LAB-289', 193, 'Lab', 'BUL-0002'),
('LAB-292', 31, 'Lab', 'BUL-0001'),
('LAB-296', 13, 'Lab', 'BUL-0002'),
('LAB-297', 183, 'Lab', 'BUL-0002'),
('LAB-299', 16, 'Lab', 'BUL-0002'),
('LAB-303', 24, 'Lab', 'BUL-0001'),
('LAB-306', 176, 'Lab', 'BUL-0002'),
('LAB-307', 51, 'Lab', 'BUL-0003'),
('LAB-312', 109, 'Lab', 'BUL-0002'),
('LAB-315', 33, 'Lab', 'BUL-0001'),
('LAB-318', 72, 'Lab', 'BUL-0003'),
('LAB-320', 104, 'Lab', 'BUL-0001'),
('LAB-323', 112, 'Lab', 'BUL-0003'),
('LAB-324', 180, 'Lab', 'BUL-0003'),
('LAB-326', 15, 'Lab', 'BUL-0002'),
('LAB-327', 84, 'Lab', 'BUL-0001'),
('LAB-332', 89, 'Lab', 'BUL-0002'),
('LAB-334', 31, 'Lab', 'BUL-0002'),
('LAB-335', 115, 'Lab', 'BUL-0003'),
('LAB-336', 52, 'Lab', 'BUL-0003'),
('LAB-342', 50, 'Lab', 'BUL-0001'),
('LAB-343', 185, 'Lab', 'BUL-0003'),
('LAB-345', 139, 'Lab', 'BUL-0001'),
('LAB-347', 64, 'Lab', 'BUL-0003'),
('LAB-349', 196, 'Lab', 'BUL-0003'),
('LAB-35', 51, 'Lab', 'BUL-0002'),
('LAB-356', 53, 'Lab', 'BUL-0003'),
('LAB-358', 200, 'Lab', 'BUL-0003'),
('LAB-36', 89, 'Lab', 'BUL-0003'),
('LAB-361', 198, 'Lab', 'BUL-0002'),
('LAB-362', 183, 'Lab', 'BUL-0001'),
('LAB-367', 62, 'Lab', 'BUL-0002'),
('LAB-370', 69, 'Lab', 'BUL-0003'),
('LAB-372', 136, 'Lab', 'BUL-0003'),
('LAB-375', 118, 'Lab', 'BUL-0003'),
('LAB-376', 97, 'Lab', 'BUL-0001'),
('LAB-377', 29, 'Lab', 'BUL-0002'),
('LAB-380', 62, 'Lab', 'BUL-0001'),
('LAB-382', 16, 'Lab', 'BUL-0002'),
('LAB-384', 128, 'Lab', 'BUL-0003'),
('LAB-385', 96, 'Lab', 'BUL-0002'),
('LAB-393', 74, 'Lab', 'BUL-0001'),
('LAB-399', 167, 'Lab', 'BUL-0001'),
('LAB-4', 55, 'Lab', 'BUL-0002'),
('LAB-400', 53, 'Lab', 'BUL-0003'),
('LAB-401', 188, 'Lab', 'BUL-0001'),
('LAB-403', 105, 'Lab', 'BUL-0003'),
('LAB-407', 144, 'Lab', 'BUL-0002'),
('LAB-410', 46, 'Lab', 'BUL-0002'),
('LAB-413', 78, 'Lab', 'BUL-0002'),
('LAB-415', 23, 'Lab', 'BUL-0002'),
('LAB-418', 83, 'Lab', 'BUL-0002'),
('LAB-419', 68, 'Lab', 'BUL-0003'),
('LAB-420', 83, 'Lab', 'BUL-0001'),
('LAB-421', 145, 'Lab', 'BUL-0003'),
('LAB-425', 118, 'Lab', 'BUL-0003'),
('LAB-43', 46, 'Lab', 'BUL-0002'),
('LAB-44', 151, 'Lab', 'BUL-0003'),
('LAB-447', 173, 'Lab', 'BUL-0003'),
('LAB-452', 36, 'Lab', 'BUL-0002'),
('LAB-453', 132, 'Lab', 'BUL-0002'),
('LAB-454', 63, 'Lab', 'BUL-0003'),
('LAB-455', 192, 'Lab', 'BUL-0002'),
('LAB-457', 190, 'Lab', 'BUL-0002'),
('LAB-460', 184, 'Lab', 'BUL-0002'),
('LAB-463', 24, 'Lab', 'BUL-0002'),
('LAB-468', 105, 'Lab', 'BUL-0003'),
('LAB-470', 183, 'Lab', 'BUL-0001'),
('LAB-476', 151, 'Lab', 'BUL-0001'),
('LAB-477', 46, 'Lab', 'BUL-0001'),
('LAB-478', 107, 'Lab', 'BUL-0001'),
('LAB-48', 25, 'Lab', 'BUL-0001'),
('LAB-481', 78, 'Lab', 'BUL-0002'),
('LAB-484', 107, 'Lab', 'BUL-0002'),
('LAB-493', 187, 'Lab', 'BUL-0003'),
('LAB-494', 137, 'Lab', 'BUL-0001'),
('LAB-495', 188, 'Lab', 'BUL-0003'),
('LAB-496', 72, 'Lab', 'BUL-0001'),
('LAB-498', 51, 'Lab', 'BUL-0001'),
('LAB-51', 149, 'Lab', 'BUL-0001'),
('LAB-6', 115, 'Lab', 'BUL-0003'),
('LAB-61', 86, 'Lab', 'BUL-0003'),
('LAB-63', 36, 'Lab', 'BUL-0003'),
('LAB-65', 185, 'Lab', 'BUL-0002'),
('LAB-69', 74, 'Lab', 'BUL-0002'),
('LAB-73', 192, 'Lab', 'BUL-0003'),
('LAB-75', 63, 'Lab', 'BUL-0002'),
('LAB-78', 78, 'Lab', 'BUL-0003'),
('LAB-8', 92, 'Lab', 'BUL-0003'),
('LAB-81', 79, 'Lab', 'BUL-0003'),
('LAB-83', 190, 'Lab', 'BUL-0001'),
('LAB-89', 54, 'Lab', 'BUL-0002'),
('LAB-90', 34, 'Lab', 'BUL-0003'),
('LAB-92', 48, 'Lab', 'BUL-0003'),
('LAB-93', 190, 'Lab', 'BUL-0003'),
('LAB-94', 136, 'Lab', 'BUL-0002'),
('LAB-98', 119, 'Lab', 'BUL-0002'),
('ROOM-10000', 2147483647, '', 'BUL-0001'),
('ROOM-102', 85, 'Office', 'BUL-0003'),
('ROOM-108', 56, 'Office', 'BUL-0002'),
('ROOM-110', 62, 'Office', 'BUL-0002'),
('ROOM-111', 51, 'Office', 'BUL-0001'),
('ROOM-114', 57, 'Office', 'BUL-0003'),
('ROOM-116', 76, 'Office', 'BUL-0003'),
('ROOM-119', 46, 'Office', 'BUL-0003'),
('ROOM-120', 82, 'Office', 'BUL-0002'),
('ROOM-125', 116, 'Office', 'BUL-0001'),
('ROOM-126', 75, 'Office', 'BUL-0002'),
('ROOM-127', 195, 'Office', 'BUL-0002'),
('ROOM-128', 108, 'Office', 'BUL-0002'),
('ROOM-129', 43, 'Office', 'BUL-0002'),
('ROOM-130', 37, 'Office', 'BUL-0002'),
('ROOM-14', 63, 'Office', 'BUL-0001'),
('ROOM-140', 11, 'Office', 'BUL-0003'),
('ROOM-143', 181, 'Office', 'BUL-0002'),
('ROOM-145', 105, 'Office', 'BUL-0002'),
('ROOM-146', 163, 'Office', 'BUL-0001'),
('ROOM-148', 108, 'Office', 'BUL-0002'),
('ROOM-149', 168, 'Office', 'BUL-0003'),
('ROOM-152', 111, 'Office', 'BUL-0001'),
('ROOM-153', 160, 'Office', 'BUL-0003'),
('ROOM-156', 108, 'Office', 'BUL-0001'),
('ROOM-158', 70, 'Office', 'BUL-0001'),
('ROOM-159', 176, 'Office', 'BUL-0002'),
('ROOM-16', 121, 'Office', 'BUL-0003'),
('ROOM-169', 124, 'Office', 'BUL-0001'),
('ROOM-170', 140, 'Office', 'BUL-0001'),
('ROOM-171', 149, 'Office', 'BUL-0001'),
('ROOM-173', 190, 'Office', 'BUL-0001'),
('ROOM-185', 170, 'Office', 'BUL-0002'),
('ROOM-190', 31, 'Office', 'BUL-0003'),
('ROOM-193', 123, 'Office', 'BUL-0002'),
('ROOM-195', 72, 'Office', 'BUL-0003'),
('ROOM-196', 46, 'Office', 'BUL-0001'),
('ROOM-198', 18, 'Office', 'BUL-0001'),
('ROOM-2', 142, 'Office', 'BUL-0001'),
('ROOM-202', 168, 'Office', 'BUL-0002'),
('ROOM-203', 17, 'Office', 'BUL-0002'),
('ROOM-205', 71, 'Office', 'BUL-0001'),
('ROOM-206', 117, 'Office', 'BUL-0001'),
('ROOM-210', 137, 'Office', 'BUL-0002'),
('ROOM-211', 26, 'Office', 'BUL-0001'),
('ROOM-22', 149, 'Office', 'BUL-0001'),
('ROOM-222', 149, 'Office', 'BUL-0001'),
('ROOM-224', 150, 'Office', 'BUL-0001'),
('ROOM-225', 43, 'Office', 'BUL-0003'),
('ROOM-226', 152, 'Office', 'BUL-0002'),
('ROOM-227', 107, 'Office', 'BUL-0002'),
('ROOM-229', 56, 'Office', 'BUL-0003'),
('ROOM-234', 66, 'Office', 'BUL-0001'),
('ROOM-238', 182, 'Office', 'BUL-0001'),
('ROOM-239', 118, 'Office', 'BUL-0001'),
('ROOM-241', 199, 'Office', 'BUL-0003'),
('ROOM-247', 87, 'Office', 'BUL-0001'),
('ROOM-251', 77, 'Office', 'BUL-0003'),
('ROOM-254', 170, 'Office', 'BUL-0002'),
('ROOM-255', 152, 'Office', 'BUL-0001'),
('ROOM-257', 195, 'Office', 'BUL-0001'),
('ROOM-258', 124, 'Office', 'BUL-0002'),
('ROOM-261', 161, 'Office', 'BUL-0003'),
('ROOM-263', 102, 'Office', 'BUL-0003'),
('ROOM-269', 29, 'Office', 'BUL-0001'),
('ROOM-270', 141, 'Office', 'BUL-0001'),
('ROOM-273', 105, 'Office', 'BUL-0002'),
('ROOM-275', 196, 'Office', 'BUL-0002'),
('ROOM-277', 187, 'Office', 'BUL-0003'),
('ROOM-278', 149, 'Office', 'BUL-0001'),
('ROOM-279', 134, 'Office', 'BUL-0003'),
('ROOM-28', 166, 'Office', 'BUL-0002'),
('ROOM-280', 132, 'Office', 'BUL-0001'),
('ROOM-281', 157, 'Office', 'BUL-0002'),
('ROOM-283', 15, 'Office', 'BUL-0003'),
('ROOM-284', 23, 'Office', 'BUL-0002'),
('ROOM-286', 91, 'Office', 'BUL-0001'),
('ROOM-288', 72, 'Office', 'BUL-0002'),
('ROOM-290', 105, 'Office', 'BUL-0002'),
('ROOM-291', 70, 'Office', 'BUL-0003'),
('ROOM-293', 119, 'Office', 'BUL-0003'),
('ROOM-294', 88, 'Office', 'BUL-0002'),
('ROOM-298', 183, 'Office', 'BUL-0001'),
('ROOM-3', 32, 'Office', 'BUL-0003'),
('ROOM-30', 121, 'Office', 'BUL-0002'),
('ROOM-301', 118, 'Office', 'BUL-0002'),
('ROOM-302', 176, 'Office', 'BUL-0001'),
('ROOM-305', 167, 'Office', 'BUL-0001'),
('ROOM-308', 167, 'Office', 'BUL-0002'),
('ROOM-309', 195, 'Office', 'BUL-0003'),
('ROOM-310', 115, 'Office', 'BUL-0003'),
('ROOM-311', 50, 'Office', 'BUL-0003'),
('ROOM-316', 86, 'Office', 'BUL-0003'),
('ROOM-317', 18, 'Office', 'BUL-0002'),
('ROOM-321', 38, 'Office', 'BUL-0002'),
('ROOM-322', 136, 'Office', 'BUL-0001'),
('ROOM-325', 185, 'Office', 'BUL-0001'),
('ROOM-328', 26, 'Office', 'BUL-0003'),
('ROOM-329', 84, 'Office', 'BUL-0001'),
('ROOM-331', 66, 'Office', 'BUL-0003'),
('ROOM-333', 22, 'Office', 'BUL-0002'),
('ROOM-34', 37, 'Office', 'BUL-0003'),
('ROOM-348', 92, 'Office', 'BUL-0002'),
('ROOM-354', 28, 'Office', 'BUL-0001'),
('ROOM-359', 144, 'Office', 'BUL-0002'),
('ROOM-360', 152, 'Office', 'BUL-0003'),
('ROOM-364', 123, 'Office', 'BUL-0002'),
('ROOM-365', 182, 'Office', 'BUL-0003'),
('ROOM-366', 143, 'Office', 'BUL-0003'),
('ROOM-37', 113, 'Office', 'BUL-0002'),
('ROOM-371', 138, 'Office', 'BUL-0002'),
('ROOM-383', 45, 'Office', 'BUL-0003'),
('ROOM-387', 97, 'Office', 'BUL-0003'),
('ROOM-39', 117, 'Office', 'BUL-0001'),
('ROOM-395', 49, 'Office', 'BUL-0003'),
('ROOM-406', 65, 'Office', 'BUL-0001'),
('ROOM-409', 58, 'Office', 'BUL-0001'),
('ROOM-41', 108, 'Office', 'BUL-0001'),
('ROOM-412', 18, 'Office', 'BUL-0002'),
('ROOM-416', 200, 'Office', 'BUL-0001'),
('ROOM-417', 158, 'Office', 'BUL-0001'),
('ROOM-426', 19, 'Office', 'BUL-0001'),
('ROOM-427', 47, 'Office', 'BUL-0002'),
('ROOM-435', 37, 'Office', 'BUL-0001'),
('ROOM-436', 33, 'Office', 'BUL-0002'),
('ROOM-437', 79, 'Office', 'BUL-0002'),
('ROOM-439', 142, 'Office', 'BUL-0003'),
('ROOM-441', 182, 'Office', 'BUL-0003'),
('ROOM-442', 191, 'Office', 'BUL-0001'),
('ROOM-443', 36, 'Office', 'BUL-0001'),
('ROOM-444', 70, 'Office', 'BUL-0001'),
('ROOM-448', 198, 'Office', 'BUL-0003'),
('ROOM-449', 19, 'Office', 'BUL-0003'),
('ROOM-45', 77, 'Office', 'BUL-0001'),
('ROOM-458', 198, 'Office', 'BUL-0001'),
('ROOM-459', 111, 'Office', 'BUL-0003'),
('ROOM-46', 99, 'Office', 'BUL-0002'),
('ROOM-462', 185, 'Office', 'BUL-0002'),
('ROOM-465', 81, 'Office', 'BUL-0003'),
('ROOM-467', 158, 'Office', 'BUL-0001'),
('ROOM-471', 62, 'Office', 'BUL-0003'),
('ROOM-472', 20, 'Office', 'BUL-0001'),
('ROOM-475', 102, 'Office', 'BUL-0002'),
('ROOM-483', 131, 'Office', 'BUL-0001'),
('ROOM-486', 168, 'Office', 'BUL-0003'),
('ROOM-487', 143, 'Office', 'BUL-0001'),
('ROOM-488', 102, 'Office', 'BUL-0003'),
('ROOM-489', 198, 'Office', 'BUL-0003'),
('ROOM-49', 145, 'Office', 'BUL-0002'),
('ROOM-491', 74, 'Office', 'BUL-0003'),
('ROOM-497', 10, 'Office', 'BUL-0002'),
('ROOM-50', 193, 'Office', 'BUL-0001'),
('ROOM-500', 78, 'Office', 'BUL-0001'),
('ROOM-52', 130, 'Office', 'BUL-0001'),
('Room-56', 56, NULL, 'BUL-0002'),
('ROOM-57', 59, 'Office', 'BUL-0003'),
('ROOM-59', 114, 'Office', 'BUL-0003'),
('ROOM-64', 53, 'Office', 'BUL-0002'),
('ROOM-68', 98, 'Office', 'BUL-0003'),
('ROOM-7', 193, 'Office', 'BUL-0002'),
('ROOM-74', 127, 'Office', 'BUL-0002'),
('ROOM-76', 42, 'Office', 'BUL-0001'),
('ROOM-77', 10, 'Office', 'BUL-0002'),
('ROOM-79', 51, 'Office', 'BUL-0001'),
('ROOM-85', 40, 'Office', 'BUL-0002'),
('ROOM-88', 72, 'Office', 'BUL-0003'),
('ROOM-97', 38, 'Office', 'BUL-0001');

-- --------------------------------------------------------

--
-- Table structure for table `semesteryear`
--

CREATE TABLE `semesteryear` (
  `YearID` varchar(20) NOT NULL,
  `SemesterName` varchar(10) DEFAULT NULL,
  `Year` int(11) DEFAULT NULL,
  `StartDate` varchar(20) DEFAULT NULL,
  `EndDate` varchar(20) DEFAULT NULL
) ENGINE=InnoDB DEFAULT CHARSET=latin1;

--
-- Dumping data for table `semesteryear`
--

INSERT INTO `semesteryear` (`YearID`, `SemesterName`, `Year`, `StartDate`, `EndDate`) VALUES
('Fall-2018', 'Falll', 2018, '01/01/2018', '06/30/2018'),
('Fall-2019', 'Fall', 2019, '1/1/2019', '6/30/2019'),
('Fall-2020', 'Fall', 2020, '1/1/2020', '6/30/2020'),
('Fall-2021', 'Fall', 2021, '1/1/2021', '6/30/2021'),
('Spring-2018', 'Spring', 2018, '7/1/2018', '6/30/2018'),
('Spring-2019', 'Spring', 2019, '7/1/2019', '6/30/2019'),
('Spring-2020', 'Spring', 2020, '7/1/2020', '6/30/2020'),
('Spring-2021', 'Spring', 2021, '7/1/2021', '6/30/2021');

-- --------------------------------------------------------

--
-- Table structure for table `student`
--

CREATE TABLE `student` (
  `StudentID` varchar(10) NOT NULL,
  `StudentType` varchar(50) DEFAULT NULL
) ENGINE=InnoDB DEFAULT CHARSET=latin1;

--
-- Dumping data for table `student`
--

INSERT INTO `student` (`StudentID`, `StudentType`) VALUES
('23', ' Under graduate'),
('I700777406', 'Graduate'),
('I700777407', 'Graduate'),
('I700777408', 'Graduate'),
('I700777409', 'Graduate'),
('I700777410', 'Under Graduate'),
('I700777411', 'Under Graduate'),
('I700777412', 'Under Graduate'),
('I700777413', 'Graduate'),
('I700777414', 'Graduate'),
('I700777415', 'Graduate'),
('I700777416', 'Under Graduate'),
('I700777417', 'Graduate'),
('I700777418', 'Graduate'),
('I700777419', 'Graduate'),
('I700777420', 'Graduate'),
('I700777421', 'Graduate'),
('I700777422', 'Graduate'),
('I700777423', 'Graduate'),
('I700777424', 'Graduate'),
('I700777425', 'Under Graduate'),
('I700777426', 'Under Graduate'),
('I700777427', 'Graduate'),
('I700777428', 'Under Graduate'),
('I700777429', 'Under Graduate'),
('I700777430', 'Under Graduate'),
('I700777431', 'Under Graduate'),
('I700777432', 'Graduate'),
('I700777433', 'Graduate'),
('I700777434', 'Graduate'),
('I700777435', 'Graduate'),
('I700777436', 'Graduate'),
('I700777437', 'Under Graduate'),
('I700777438', 'Under Graduate'),
('I700777439', 'Under Graduate'),
('I700777440', 'Graduate'),
('I700777441', 'Under Graduate'),
('I700777442', 'Under Graduate'),
('I700777443', 'Under Graduate'),
('I700777444', 'Graduate'),
('I700777445', 'Graduate'),
('I700777446', 'Graduate'),
('I700777447', 'Under Graduate'),
('I700777448', 'Under Graduate'),
('I700777449', 'Under Graduate'),
('I700777450', 'Graduate'),
('I700777451', 'Under Graduate'),
('I700777452', 'Graduate'),
('I700777453', 'Graduate'),
('I700777454', 'Under Graduate'),
('I700777455', 'Under Graduate'),
('I700777456', 'Graduate'),
('I700777457', 'Under Graduate'),
('I700777458', 'Under Graduate'),
('I700777459', 'Under Graduate'),
('I700777460', 'Graduate'),
('I700777461', 'Graduate'),
('I700777462', 'Under Graduate'),
('I700777463', 'Graduate'),
('I700777464', 'Under Graduate'),
('I700777465', 'Graduate'),
('I700777466', 'Graduate'),
('I700777467', 'Under Graduate'),
('I700777468', 'Graduate'),
('I700777469', 'Graduate'),
('I700777470', 'Under Graduate'),
('I700777471', 'Graduate'),
('I700777472', 'Graduate'),
('I700777473', 'Graduate'),
('I700777474', 'Graduate'),
('I700777475', 'Under Graduate'),
('I700777476', 'Graduate'),
('I700777477', 'Under Graduate'),
('I700777478', 'Graduate'),
('I700777479', 'Graduate'),
('I700777480', 'Graduate'),
('I700777481', 'Under Graduate'),
('I700777482', 'Under Graduate'),
('I700777483', 'Under Graduate'),
('I700777484', 'Under Graduate'),
('I700777485', 'Graduate'),
('I700777486', 'Under Graduate'),
('I700777487', 'Under Graduate'),
('I700777488', 'Under Graduate'),
('I700777489', 'Under Graduate'),
('I700777490', 'Graduate'),
('I700777491', 'Graduate'),
('I700777492', 'Under Graduate'),
('I700777493', 'Graduate'),
('I700777494', 'Graduate'),
('I700777495', 'Under Graduate'),
('I700777496', 'Under Graduate'),
('I700777497', 'Graduate'),
('I700777498', 'Under Graduate'),
('I700777499', 'Graduate'),
('I700777500', 'Under Graduate'),
('I700777501', 'Under Graduate'),
('I700777502', 'Under Graduate'),
('I700777503', 'Under Graduate'),
('I700777504', 'Under Graduate'),
('I700777505', 'Under Graduate'),
('I700777506', 'Under Graduate'),
('I700777507', 'Graduate'),
('I700777508', 'Graduate'),
('I700777509', 'Under Graduate'),
('I700777510', 'Graduate'),
('I700777511', 'Graduate'),
('I700777512', 'Under Graduate'),
('I700777513', 'Under Graduate'),
('I700777514', 'Under Graduate'),
('I700777515', 'Graduate'),
('I700777516', 'Graduate'),
('I700777517', 'Under Graduate'),
('I700777518', 'Under Graduate'),
('I700777519', 'Under Graduate'),
('I700777520', 'Under Graduate'),
('I700777521', 'Under Graduate'),
('I700777522', 'Under Graduate'),
('I700777523', 'Graduate'),
('I700777524', 'Under Graduate'),
('I700777525', 'Graduate'),
('I700777526', 'Under Graduate'),
('I700777527', 'Graduate'),
('I700777528', 'Graduate'),
('I700777529', 'Graduate'),
('I700777530', 'Under Graduate'),
('I700777531', 'Graduate'),
('I700777532', 'Graduate'),
('I700777533', 'Graduate'),
('I700777534', 'Graduate'),
('I700777535', 'Graduate'),
('I700777536', 'Under Graduate'),
('I700777537', 'Graduate'),
('I700777538', 'Graduate'),
('I700777539', 'Graduate'),
('I700777540', 'Under Graduate'),
('I700777541', 'Under Graduate'),
('I700777542', 'Under Graduate'),
('I700777543', 'Graduate'),
('I700777544', 'Under Graduate'),
('I700777545', 'Graduate'),
('I700777546', 'Graduate'),
('I700777547', 'Under Graduate'),
('I700777548', 'Graduate'),
('I700777549', 'Graduate'),
('I700777550', 'Graduate'),
('I700777551', 'Graduate'),
('I700777552', 'Graduate'),
('I700777553', 'Under Graduate'),
('I700777554', 'Under Graduate'),
('I700777555', 'Graduate'),
('I700777556', 'Graduate'),
('I700777557', 'Graduate'),
('I700777558', 'Under Graduate'),
('I700777559', 'Graduate'),
('I700777560', 'Graduate'),
('I700777561', 'Under Graduate'),
('I700777562', 'Graduate'),
('I700777563', 'Under Graduate'),
('I700777564', 'Under Graduate'),
('I700777565', 'Graduate'),
('I700777566', 'Graduate'),
('I700777567', 'Under Graduate'),
('I700777568', 'Under Graduate'),
('I700777569', 'Graduate'),
('I700777570', 'Under Graduate'),
('I700777571', 'Under Graduate'),
('I700777572', 'Graduate'),
('I700777573', 'Graduate'),
('I700777574', 'Graduate'),
('I700777575', 'Graduate'),
('I700777576', 'Graduate'),
('I700777577', 'Under Graduate'),
('I700777578', 'Under Graduate'),
('I700777579', 'Under Graduate'),
('I700777580', 'Under Graduate'),
('I700777581', 'Under Graduate'),
('I700777582', 'Graduate'),
('I700777583', 'Under Graduate'),
('I700777584', 'Graduate'),
('I700777585', 'Graduate'),
('I700777586', 'Graduate'),
('I700777587', 'Graduate'),
('I700777588', 'Graduate'),
('I700777589', 'Under Graduate'),
('I700777590', 'Under Graduate'),
('I700777591', 'Under Graduate'),
('I700777592', 'Under Graduate'),
('I700777593', 'Graduate'),
('I700777594', 'Graduate'),
('I700777595', 'Under Graduate'),
('I700777596', 'Graduate'),
('I700777597', 'Graduate'),
('I700777598', 'Graduate'),
('I700777599', 'Graduate'),
('I700777600', 'Graduate'),
('I700777601', 'Graduate'),
('I700777602', 'Under Graduate'),
('I700777603', 'Graduate'),
('I700777604', 'Graduate'),
('I700777605', 'Graduate'),
('I700777606', 'Graduate'),
('I700777607', 'Graduate'),
('I700777608', 'Graduate'),
('I700777609', 'Graduate'),
('I700777610', 'Graduate'),
('I700777611', 'Graduate'),
('I700777612', 'Under Graduate'),
('I700777613', 'Under Graduate'),
('I700777614', 'Under Graduate'),
('I700777615', 'Graduate'),
('I700777616', 'Under Graduate'),
('I700777617', 'Under Graduate'),
('I700777618', 'Graduate'),
('I700777619', 'Graduate'),
('I700777620', 'Graduate'),
('I700777621', 'Graduate'),
('I700777622', 'Graduate'),
('I700777623', 'Graduate'),
('I700777624', 'Graduate'),
('I700777625', 'Under Graduate'),
('I700777626', 'Under Graduate'),
('I700777627', 'Under Graduate'),
('I700777628', 'Under Graduate'),
('I700777629', 'Graduate'),
('I700777630', 'Under Graduate'),
('I700777631', 'Graduate'),
('I700777632', 'Under Graduate'),
('I700777633', 'Graduate'),
('I700777634', 'Graduate'),
('I700777635', 'Under Graduate'),
('I700777636', 'Under Graduate'),
('I700777637', 'Graduate'),
('I700777638', 'Graduate'),
('I700777639', 'Graduate'),
('I700777640', 'Under Graduate'),
('I700777641', 'Under Graduate'),
('I700777642', 'Under Graduate'),
('I700777643', 'Graduate'),
('I700777644', 'Under Graduate'),
('I700777645', 'Under Graduate'),
('I700777646', 'Under Graduate'),
('I700777647', 'Under Graduate'),
('I700777648', 'Under Graduate'),
('I700777649', 'Under Graduate'),
('I700777650', 'Under Graduate'),
('I700777651', 'Graduate'),
('I700777652', 'Under Graduate'),
('I700777653', 'Graduate'),
('I700777654', 'Under Graduate'),
('I700777655', 'Graduate'),
('I700777656', 'Under Graduate'),
('I700777657', 'Graduate'),
('I700777658', 'Under Graduate'),
('I700777659', 'Under Graduate'),
('I700777660', 'Under Graduate'),
('I700777661', 'Graduate'),
('I700777662', 'Under Graduate'),
('I700777663', 'Under Graduate'),
('I700777664', 'Under Graduate'),
('I700777665', 'Under Graduate'),
('I700777666', 'Graduate'),
('I700777667', 'Graduate'),
('I700777668', 'Under Graduate'),
('I700777669', 'Under Graduate'),
('I700777670', 'Graduate'),
('I700777671', 'Under Graduate'),
('I700777672', 'Graduate'),
('I700777673', 'Under Graduate'),
('I700777674', 'Graduate'),
('I700777675', 'Under Graduate'),
('I700777676', 'Graduate'),
('I700777677', 'Graduate'),
('I700777678', 'Under Graduate'),
('I700777679', 'Under Graduate'),
('I700777680', 'Under Graduate'),
('I700777681', 'Graduate'),
('I700777682', 'Under Graduate'),
('I700777683', 'Graduate'),
('I700777684', 'Graduate'),
('I700777685', 'Graduate'),
('I700777686', 'Graduate'),
('I700777687', 'Graduate'),
('I700777688', 'Graduate'),
('I700777689', 'Under Graduate'),
('I700777690', 'Graduate'),
('I700777691', 'Under Graduate'),
('I700777692', 'Under Graduate'),
('I700777693', 'Graduate'),
('I700777694', 'Graduate'),
('I700777695', 'Graduate'),
('I700777696', 'Under Graduate'),
('I700777697', 'Under Graduate'),
('I700777698', 'Graduate'),
('I700777699', 'Graduate'),
('I700777700', 'Graduate'),
('I700777701', 'Graduate'),
('I700777702', 'Graduate'),
('I700777703', 'Graduate'),
('I700777704', 'Graduate'),
('I700777705', 'Under Graduate'),
('I700777706', 'Under Graduate'),
('I700777707', 'Graduate'),
('I700777708', 'Under Graduate'),
('I700777709', 'Under Graduate'),
('I700777710', 'Graduate'),
('I700777711', 'Graduate'),
('I700777712', 'Graduate'),
('I700777713', 'Graduate'),
('I700777714', 'Under Graduate'),
('I700777715', 'Graduate'),
('I700777716', 'Under Graduate'),
('I700777717', 'Under Graduate'),
('I700777718', 'Under Graduate'),
('I700777719', 'Graduate'),
('I700777720', 'Under Graduate'),
('I700777721', 'Graduate'),
('I700777722', 'Under Graduate'),
('I700777723', 'Graduate'),
('I700777724', 'Under Graduate'),
('I700777725', 'Graduate'),
('I700777726', 'Under Graduate'),
('I700777727', 'Graduate'),
('I700777728', 'Graduate'),
('I700777729', 'Under Graduate'),
('I700777730', 'Graduate'),
('I700777731', 'Under Graduate'),
('I700777732', 'Under Graduate'),
('I700777733', 'Graduate'),
('I700777734', 'Graduate'),
('I700777735', 'Graduate'),
('I700777736', 'Graduate'),
('I700777737', 'Under Graduate'),
('I700777738', 'Under Graduate'),
('I700777739', 'Under Graduate'),
('I700777740', 'Under Graduate'),
('I700777741', 'Under Graduate'),
('I700777742', 'Under Graduate'),
('I700777743', 'Graduate'),
('I700777744', 'Under Graduate'),
('I700777745', 'Graduate'),
('I700777746', 'Graduate'),
('I700777747', 'Under Graduate'),
('I700777748', 'Under Graduate'),
('I700777749', 'Under Graduate'),
('I700777750', 'Under Graduate'),
('I700777751', 'Under Graduate'),
('I700777752', 'Under Graduate'),
('I700777753', 'Under Graduate'),
('I700777754', 'Graduate'),
('I700777755', 'Graduate'),
('I700777756', 'Under Graduate'),
('I700777757', 'Under Graduate'),
('I700777758', 'Graduate'),
('I700777759', 'Graduate'),
('I700777760', 'Under Graduate'),
('I700777761', 'Under Graduate'),
('I700777762', 'Graduate'),
('I700777763', 'Graduate'),
('I700777764', 'Graduate'),
('I700777765', 'Under Graduate'),
('I700777766', 'Graduate'),
('I700777767', 'Under Graduate'),
('I700777768', 'Graduate'),
('I700777769', 'Under Graduate'),
('I700777770', 'Graduate'),
('I700777771', 'Under Graduate'),
('I700777772', 'Graduate'),
('I700777773', 'Under Graduate'),
('I700777774', 'Under Graduate'),
('I700777775', 'Under Graduate'),
('I700777776', 'Graduate'),
('I700777777', 'Graduate'),
('I700777778', 'Under Graduate'),
('I700777779', 'Under Graduate'),
('I700777780', 'Under Graduate'),
('I700777781', 'Under Graduate'),
('I700777782', 'Under Graduate'),
('I700777783', 'Graduate'),
('I700777784', 'Under Graduate'),
('I700777785', 'Graduate'),
('I700777786', 'Graduate'),
('I700777787', 'Graduate'),
('I700777788', 'Graduate'),
('I700777789', 'Under Graduate'),
('I700777790', 'Graduate'),
('I700777791', 'Under Graduate'),
('I700777792', 'Under Graduate'),
('I700777793', 'Under Graduate'),
('I700777794', 'Under Graduate'),
('I700777795', 'Under Graduate'),
('I700777796', 'Graduate'),
('I700777797', 'Graduate'),
('I700777798', 'Under Graduate'),
('I700777799', 'Under Graduate'),
('I700777800', 'Graduate'),
('I700777801', 'Graduate'),
('I700777802', 'Under Graduate'),
('I700777803', 'Graduate'),
('I700777804', 'Graduate'),
('I700777805', 'Graduate'),
('I700777806', 'Under Graduate'),
('I700777807', 'Under Graduate'),
('I700777808', 'Graduate'),
('I700777809', 'Graduate'),
('I700777810', 'Under Graduate'),
('I700777811', 'Under Graduate'),
('I700777812', 'Under Graduate'),
('I700777813', 'Graduate'),
('I700777814', 'Graduate'),
('I700777815', 'Graduate'),
('I700777816', 'Graduate'),
('I700777817', 'Graduate'),
('I700777818', 'Graduate'),
('I700777819', 'Under Graduate'),
('I700777820', 'Under Graduate'),
('I700777821', 'Under Graduate'),
('I700777822', 'Under Graduate'),
('I700777823', 'Graduate'),
('I700777824', 'Under Graduate'),
('I700777825', 'Under Graduate'),
('I700777826', 'Graduate'),
('I700777827', 'Graduate'),
('I700777828', 'Graduate'),
('I700777829', 'Graduate'),
('I700777830', 'Under Graduate'),
('I700777831', 'Under Graduate'),
('I700777832', 'Under Graduate'),
('I700777833', 'Graduate'),
('I700777834', 'Graduate'),
('I700777835', 'Under Graduate'),
('I700777836', 'Under Graduate'),
('I700777837', 'Graduate'),
('I700777838', 'Under Graduate'),
('I700777839', 'Graduate'),
('I700777840', 'Graduate'),
('I700777841', 'Graduate'),
('I700777842', 'Under Graduate'),
('I700777843', 'Graduate'),
('I700777844', 'Graduate'),
('I700777845', 'Graduate'),
('I700777846', 'Under Graduate'),
('I700777847', 'Graduate'),
('I700777848', 'Graduate'),
('I700777849', 'Graduate'),
('I700777850', 'Under Graduate'),
('I700777851', 'Graduate'),
('I700777852', 'Graduate'),
('I700777853', 'Graduate'),
('I700777854', 'Under Graduate'),
('I700777855', 'Under Graduate'),
('I700777856', 'Graduate'),
('I700777857', 'Graduate'),
('I700777858', 'Under Graduate'),
('I700777859', 'Graduate'),
('I700777860', 'Under Graduate'),
('I700777861', 'Graduate'),
('I700777862', 'Graduate'),
('I700777863', 'Graduate'),
('I700777864', 'Graduate'),
('I700777865', 'Under Graduate'),
('I700777866', 'Under Graduate'),
('I700777867', 'Graduate'),
('I700777868', 'Under Graduate'),
('I700777869', 'Graduate'),
('I700777870', 'Graduate'),
('I700777871', 'Under Graduate'),
('I700777872', 'Graduate'),
('I700777873', 'Under Graduate'),
('I700777874', 'Under Graduate'),
('I700777875', 'Graduate'),
('I700777876', 'Graduate'),
('I700777877', 'Graduate'),
('I700777878', 'Graduate'),
('I700777879', 'Under Graduate'),
('I700777880', 'Graduate'),
('I700777881', 'Graduate'),
('I700777882', 'Under Graduate'),
('I700777883', 'Under Graduate'),
('I700777884', 'Graduate'),
('I700777885', 'Under Graduate'),
('I700777886', 'Graduate'),
('I700777887', 'Graduate'),
('I700777888', 'Graduate'),
('I700777889', 'Under Graduate'),
('I700777890', 'Under Graduate'),
('I700777891', 'Graduate'),
('I700777892', 'Graduate'),
('I700777893', 'Graduate'),
('I700777894', 'Graduate'),
('I700777895', 'Under Graduate'),
('I700777896', 'Under Graduate'),
('I700777897', 'Graduate'),
('I700777898', 'Graduate'),
('I700777899', 'Under Graduate'),
('I700777900', 'Graduate'),
('I700777901', 'Under Graduate'),
('I700777902', 'Under Graduate'),
('I700777903', 'Graduate'),
('I700777904', 'Under Graduate'),
('I700777905', 'Graduate'),
('I700777906', 'Under Graduate'),
('I700777907', 'Under Graduate'),
('I700777908', 'Graduate'),
('I700777909', 'Graduate'),
('I700777910', 'Under Graduate'),
('I700777911', 'Under Graduate'),
('I700777912', 'Under Graduate'),
('I700777913', 'Graduate'),
('I700777914', 'Graduate'),
('I700777915', 'Under Graduate'),
('I700777916', 'Graduate'),
('I700777917', 'Graduate'),
('I700777918', 'Under Graduate'),
('I700777919', 'Graduate'),
('I700777920', 'Under Graduate'),
('I700777921', 'Graduate'),
('I700777922', 'Graduate'),
('I700777923', 'Under Graduate'),
('I700777924', 'Under Graduate'),
('I700777925', 'Graduate'),
('I700777926', 'Under Graduate'),
('I700777927', 'Under Graduate'),
('I700777928', 'Graduate'),
('I700777929', 'Graduate'),
('I700777930', 'Under Graduate'),
('I700777931', 'Under Graduate'),
('I700777932', 'Under Graduate'),
('I700777933', 'Under Graduate'),
('I700777934', 'Under Graduate'),
('I700777935', 'Under Graduate'),
('I700777936', 'Graduate'),
('I700777937', 'Graduate'),
('I700777938', 'Graduate'),
('I700777939', 'Under Graduate'),
('I700777940', 'Graduate'),
('I700777941', 'Under Graduate'),
('I700777942', 'Under Graduate'),
('I700777943', 'Under Graduate'),
('I700777944', 'Graduate'),
('I700777945', 'Under Graduate'),
('I700777946', 'Graduate'),
('I700777947', 'Graduate'),
('I700777948', 'Under Graduate'),
('I700777949', 'Graduate'),
('I700777950', 'Under Graduate'),
('I700777951', 'Graduate'),
('I700777952', 'Under Graduate'),
('I700777953', 'Under Graduate'),
('I700777954', 'Under Graduate'),
('I700777955', 'Under Graduate'),
('I700777956', 'Under Graduate'),
('I700777957', 'Graduate'),
('I700777958', 'Under Graduate'),
('I700777959', 'Under Graduate'),
('I700777960', 'Graduate'),
('I700777961', 'Under Graduate'),
('I700777962', 'Under Graduate'),
('I700777963', 'Under Graduate'),
('I700777964', 'Graduate'),
('I700777965', 'Under Graduate'),
('I700777966', 'Graduate'),
('I700777967', 'Graduate'),
('I700777968', 'Graduate'),
('I700777969', 'Under Graduate'),
('I700777970', 'Under Graduate'),
('I700777971', 'Graduate'),
('I700777972', 'Under Graduate'),
('I700777973', 'Under Graduate'),
('I700777974', 'Graduate'),
('I700777975', 'Under Graduate'),
('I700777976', 'Graduate'),
('I700777977', 'Graduate'),
('I700777978', 'Under Graduate'),
('I700777979', 'Under Graduate'),
('I700777980', 'Under Graduate'),
('I700777981', 'Graduate'),
('I700777982', 'Under Graduate'),
('I700777983', 'Under Graduate'),
('I700777984', 'Graduate'),
('I700777985', 'Under Graduate'),
('I700777986', 'Graduate'),
('I700777987', 'Graduate'),
('I700777988', 'Graduate'),
('I700777989', 'Under Graduate'),
('I700777990', 'Graduate'),
('I700777991', 'Under Graduate'),
('I700777992', 'Under Graduate'),
('I700777993', 'Under Graduate'),
('I700777994', 'Graduate'),
('I700777995', 'Graduate'),
('I700777996', 'Under Graduate'),
('I700777997', 'Graduate'),
('I700777998', 'Under Graduate'),
('I700777999', 'Under Graduate'),
('I700778000', 'Graduate'),
('I700778001', 'Under Graduate'),
('I700778002', 'Under Graduate'),
('I700778003', 'Under Graduate'),
('I700778004', 'Under Graduate'),
('I700778005', 'Under Graduate'),
('I700778006', 'Graduate'),
('I700778007', 'Graduate'),
('I700778008', 'Graduate'),
('I700778009', 'Under Graduate'),
('I700778010', 'Graduate'),
('I700778011', 'Under Graduate'),
('I700778012', 'Graduate'),
('I700778013', 'Under Graduate'),
('I700778014', 'Graduate'),
('I700778015', 'Under Graduate'),
('I700778016', 'Graduate'),
('I700778017', 'Under Graduate'),
('I700778018', 'Under Graduate'),
('I700778019', 'Graduate'),
('I700778020', 'Graduate'),
('I700778021', 'Under Graduate'),
('I700778022', 'Graduate'),
('I700778023', 'Under Graduate'),
('I700778024', 'Graduate'),
('I700778025', 'Under Graduate'),
('I700778026', 'Under Graduate'),
('I700778027', 'Graduate'),
('I700778028', 'Graduate'),
('I700778029', 'Graduate'),
('I700778030', 'Graduate'),
('I700778031', 'Graduate'),
('I700778032', 'Under Graduate'),
('I700778033', 'Graduate'),
('I700778034', 'Graduate'),
('I700778035', 'Under Graduate'),
('I700778036', 'Graduate'),
('I700778037', 'Graduate'),
('I700778038', 'Graduate'),
('I700778039', 'Graduate'),
('I700778040', 'Graduate'),
('I700778041', 'Under Graduate'),
('I700778042', 'Under Graduate'),
('I700778043', 'Under Graduate'),
('I700778044', 'Under Graduate'),
('I700778045', 'Under Graduate'),
('I700778046', 'Under Graduate'),
('I700778047', 'Graduate'),
('I700778048', 'Graduate'),
('I700778049', 'Under Graduate'),
('I700778050', 'Under Graduate'),
('I700778051', 'Graduate'),
('I700778052', 'Under Graduate'),
('I700778053', 'Graduate'),
('I700778054', 'Graduate'),
('I700778055', 'Graduate'),
('I700778056', 'Graduate'),
('I700778057', 'Graduate'),
('I700778058', 'Graduate'),
('I700778059', 'Under Graduate'),
('I700778060', 'Graduate'),
('I700778061', 'Graduate'),
('I700778062', 'Under Graduate'),
('I700778063', 'Under Graduate'),
('I700778064', 'Under Graduate'),
('I700778065', 'Graduate'),
('I700778066', 'Graduate'),
('I700778067', 'Under Graduate'),
('I700778068', 'Under Graduate'),
('I700778069', 'Under Graduate'),
('I700778070', 'Under Graduate'),
('I700778071', 'Graduate'),
('I700778072', 'Under Graduate'),
('I700778073', 'Graduate'),
('I700778074', 'Under Graduate'),
('I700778075', 'Under Graduate'),
('I700778076', 'Under Graduate'),
('I700778077', 'Under Graduate'),
('I700778078', 'Under Graduate'),
('I700778079', 'Graduate'),
('I700778080', 'Graduate'),
('I700778081', 'Graduate'),
('I700778082', 'Graduate'),
('I700778083', 'Graduate'),
('I700778084', 'Under Graduate'),
('I700778085', 'Graduate'),
('I700778086', 'Under Graduate'),
('I700778087', 'Under Graduate'),
('I700778088', 'Graduate'),
('I700778089', 'Under Graduate'),
('I700778090', 'Under Graduate'),
('I700778091', 'Under Graduate'),
('I700778092', 'Graduate'),
('I700778093', 'Under Graduate'),
('I700778094', 'Graduate'),
('I700778095', 'Under Graduate'),
('I700778096', 'Under Graduate'),
('I700778097', 'Under Graduate'),
('I700778098', 'Under Graduate'),
('I700778099', 'Graduate'),
('I700778100', 'Under Graduate'),
('I700778101', 'Under Graduate'),
('I700778102', 'Under Graduate'),
('I700778103', 'Graduate'),
('I700778104', 'Graduate'),
('I700778105', 'Graduate'),
('I700778106', 'Graduate'),
('I700778107', 'Graduate'),
('I700778108', 'Graduate'),
('I700778109', 'Under Graduate'),
('I700778110', 'Graduate'),
('I700778111', 'Under Graduate'),
('I700778112', 'Under Graduate'),
('I700778113', 'Graduate'),
('I700778114', 'Graduate'),
('I700778115', 'Graduate'),
('I700778116', 'Graduate'),
('I700778117', 'Graduate'),
('I700778118', 'Under Graduate'),
('I700778119', 'Graduate'),
('I700778120', 'Graduate'),
('I700778121', 'Under Graduate'),
('I700778122', 'Under Graduate'),
('I700778123', 'Graduate'),
('I700778124', 'Under Graduate'),
('I700778125', 'Graduate'),
('I700778126', 'Under Graduate'),
('I700778127', 'Under Graduate'),
('I700778128', 'Graduate'),
('I700778129', 'Under Graduate'),
('I700778130', 'Under Graduate'),
('I700778131', 'Graduate'),
('I700778132', 'Under Graduate'),
('I700778133', 'Under Graduate'),
('I700778134', 'Graduate'),
('I700778135', 'Graduate'),
('I700778136', 'Graduate'),
('I700778137', 'Under Graduate'),
('I700778138', 'Graduate'),
('I700778139', 'Under Graduate'),
('I700778140', 'Graduate'),
('I700778141', 'Graduate'),
('I700778142', 'Under Graduate'),
('I700778143', 'Under Graduate'),
('I700778144', 'Under Graduate'),
('I700778145', 'Under Graduate'),
('I700778146', 'Graduate'),
('I700778147', 'Under Graduate'),
('I700778148', 'Under Graduate'),
('I700778149', 'Under Graduate'),
('I700778150', 'Under Graduate'),
('I700778151', 'Graduate'),
('I700778152', 'Under Graduate'),
('I700778153', 'Under Graduate'),
('I700778154', 'Under Graduate'),
('I700778155', 'Under Graduate'),
('I700778156', 'Graduate'),
('I700778157', 'Under Graduate'),
('I700778158', 'Graduate'),
('I700778159', 'Under Graduate'),
('I700778160', 'Under Graduate'),
('I700778161', 'Under Graduate'),
('I700778162', 'Under Graduate'),
('I700778163', 'Graduate'),
('I700778164', 'Under Graduate'),
('I700778165', 'Graduate'),
('I700778166', 'Graduate'),
('I700778167', 'Under Graduate'),
('I700778168', 'Under Graduate'),
('I700778169', 'Under Graduate'),
('I700778170', 'Under Graduate'),
('I700778171', 'Graduate'),
('I700778172', 'Graduate'),
('I700778173', 'Graduate'),
('I700778174', 'Graduate'),
('I700778175', 'Under Graduate'),
('I700778176', 'Graduate'),
('I700778177', 'Under Graduate'),
('I700778178', 'Under Graduate'),
('I700778179', 'Under Graduate'),
('I700778180', 'Graduate'),
('I700778181', 'Under Graduate'),
('I700778182', 'Under Graduate'),
('I700778183', 'Under Graduate'),
('I700778184', 'Graduate'),
('I700778185', 'Graduate'),
('I700778186', 'Graduate'),
('I700778187', 'Under Graduate'),
('I700778188', 'Under Graduate'),
('I700778189', 'Graduate'),
('I700778190', 'Under Graduate'),
('I700778191', 'Under Graduate'),
('I700778192', 'Graduate'),
('I700778193', 'Under Graduate'),
('I700778194', 'Graduate'),
('I700778195', 'Graduate'),
('I700778196', 'Graduate'),
('I700778197', 'Graduate'),
('I700778198', 'Under Graduate'),
('I700778199', 'Under Graduate'),
('I700778200', 'Graduate'),
('I700778201', 'Under Graduate'),
('I700778202', 'Graduate'),
('I700778203', 'Graduate'),
('I700778204', 'Graduate'),
('I700778205', 'Under Graduate'),
('I700778206', 'Graduate'),
('I700778207', 'Under Graduate'),
('I700778208', 'Graduate'),
('I700778209', 'Under Graduate'),
('I700778210', 'Graduate'),
('I700778211', 'Under Graduate'),
('I700778212', 'Graduate'),
('I700778213', 'Under Graduate'),
('I700778214', 'Under Graduate'),
('I700778215', 'Graduate'),
('I700778216', 'Under Graduate'),
('I700778217', 'Graduate'),
('I700778218', 'Graduate'),
('I700778219', 'Graduate'),
('I700778220', 'Graduate'),
('I700778221', 'Graduate'),
('I700778222', 'Graduate'),
('I700778223', 'Graduate'),
('I700778224', 'Graduate'),
('I700778225', 'Graduate'),
('I700778226', 'Under Graduate'),
('I700778227', 'Under Graduate'),
('I700778228', 'Under Graduate'),
('I700778229', 'Graduate'),
('I700778230', 'Graduate'),
('I700778231', 'Graduate'),
('I700778232', 'Under Graduate'),
('I700778233', 'Graduate'),
('I700778234', 'Graduate'),
('I700778235', 'Graduate'),
('I700778236', 'Under Graduate'),
('I700778237', 'Under Graduate'),
('I700778238', 'Under Graduate'),
('I700778239', 'Under Graduate'),
('I700778240', 'Under Graduate'),
('I700778241', 'Graduate'),
('I700778242', 'Under Graduate'),
('I700778243', 'Under Graduate'),
('I700778244', 'Graduate'),
('I700778245', 'Under Graduate'),
('I700778246', 'Under Graduate'),
('I700778247', 'Under Graduate'),
('I700778248', 'Under Graduate'),
('I700778249', 'Graduate'),
('I700778250', 'Under Graduate'),
('I700778251', 'Under Graduate'),
('I700778252', 'Graduate'),
('I700778253', 'Graduate'),
('I700778254', 'Under Graduate'),
('I700778255', 'Under Graduate'),
('I700778256', 'Graduate'),
('I700778257', 'Graduate'),
('I700778258', 'Under Graduate'),
('I700778259', 'Under Graduate'),
('I700778260', 'Graduate'),
('I700778261', 'Graduate'),
('I700778262', 'Under Graduate'),
('I700778263', 'Under Graduate'),
('I700778264', 'Graduate'),
('I700778265', 'Graduate'),
('I700778266', 'Under Graduate'),
('I700778267', 'Graduate'),
('I700778268', 'Graduate'),
('I700778269', 'Graduate'),
('I700778270', 'Under Graduate'),
('I700778271', 'Under Graduate'),
('I700778272', 'Under Graduate'),
('I700778273', 'Graduate'),
('I700778274', 'Under Graduate'),
('I700778275', 'Graduate'),
('I700778276', 'Under Graduate'),
('I700778277', 'Under Graduate'),
('I700778278', 'Graduate'),
('I700778279', 'Graduate'),
('I700778280', 'Under Graduate'),
('I700778281', 'Under Graduate'),
('I700778282', 'Graduate'),
('I700778283', 'Under Graduate'),
('I700778284', 'Graduate'),
('I700778285', 'Graduate'),
('I700778286', 'Graduate'),
('I700778287', 'Graduate'),
('I700778288', 'Under Graduate'),
('I700778289', 'Under Graduate'),
('I700778290', 'Graduate'),
('I700778291', 'Graduate'),
('I700778292', 'Graduate'),
('I700778293', 'Graduate'),
('I700778294', 'Under Graduate'),
('I700778295', 'Graduate'),
('I700778296', 'Under Graduate'),
('I700778297', 'Graduate'),
('I700778298', 'Under Graduate'),
('I700778299', 'Graduate'),
('I700778300', 'Under Graduate'),
('I700778301', 'Under Graduate'),
('I700778302', 'Under Graduate'),
('I700778303', 'Under Graduate'),
('I700778304', 'Graduate'),
('I700778305', 'Graduate'),
('I700778306', 'Graduate'),
('I700778307', 'Under Graduate'),
('I700778308', 'Graduate'),
('I700778309', 'Graduate'),
('I700778310', 'Under Graduate'),
('I700778311', 'Graduate'),
('I700778312', 'Graduate'),
('I700778313', 'Graduate'),
('I700778314', 'Under Graduate'),
('I700778315', 'Graduate'),
('I700778316', 'Graduate'),
('I700778317', 'Graduate'),
('I700778318', 'Under Graduate'),
('I700778319', 'Under Graduate'),
('I700778320', 'Graduate'),
('I700778321', 'Under Graduate'),
('I700778322', 'Graduate'),
('I700778323', 'Graduate'),
('I700778324', 'Graduate'),
('I700778325', 'Under Graduate'),
('I700778326', 'Under Graduate'),
('I700778327', 'Graduate'),
('I700778328', 'Graduate'),
('I700778329', 'Under Graduate'),
('I700778330', 'Under Graduate'),
('I700778331', 'Graduate'),
('I700778332', 'Under Graduate'),
('I700778333', 'Under Graduate'),
('I700778334', 'Graduate'),
('I700778335', 'Graduate'),
('I700778336', 'Graduate'),
('I700778337', 'Graduate'),
('I700778338', 'Graduate'),
('I700778339', 'Graduate'),
('I700778340', 'Graduate'),
('I700778341', 'Under Graduate'),
('I700778342', 'Graduate'),
('I700778343', 'Under Graduate'),
('I700778344', 'Under Graduate'),
('I700778345', 'Graduate'),
('I700778346', 'Graduate'),
('I700778347', 'Under Graduate'),
('I700778348', 'Graduate'),
('I700778349', 'Graduate'),
('I700778350', 'Under Graduate'),
('I700778351', 'Graduate'),
('I700778352', 'Under Graduate'),
('I700778353', 'Under Graduate'),
('I700778354', 'Graduate'),
('I700778355', 'Under Graduate'),
('I700778356', 'Graduate'),
('I700778357', 'Graduate'),
('I700778358', 'Graduate'),
('I700778359', 'Under Graduate'),
('I700778360', 'Graduate'),
('I700778361', 'Graduate'),
('I700778362', 'Graduate'),
('I700778363', 'Graduate'),
('I700778364', 'Under Graduate'),
('I700778365', 'Graduate'),
('I700778366', 'Graduate'),
('I700778367', 'Graduate'),
('I700778368', 'Under Graduate'),
('I700778369', 'Under Graduate'),
('I700778370', 'Graduate'),
('I700778371', 'Under Graduate'),
('I700778372', 'Under Graduate'),
('I700778373', 'Under Graduate'),
('I700778374', 'Graduate'),
('I700778375', 'Graduate'),
('I700778376', 'Under Graduate'),
('I700778377', 'Under Graduate'),
('I700778378', 'Under Graduate'),
('I700778379', 'Under Graduate'),
('I700778380', 'Graduate'),
('I700778381', 'Graduate'),
('I700778382', 'Graduate'),
('I700778383', 'Graduate'),
('I700778384', 'Under Graduate'),
('I700778385', 'Graduate'),
('I700778386', 'Under Graduate'),
('I700778387', 'Under Graduate'),
('I700778388', 'Under Graduate'),
('I700778389', 'Graduate'),
('I700778390', 'Graduate'),
('I700778391', 'Graduate'),
('I700778392', 'Graduate'),
('I700778393', 'Graduate'),
('I700778394', 'Graduate'),
('I700778395', 'Under Graduate'),
('I700778396', 'Under Graduate'),
('I700778397', 'Graduate'),
('I700778398', 'Graduate'),
('I700778399', 'Under Graduate'),
('I700778400', 'Graduate'),
('I700778401', 'Under Graduate'),
('I700778402', 'Under Graduate'),
('I700778403', 'Graduate'),
('I700778404', 'Graduate');

-- --------------------------------------------------------

--
-- Table structure for table `studenthistory`
--

CREATE TABLE `studenthistory` (
  `StudentID` varchar(9) NOT NULL,
  `CRN` varchar(10) NOT NULL,
  `GRADE` varchar(2) DEFAULT NULL,
  `SemesterID` varchar(20) DEFAULT NULL
) ENGINE=InnoDB DEFAULT CHARSET=latin1;

-- --------------------------------------------------------

--
-- Table structure for table `studentmajor`
--

CREATE TABLE `studentmajor` (
  `StudentID` varchar(9) DEFAULT NULL,
  `MajorID` varchar(10) DEFAULT NULL,
  `DateDeclaration` varchar(20) DEFAULT NULL
) ENGINE=InnoDB DEFAULT CHARSET=latin1;

-- --------------------------------------------------------

--
-- Table structure for table `studentminor`
--

CREATE TABLE `studentminor` (
  `StudentID` varchar(9) DEFAULT NULL,
  `MinorID` varchar(10) DEFAULT NULL,
  `DateDeclaration` varchar(20) DEFAULT NULL
) ENGINE=InnoDB DEFAULT CHARSET=latin1;

-- --------------------------------------------------------

--
-- Table structure for table `student_hold`
--

CREATE TABLE `student_hold` (
  `StudentID` varchar(10) NOT NULL,
  `HoldID` varchar(10) NOT NULL
) ENGINE=InnoDB DEFAULT CHARSET=latin1;

--
-- Dumping data for table `student_hold`
--

INSERT INTO `student_hold` (`StudentID`, `HoldID`) VALUES
('I700778322', 'HLD-05'),
('I700778323', 'HLD-04'),
('I700778324', 'HLD-04'),
('I700778325', 'HLD-01'),
('I700778326', 'HLD-03'),
('I700778327', 'HLD-04'),
('I700778328', 'HLD-02'),
('I700778329', 'HLD-04'),
('I700778330', 'HLD-05'),
('I700778331', 'HLD-05'),
('I700778332', 'HLD-05'),
('I700778333', 'HLD-01'),
('I700778334', 'HLD-03'),
('I700778335', 'HLD-01'),
('I700778336', 'HLD-04'),
('I700778337', 'HLD-03'),
('I700778338', 'HLD-01'),
('I700778339', 'HLD-02'),
('I700778340', 'HLD-04'),
('I700778341', 'HLD-02'),
('I700778342', 'HLD-02'),
('I700778343', 'HLD-01'),
('I700778344', 'HLD-05'),
('I700778345', 'HLD-05'),
('I700778346', 'HLD-03'),
('I700778347', 'HLD-02'),
('I700778348', 'HLD-03'),
('I700778349', 'HLD-03'),
('I700778350', 'HLD-02'),
('I700778351', 'HLD-04'),
('I700778352', 'HLD-02'),
('I700778353', 'HLD-05'),
('I700778354', 'HLD-03'),
('I700778355', 'HLD-02'),
('I700778356', 'HLD-01'),
('I700778357', 'HLD-02'),
('I700778358', 'HLD-03'),
('I700778359', 'HLD-02'),
('I700778360', 'HLD-02'),
('I700778361', 'HLD-02'),
('I700778362', 'HLD-01'),
('I700778363', 'HLD-04'),
('I700778364', 'HLD-05'),
('I700778365', 'HLD-01'),
('I700778366', 'HLD-01'),
('I700778367', 'HLD-01'),
('I700778368', 'HLD-03'),
('I700778369', 'HLD-02'),
('I700778370', 'HLD-04'),
('I700778371', 'HLD-02'),
('I700778372', 'HLD-02'),
('I700778373', 'HLD-02'),
('I700778374', 'HLD-02'),
('I700778375', 'HLD-03'),
('I700778376', 'HLD-01'),
('I700778377', 'HLD-04'),
('I700778378', 'HLD-03'),
('I700778379', 'HLD-01'),
('I700778380', 'HLD-02'),
('I700778381', 'HLD-01'),
('I700778382', 'HLD-05'),
('I700778383', 'HLD-01'),
('I700778384', 'HLD-04'),
('I700778385', 'HLD-05'),
('I700778386', 'HLD-05'),
('I700778387', 'HLD-04'),
('I700778388', 'HLD-02'),
('I700778389', 'HLD-02'),
('I700778390', 'HLD-02'),
('I700778391', 'HLD-02'),
('I700778392', 'HLD-02'),
('I700778393', 'HLD-02'),
('I700778394', 'HLD-03'),
('I700778395', 'HLD-01'),
('I700778396', 'HLD-05'),
('I700778397', 'HLD-04'),
('I700778398', 'HLD-03'),
('I700778399', 'HLD-02'),
('I700778400', 'HLD-03'),
('I700778401', 'HLD-02'),
('I700778402', 'HLD-05'),
('I700778403', 'HLD-04'),
('I700778404', 'HLD-02');

-- --------------------------------------------------------

--
-- Table structure for table `timeslot`
--

CREATE TABLE `timeslot` (
  `TimeSlotID` int(11) NOT NULL,
  `Day` int(11) DEFAULT NULL,
  `Pre` varchar(10) DEFAULT NULL
) ENGINE=InnoDB DEFAULT CHARSET=latin1;

--
-- Dumping data for table `timeslot`
--

INSERT INTO `timeslot` (`TimeSlotID`, `Day`, `Pre`) VALUES
(1, 1, 'PRE-001'),
(2, 1, 'PRE-002'),
(3, 1, 'PRE-003'),
(4, 1, 'PRE-004'),
(5, 1, 'PRE-005'),
(6, 1, 'PRE-006'),
(7, 2, 'PRE-001'),
(8, 2, 'PRE-002'),
(9, 2, 'PRE-003'),
(10, 2, 'PRE-004'),
(11, 2, 'PRE-005'),
(12, 2, 'PRE-006'),
(13, 3, 'PRE-001'),
(14, 3, 'PRE-002'),
(15, 3, 'PRE-003'),
(16, 3, 'PRE-004'),
(17, 3, 'PRE-005'),
(18, 3, 'PRE-006'),
(19, 4, 'PRE-001'),
(20, 4, 'PRE-002'),
(21, 4, 'PRE-003'),
(22, 4, 'PRE-004'),
(23, 4, 'PRE-005'),
(24, 4, 'PRE-006'),
(25, 5, 'PRE-001'),
(26, 5, 'PRE-002'),
(27, 5, 'PRE-003'),
(28, 5, 'PRE-004'),
(29, 5, 'PRE-005'),
(30, 5, 'PRE-006'),
(31, 6, 'PRE-001'),
(32, 6, 'PRE-002'),
(33, 6, 'PRE-003'),
(34, 6, 'PRE-004'),
(35, 6, 'PRE-005'),
(36, 6, 'PRE-006');

-- --------------------------------------------------------

--
-- Table structure for table `undergraduate_fulltime`
--

CREATE TABLE `undergraduate_fulltime` (
  `StudentID` varchar(10) NOT NULL,
  `CreditEarned` double DEFAULT NULL
) ENGINE=InnoDB DEFAULT CHARSET=latin1;

--
-- Dumping data for table `undergraduate_fulltime`
--

INSERT INTO `undergraduate_fulltime` (`StudentID`, `CreditEarned`) VALUES
('I700777410', 23),
('I700777416', 28),
('I700777425', 28),
('I700777426', 21),
('I700777430', 28),
('I700777437', 25),
('I700777441', 24),
('I700777442', 25),
('I700777443', 25),
('I700777449', 22),
('I700777451', 22),
('I700777454', 29),
('I700777455', 20),
('I700777457', 21),
('I700777462', 20),
('I700777464', 25),
('I700777467', 22),
('I700777470', 24),
('I700777475', 26),
('I700777477', 22),
('I700777482', 29),
('I700777483', 30),
('I700777484', 26),
('I700777487', 25),
('I700777488', 30),
('I700777492', 24),
('I700777495', 26),
('I700777496', 20),
('I700777514', 25),
('I700777517', 29),
('I700777521', 26),
('I700777524', 28),
('I700777530', 30),
('I700777544', 25),
('I700777553', 29),
('I700777558', 20),
('I700777563', 20),
('I700777567', 29),
('I700777577', 20),
('I700777578', 26),
('I700777589', 21),
('I700777591', 28),
('I700777592', 23),
('I700777595', 29),
('I700777602', 20),
('I700777616', 26),
('I700777617', 29),
('I700777627', 29),
('I700777628', 27),
('I700777630', 22),
('I700777632', 29),
('I700777635', 30),
('I700777654', 22),
('I700777658', 25),
('I700777659', 29),
('I700777663', 21),
('I700777671', 21),
('I700777673', 27),
('I700777679', 27),
('I700777680', 20),
('I700777691', 22),
('I700777696', 24),
('I700777697', 23),
('I700777706', 27),
('I700777716', 29),
('I700777717', 29),
('I700777718', 26),
('I700777720', 27),
('I700777722', 27),
('I700777726', 24),
('I700777729', 27),
('I700777731', 29),
('I700777739', 20),
('I700777740', 23),
('I700777744', 29),
('I700777747', 27),
('I700777748', 20),
('I700777752', 29),
('I700777753', 28),
('I700777757', 29),
('I700777765', 23),
('I700777767', 24),
('I700777769', 26),
('I700777771', 21),
('I700777773', 20),
('I700777774', 21),
('I700777775', 23),
('I700777778', 25),
('I700777782', 28),
('I700777789', 21),
('I700777792', 29),
('I700777795', 25),
('I700777798', 22),
('I700777799', 29),
('I700777807', 24),
('I700777810', 26),
('I700777819', 30),
('I700777824', 29),
('I700777825', 21),
('I700777838', 24),
('I700777842', 22),
('I700777854', 26),
('I700777858', 29),
('I700777860', 25),
('I700777865', 30),
('I700777868', 25),
('I700777871', 29),
('I700777873', 26),
('I700777883', 22),
('I700777885', 21),
('I700777895', 21),
('I700777906', 24),
('I700777911', 26),
('I700777915', 25),
('I700777918', 20),
('I700777920', 24),
('I700777924', 28),
('I700777927', 23),
('I700777930', 28),
('I700777933', 23),
('I700777934', 25),
('I700777935', 21),
('I700777939', 29),
('I700777942', 28),
('I700777943', 22),
('I700777945', 25),
('I700777950', 27),
('I700777953', 29),
('I700777954', 27),
('I700777962', 21),
('I700777965', 25),
('I700777969', 21),
('I700777970', 20),
('I700777972', 28),
('I700777978', 29),
('I700777982', 24),
('I700777983', 24),
('I700778001', 22),
('I700778002', 21),
('I700778005', 30),
('I700778023', 27),
('I700778032', 21),
('I700778041', 21),
('I700778042', 24),
('I700778044', 28),
('I700778046', 21),
('I700778052', 30),
('I700778062', 21),
('I700778063', 28),
('I700778064', 29),
('I700778074', 22),
('I700778077', 23),
('I700778078', 30),
('I700778084', 24),
('I700778091', 28),
('I700778097', 24),
('I700778111', 24),
('I700778121', 21),
('I700778124', 27),
('I700778130', 29),
('I700778133', 24),
('I700778137', 20),
('I700778143', 25),
('I700778144', 25),
('I700778147', 28),
('I700778150', 23),
('I700778153', 27),
('I700778154', 20),
('I700778155', 29),
('I700778157', 24),
('I700778159', 28),
('I700778160', 25),
('I700778162', 25),
('I700778164', 27),
('I700778168', 20),
('I700778175', 23),
('I700778177', 27),
('I700778179', 20),
('I700778182', 26),
('I700778183', 29),
('I700778188', 20),
('I700778193', 22),
('I700778198', 30),
('I700778201', 28),
('I700778205', 20),
('I700778209', 27),
('I700778213', 21),
('I700778232', 30),
('I700778237', 21),
('I700778238', 21),
('I700778242', 24),
('I700778245', 27),
('I700778246', 22),
('I700778247', 24),
('I700778248', 29),
('I700778255', 26),
('I700778258', 25),
('I700778271', 26),
('I700778272', 25),
('I700778274', 23),
('I700778280', 24),
('I700778283', 30),
('I700778288', 22),
('I700778289', 21),
('I700778298', 25),
('I700778300', 27),
('I700778307', 22),
('I700778310', 29),
('I700778319', 22),
('I700778325', 22),
('I700778326', 29),
('I700778329', 29),
('I700778344', 25),
('I700778347', 25),
('I700778350', 30),
('I700778355', 27),
('I700778369', 29),
('I700778372', 23),
('I700778373', 22),
('I700778384', 26),
('I700778386', 29),
('I700778388', 20),
('I700778395', 27),
('I700778396', 25),
('I700778401', 25),
('I700778402', 28);

-- --------------------------------------------------------

--
-- Table structure for table `undergraduate_parttime`
--

CREATE TABLE `undergraduate_parttime` (
  `StudentID` varchar(10) NOT NULL,
  `CreditEarned` double DEFAULT NULL
) ENGINE=InnoDB DEFAULT CHARSET=latin1;

--
-- Dumping data for table `undergraduate_parttime`
--

INSERT INTO `undergraduate_parttime` (`StudentID`, `CreditEarned`) VALUES
('I700777411', 22),
('I700777412', 23),
('I700777428', 24),
('I700777429', 24),
('I700777431', 30),
('I700777438', 22),
('I700777439', 24),
('I700777447', 20),
('I700777448', 25),
('I700777458', 29),
('I700777459', 25),
('I700777481', 28),
('I700777486', 30),
('I700777489', 25),
('I700777498', 25),
('I700777500', 26),
('I700777501', 28),
('I700777502', 30),
('I700777503', 26),
('I700777504', 27),
('I700777505', 21),
('I700777506', 24),
('I700777509', 23),
('I700777512', 25),
('I700777513', 23),
('I700777518', 20),
('I700777519', 22),
('I700777520', 21),
('I700777522', 22),
('I700777526', 26),
('I700777536', 21),
('I700777540', 28),
('I700777541', 25),
('I700777542', 29),
('I700777547', 21),
('I700777554', 25),
('I700777561', 27),
('I700777564', 25),
('I700777568', 23),
('I700777570', 25),
('I700777571', 26),
('I700777579', 23),
('I700777580', 27),
('I700777581', 23),
('I700777583', 23),
('I700777590', 21),
('I700777612', 20),
('I700777613', 22),
('I700777614', 28),
('I700777625', 22),
('I700777626', 26),
('I700777636', 25),
('I700777640', 23),
('I700777641', 26),
('I700777642', 23),
('I700777644', 30),
('I700777645', 28),
('I700777646', 24),
('I700777647', 28),
('I700777648', 26),
('I700777649', 20),
('I700777650', 29),
('I700777652', 24),
('I700777656', 29),
('I700777660', 20),
('I700777662', 28),
('I700777664', 27),
('I700777665', 29),
('I700777668', 29),
('I700777669', 29),
('I700777675', 21),
('I700777678', 25),
('I700777682', 29),
('I700777689', 23),
('I700777692', 21),
('I700777705', 20),
('I700777708', 21),
('I700777709', 26),
('I700777714', 20),
('I700777724', 24),
('I700777732', 29),
('I700777737', 25),
('I700777738', 26),
('I700777741', 22),
('I700777742', 24),
('I700777749', 20),
('I700777750', 30),
('I700777751', 24),
('I700777756', 23),
('I700777760', 27),
('I700777761', 27),
('I700777779', 24),
('I700777780', 22),
('I700777781', 25),
('I700777784', 26),
('I700777791', 30),
('I700777793', 23),
('I700777794', 27),
('I700777802', 22),
('I700777806', 25),
('I700777811', 21),
('I700777812', 21),
('I700777820', 20),
('I700777821', 27),
('I700777822', 29),
('I700777830', 23),
('I700777831', 26),
('I700777832', 29),
('I700777835', 21),
('I700777836', 24),
('I700777846', 24),
('I700777850', 20),
('I700777855', 20),
('I700777866', 22),
('I700777874', 21),
('I700777879', 30),
('I700777882', 21),
('I700777889', 27),
('I700777890', 22),
('I700777896', 20),
('I700777899', 20),
('I700777901', 27),
('I700777902', 25),
('I700777904', 27),
('I700777907', 20),
('I700777910', 29),
('I700777912', 24),
('I700777923', 23),
('I700777926', 22),
('I700777931', 25),
('I700777932', 28),
('I700777941', 30),
('I700777948', 23),
('I700777952', 20),
('I700777955', 30),
('I700777956', 21),
('I700777958', 30),
('I700777959', 29),
('I700777961', 23),
('I700777963', 23),
('I700777973', 22),
('I700777975', 29),
('I700777979', 20),
('I700777980', 30),
('I700777985', 21),
('I700777989', 21),
('I700777991', 25),
('I700777992', 29),
('I700777993', 26),
('I700777996', 21),
('I700777998', 26),
('I700777999', 24),
('I700778003', 28),
('I700778004', 30),
('I700778009', 29),
('I700778011', 29),
('I700778013', 28),
('I700778015', 27),
('I700778017', 26),
('I700778018', 22),
('I700778021', 21),
('I700778025', 30),
('I700778026', 30),
('I700778035', 29),
('I700778043', 30),
('I700778045', 27),
('I700778049', 20),
('I700778050', 23),
('I700778059', 26),
('I700778067', 24),
('I700778068', 23),
('I700778069', 30),
('I700778070', 21),
('I700778072', 21),
('I700778075', 27),
('I700778076', 22),
('I700778086', 26),
('I700778087', 25),
('I700778089', 27),
('I700778090', 30),
('I700778093', 21),
('I700778095', 24),
('I700778096', 30),
('I700778098', 21),
('I700778100', 28),
('I700778101', 30),
('I700778102', 27),
('I700778109', 23),
('I700778112', 28),
('I700778118', 20),
('I700778122', 26),
('I700778126', 28),
('I700778127', 21),
('I700778129', 29),
('I700778132', 26),
('I700778139', 29),
('I700778142', 21),
('I700778145', 20),
('I700778148', 28),
('I700778149', 25),
('I700778152', 28),
('I700778161', 27),
('I700778167', 21),
('I700778169', 30),
('I700778170', 25),
('I700778178', 30),
('I700778181', 28),
('I700778187', 20),
('I700778190', 26),
('I700778191', 21),
('I700778199', 20),
('I700778207', 22),
('I700778211', 20),
('I700778214', 30),
('I700778216', 23),
('I700778226', 28),
('I700778227', 23),
('I700778228', 22),
('I700778236', 24),
('I700778239', 29),
('I700778240', 25),
('I700778243', 29),
('I700778250', 23),
('I700778251', 29),
('I700778254', 22),
('I700778259', 26),
('I700778262', 23),
('I700778263', 21),
('I700778266', 29),
('I700778270', 26),
('I700778276', 20),
('I700778277', 28),
('I700778281', 27),
('I700778294', 28),
('I700778296', 24),
('I700778301', 30),
('I700778302', 25),
('I700778303', 20),
('I700778314', 25),
('I700778318', 30),
('I700778321', 24),
('I700778330', 24),
('I700778332', 30),
('I700778333', 30),
('I700778341', 27),
('I700778343', 30),
('I700778352', 30),
('I700778353', 21),
('I700778359', 24),
('I700778364', 30),
('I700778368', 22),
('I700778371', 21),
('I700778376', 25),
('I700778377', 20),
('I700778378', 27),
('I700778379', 20),
('I700778387', 26),
('I700778399', 29);

-- --------------------------------------------------------

--
-- Table structure for table `undergraduate_student`
--

CREATE TABLE `undergraduate_student` (
  `StudentID` varchar(10) NOT NULL,
  `StudentType` varchar(50) DEFAULT NULL
) ENGINE=InnoDB DEFAULT CHARSET=latin1;

--
-- Dumping data for table `undergraduate_student`
--

INSERT INTO `undergraduate_student` (`StudentID`, `StudentType`) VALUES
('I700777410', 'FullTime'),
('I700777411', 'PartTime'),
('I700777412', 'PartTime'),
('I700777416', 'FullTime'),
('I700777425', 'FullTime'),
('I700777426', 'FullTime'),
('I700777428', 'PartTime'),
('I700777429', 'PartTime'),
('I700777430', 'FullTime'),
('I700777431', 'PartTime'),
('I700777437', 'FullTime'),
('I700777438', 'PartTime'),
('I700777439', 'PartTime'),
('I700777441', 'FullTime'),
('I700777442', 'FullTime'),
('I700777443', 'FullTime'),
('I700777447', 'PartTime'),
('I700777448', 'PartTime'),
('I700777449', 'FullTime'),
('I700777451', 'FullTime'),
('I700777454', 'FullTime'),
('I700777455', 'FullTime'),
('I700777457', 'FullTime'),
('I700777458', 'PartTime'),
('I700777459', 'PartTime'),
('I700777462', 'FullTime'),
('I700777464', 'FullTime'),
('I700777467', 'FullTime'),
('I700777470', 'FullTime'),
('I700777475', 'FullTime'),
('I700777477', 'FullTime'),
('I700777481', 'PartTime'),
('I700777482', 'FullTime'),
('I700777483', 'FullTime'),
('I700777484', 'FullTime'),
('I700777486', 'PartTime'),
('I700777487', 'FullTime'),
('I700777488', 'FullTime'),
('I700777489', 'PartTime'),
('I700777492', 'FullTime'),
('I700777495', 'FullTime'),
('I700777496', 'FullTime'),
('I700777498', 'PartTime'),
('I700777500', 'PartTime'),
('I700777501', 'PartTime'),
('I700777502', 'PartTime'),
('I700777503', 'PartTime'),
('I700777504', 'PartTime'),
('I700777505', 'PartTime'),
('I700777506', 'PartTime'),
('I700777509', 'PartTime'),
('I700777512', 'PartTime'),
('I700777513', 'PartTime'),
('I700777514', 'FullTime'),
('I700777517', 'FullTime'),
('I700777518', 'PartTime'),
('I700777519', 'PartTime'),
('I700777520', 'PartTime'),
('I700777521', 'FullTime'),
('I700777522', 'PartTime'),
('I700777524', 'FullTime'),
('I700777526', 'PartTime'),
('I700777530', 'FullTime'),
('I700777536', 'PartTime'),
('I700777540', 'PartTime'),
('I700777541', 'PartTime'),
('I700777542', 'PartTime'),
('I700777544', 'FullTime'),
('I700777547', 'PartTime'),
('I700777553', 'FullTime'),
('I700777554', 'PartTime'),
('I700777558', 'FullTime'),
('I700777561', 'PartTime'),
('I700777563', 'FullTime'),
('I700777564', 'PartTime'),
('I700777567', 'FullTime'),
('I700777568', 'PartTime'),
('I700777570', 'PartTime'),
('I700777571', 'PartTime'),
('I700777577', 'FullTime'),
('I700777578', 'FullTime'),
('I700777579', 'PartTime'),
('I700777580', 'PartTime'),
('I700777581', 'PartTime'),
('I700777583', 'PartTime'),
('I700777589', 'FullTime'),
('I700777590', 'PartTime'),
('I700777591', 'FullTime'),
('I700777592', 'FullTime'),
('I700777595', 'FullTime'),
('I700777602', 'FullTime'),
('I700777612', 'PartTime'),
('I700777613', 'PartTime'),
('I700777614', 'PartTime'),
('I700777616', 'FullTime'),
('I700777617', 'FullTime'),
('I700777625', 'PartTime'),
('I700777626', 'PartTime'),
('I700777627', 'FullTime'),
('I700777628', 'FullTime'),
('I700777630', 'FullTime'),
('I700777632', 'FullTime'),
('I700777635', 'FullTime'),
('I700777636', 'PartTime'),
('I700777640', 'PartTime'),
('I700777641', 'PartTime'),
('I700777642', 'PartTime'),
('I700777644', 'PartTime'),
('I700777645', 'PartTime'),
('I700777646', 'PartTime'),
('I700777647', 'PartTime'),
('I700777648', 'PartTime'),
('I700777649', 'PartTime'),
('I700777650', 'PartTime'),
('I700777652', 'PartTime'),
('I700777654', 'FullTime'),
('I700777656', 'PartTime'),
('I700777658', 'FullTime'),
('I700777659', 'FullTime'),
('I700777660', 'PartTime'),
('I700777662', 'PartTime'),
('I700777663', 'FullTime'),
('I700777664', 'PartTime'),
('I700777665', 'PartTime'),
('I700777668', 'PartTime'),
('I700777669', 'PartTime'),
('I700777671', 'FullTime'),
('I700777673', 'FullTime'),
('I700777675', 'PartTime'),
('I700777678', 'PartTime'),
('I700777679', 'FullTime'),
('I700777680', 'FullTime'),
('I700777682', 'PartTime'),
('I700777689', 'PartTime'),
('I700777691', 'FullTime'),
('I700777692', 'PartTime'),
('I700777696', 'FullTime'),
('I700777697', 'FullTime'),
('I700777705', 'PartTime'),
('I700777706', 'FullTime'),
('I700777708', 'PartTime'),
('I700777709', 'PartTime'),
('I700777714', 'PartTime'),
('I700777716', 'FullTime'),
('I700777717', 'FullTime'),
('I700777718', 'FullTime'),
('I700777720', 'FullTime'),
('I700777722', 'FullTime'),
('I700777724', 'PartTime'),
('I700777726', 'FullTime'),
('I700777729', 'FullTime'),
('I700777731', 'FullTime'),
('I700777732', 'PartTime'),
('I700777737', 'PartTime'),
('I700777738', 'PartTime'),
('I700777739', 'FullTime'),
('I700777740', 'FullTime'),
('I700777741', 'PartTime'),
('I700777742', 'PartTime'),
('I700777744', 'FullTime'),
('I700777747', 'FullTime'),
('I700777748', 'FullTime'),
('I700777749', 'PartTime'),
('I700777750', 'PartTime'),
('I700777751', 'PartTime'),
('I700777752', 'FullTime'),
('I700777753', 'FullTime'),
('I700777756', 'PartTime'),
('I700777757', 'FullTime'),
('I700777760', 'PartTime'),
('I700777761', 'PartTime'),
('I700777765', 'FullTime'),
('I700777767', 'FullTime'),
('I700777769', 'FullTime'),
('I700777771', 'FullTime'),
('I700777773', 'FullTime'),
('I700777774', 'FullTime'),
('I700777775', 'FullTime'),
('I700777778', 'FullTime'),
('I700777779', 'PartTime'),
('I700777780', 'PartTime'),
('I700777781', 'PartTime'),
('I700777782', 'FullTime'),
('I700777784', 'PartTime'),
('I700777789', 'FullTime'),
('I700777791', 'PartTime'),
('I700777792', 'FullTime'),
('I700777793', 'PartTime'),
('I700777794', 'PartTime'),
('I700777795', 'FullTime'),
('I700777798', 'FullTime'),
('I700777799', 'FullTime'),
('I700777802', 'PartTime'),
('I700777806', 'PartTime'),
('I700777807', 'FullTime'),
('I700777810', 'FullTime'),
('I700777811', 'PartTime'),
('I700777812', 'PartTime'),
('I700777819', 'FullTime'),
('I700777820', 'PartTime'),
('I700777821', 'PartTime'),
('I700777822', 'PartTime'),
('I700777824', 'FullTime'),
('I700777825', 'FullTime'),
('I700777830', 'PartTime'),
('I700777831', 'PartTime'),
('I700777832', 'PartTime'),
('I700777835', 'PartTime'),
('I700777836', 'PartTime'),
('I700777838', 'FullTime'),
('I700777842', 'FullTime'),
('I700777846', 'PartTime'),
('I700777850', 'PartTime'),
('I700777854', 'FullTime'),
('I700777855', 'PartTime'),
('I700777858', 'FullTime'),
('I700777860', 'FullTime'),
('I700777865', 'FullTime'),
('I700777866', 'PartTime'),
('I700777868', 'FullTime'),
('I700777871', 'FullTime'),
('I700777873', 'FullTime'),
('I700777874', 'PartTime'),
('I700777879', 'PartTime'),
('I700777882', 'PartTime'),
('I700777883', 'FullTime'),
('I700777885', 'FullTime'),
('I700777889', 'PartTime'),
('I700777890', 'PartTime'),
('I700777895', 'FullTime'),
('I700777896', 'PartTime'),
('I700777899', 'PartTime'),
('I700777901', 'PartTime'),
('I700777902', 'PartTime'),
('I700777904', 'PartTime'),
('I700777906', 'FullTime'),
('I700777907', 'PartTime'),
('I700777910', 'PartTime'),
('I700777911', 'FullTime'),
('I700777912', 'PartTime'),
('I700777915', 'FullTime'),
('I700777918', 'FullTime'),
('I700777920', 'FullTime'),
('I700777923', 'PartTime'),
('I700777924', 'FullTime'),
('I700777926', 'PartTime'),
('I700777927', 'FullTime'),
('I700777930', 'FullTime'),
('I700777931', 'PartTime'),
('I700777932', 'PartTime'),
('I700777933', 'FullTime'),
('I700777934', 'FullTime'),
('I700777935', 'FullTime'),
('I700777939', 'FullTime'),
('I700777941', 'PartTime'),
('I700777942', 'FullTime'),
('I700777943', 'FullTime'),
('I700777945', 'FullTime'),
('I700777948', 'PartTime'),
('I700777950', 'FullTime'),
('I700777952', 'PartTime'),
('I700777953', 'FullTime'),
('I700777954', 'FullTime'),
('I700777955', 'PartTime'),
('I700777956', 'PartTime'),
('I700777958', 'PartTime'),
('I700777959', 'PartTime'),
('I700777961', 'PartTime'),
('I700777962', 'FullTime'),
('I700777963', 'PartTime'),
('I700777965', 'FullTime'),
('I700777969', 'FullTime'),
('I700777970', 'FullTime'),
('I700777972', 'FullTime'),
('I700777973', 'PartTime'),
('I700777975', 'PartTime'),
('I700777978', 'FullTime'),
('I700777979', 'PartTime'),
('I700777980', 'PartTime'),
('I700777982', 'FullTime'),
('I700777983', 'FullTime'),
('I700777985', 'PartTime'),
('I700777989', 'PartTime'),
('I700777991', 'PartTime'),
('I700777992', 'PartTime'),
('I700777993', 'PartTime'),
('I700777996', 'PartTime'),
('I700777998', 'PartTime'),
('I700777999', 'PartTime'),
('I700778001', 'FullTime'),
('I700778002', 'FullTime'),
('I700778003', 'PartTime'),
('I700778004', 'PartTime'),
('I700778005', 'FullTime'),
('I700778009', 'PartTime'),
('I700778011', 'PartTime'),
('I700778013', 'PartTime'),
('I700778015', 'PartTime'),
('I700778017', 'PartTime'),
('I700778018', 'PartTime'),
('I700778021', 'PartTime'),
('I700778023', 'FullTime'),
('I700778025', 'PartTime'),
('I700778026', 'PartTime'),
('I700778032', 'FullTime'),
('I700778035', 'PartTime'),
('I700778041', 'FullTime'),
('I700778042', 'FullTime'),
('I700778043', 'PartTime'),
('I700778044', 'FullTime'),
('I700778045', 'PartTime'),
('I700778046', 'FullTime'),
('I700778049', 'PartTime'),
('I700778050', 'PartTime'),
('I700778052', 'FullTime'),
('I700778059', 'PartTime'),
('I700778062', 'FullTime'),
('I700778063', 'FullTime'),
('I700778064', 'FullTime'),
('I700778067', 'PartTime'),
('I700778068', 'PartTime'),
('I700778069', 'PartTime'),
('I700778070', 'PartTime'),
('I700778072', 'PartTime'),
('I700778074', 'FullTime'),
('I700778075', 'PartTime'),
('I700778076', 'PartTime'),
('I700778077', 'FullTime'),
('I700778078', 'FullTime'),
('I700778084', 'FullTime'),
('I700778086', 'PartTime'),
('I700778087', 'PartTime'),
('I700778089', 'PartTime'),
('I700778090', 'PartTime'),
('I700778091', 'FullTime'),
('I700778093', 'PartTime'),
('I700778095', 'PartTime'),
('I700778096', 'PartTime'),
('I700778097', 'FullTime'),
('I700778098', 'PartTime'),
('I700778100', 'PartTime'),
('I700778101', 'PartTime'),
('I700778102', 'PartTime'),
('I700778109', 'PartTime'),
('I700778111', 'FullTime'),
('I700778112', 'PartTime'),
('I700778118', 'PartTime'),
('I700778121', 'FullTime'),
('I700778122', 'PartTime'),
('I700778124', 'FullTime'),
('I700778126', 'PartTime'),
('I700778127', 'PartTime'),
('I700778129', 'PartTime'),
('I700778130', 'FullTime'),
('I700778132', 'PartTime'),
('I700778133', 'FullTime'),
('I700778137', 'FullTime'),
('I700778139', 'PartTime'),
('I700778142', 'PartTime'),
('I700778143', 'FullTime'),
('I700778144', 'FullTime'),
('I700778145', 'PartTime'),
('I700778147', 'FullTime'),
('I700778148', 'PartTime'),
('I700778149', 'PartTime'),
('I700778150', 'FullTime'),
('I700778152', 'PartTime'),
('I700778153', 'FullTime'),
('I700778154', 'FullTime'),
('I700778155', 'FullTime'),
('I700778157', 'FullTime'),
('I700778159', 'FullTime'),
('I700778160', 'FullTime'),
('I700778161', 'PartTime'),
('I700778162', 'FullTime'),
('I700778164', 'FullTime'),
('I700778167', 'PartTime'),
('I700778168', 'FullTime'),
('I700778169', 'PartTime'),
('I700778170', 'PartTime'),
('I700778175', 'FullTime'),
('I700778177', 'FullTime'),
('I700778178', 'PartTime'),
('I700778179', 'FullTime'),
('I700778181', 'PartTime'),
('I700778182', 'FullTime'),
('I700778183', 'FullTime'),
('I700778187', 'PartTime'),
('I700778188', 'FullTime'),
('I700778190', 'PartTime'),
('I700778191', 'PartTime'),
('I700778193', 'FullTime'),
('I700778198', 'FullTime'),
('I700778199', 'PartTime'),
('I700778201', 'FullTime'),
('I700778205', 'FullTime'),
('I700778207', 'PartTime'),
('I700778209', 'FullTime'),
('I700778211', 'PartTime'),
('I700778213', 'FullTime'),
('I700778214', 'PartTime'),
('I700778216', 'PartTime'),
('I700778226', 'PartTime'),
('I700778227', 'PartTime'),
('I700778228', 'PartTime'),
('I700778232', 'FullTime'),
('I700778236', 'PartTime'),
('I700778237', 'FullTime'),
('I700778238', 'FullTime'),
('I700778239', 'PartTime'),
('I700778240', 'PartTime'),
('I700778242', 'FullTime'),
('I700778243', 'PartTime'),
('I700778245', 'FullTime'),
('I700778246', 'FullTime'),
('I700778247', 'FullTime'),
('I700778248', 'FullTime'),
('I700778250', 'PartTime'),
('I700778251', 'PartTime'),
('I700778254', 'PartTime'),
('I700778255', 'FullTime'),
('I700778258', 'FullTime'),
('I700778259', 'PartTime'),
('I700778262', 'PartTime'),
('I700778263', 'PartTime'),
('I700778266', 'PartTime'),
('I700778270', 'PartTime'),
('I700778271', 'FullTime'),
('I700778272', 'FullTime'),
('I700778274', 'FullTime'),
('I700778276', 'PartTime'),
('I700778277', 'PartTime'),
('I700778280', 'FullTime'),
('I700778281', 'PartTime'),
('I700778283', 'FullTime'),
('I700778288', 'FullTime'),
('I700778289', 'FullTime'),
('I700778294', 'PartTime'),
('I700778296', 'PartTime'),
('I700778298', 'FullTime'),
('I700778300', 'FullTime'),
('I700778301', 'PartTime'),
('I700778302', 'PartTime'),
('I700778303', 'PartTime'),
('I700778307', 'FullTime'),
('I700778310', 'FullTime'),
('I700778314', 'PartTime'),
('I700778318', 'PartTime'),
('I700778319', 'FullTime'),
('I700778321', 'PartTime'),
('I700778325', 'FullTime'),
('I700778326', 'FullTime'),
('I700778329', 'FullTime'),
('I700778330', 'PartTime'),
('I700778332', 'PartTime'),
('I700778333', 'PartTime'),
('I700778341', 'PartTime'),
('I700778343', 'PartTime'),
('I700778344', 'FullTime'),
('I700778347', 'FullTime'),
('I700778350', 'FullTime'),
('I700778352', 'PartTime'),
('I700778353', 'PartTime'),
('I700778355', 'FullTime'),
('I700778359', 'PartTime'),
('I700778364', 'PartTime'),
('I700778368', 'PartTime'),
('I700778369', 'FullTime'),
('I700778371', 'PartTime'),
('I700778372', 'FullTime'),
('I700778373', 'FullTime'),
('I700778376', 'PartTime'),
('I700778377', 'PartTime'),
('I700778378', 'PartTime'),
('I700778379', 'PartTime'),
('I700778384', 'FullTime'),
('I700778386', 'FullTime'),
('I700778387', 'PartTime'),
('I700778388', 'FullTime'),
('I700778395', 'FullTime'),
('I700778396', 'FullTime'),
('I700778399', 'PartTime'),
('I700778401', 'FullTime'),
('I700778402', 'FullTime');

-- --------------------------------------------------------

--
-- Table structure for table `users`
--

CREATE TABLE `users` (
  `UserID` varchar(10) NOT NULL,
  `F_Name` varchar(50) DEFAULT NULL,
  `L_Name` varchar(50) DEFAULT NULL,
  `DOB` varchar(20) DEFAULT NULL,
  `Phone` varchar(50) DEFAULT NULL,
  `DateCreated` varchar(20) DEFAULT NULL,
  `UserType` varchar(50) DEFAULT NULL
) ENGINE=InnoDB DEFAULT CHARSET=latin1;

--
-- Dumping data for table `users`
--

INSERT INTO `users` (`UserID`, `F_Name`, `L_Name`, `DOB`, `Phone`, `DateCreated`, `UserType`) VALUES
('23', 'abc', 'abc', '01/06/2022', '03204322564', '12/07/2021', 'Student'),
('I700776401', 'Andria', 'Wabersich', '11/25/2021', '+60 (392) 399-9008', '11/25/2021', 'Admin'),
('I700776402', 'Cesar', 'Mathy', '4/28/1997', '+62 (783) 141-8534', '7/2/2020', 'Admin'),
('I700776403', 'Amelie', 'Fulham', '5/24/2002', '+62 (378) 946-2228', '12/10/2019', 'Admin'),
('I700776404', 'Eloise', 'Newark', '9/11/2003', '+48 (280) 379-1971', '7/24/2019', 'Admin'),
('I700776405', 'Kalila', 'Smithyman', '12/07/2021', '+86 (747) 344-7987', '11/25/2021', 'Admin'),
('I700776406', 'Issy', 'Gouldsmith', '11/9/1994', '+359 (715) 682-5211', '8/4/2020', 'Faculty'),
('I700776407', 'Simeon', 'Scole', '2/11/1993', '+351 (974) 992-1418', '6/23/2019', 'Faculty'),
('I700776408', 'Angelique', 'Venney', '9/28/2002', '+55 (797) 822-0604', '2/12/2021', 'Faculty'),
('I700776409', 'Jerri', 'Yeend', '5/21/1996', '+358 (939) 567-4001', '4/15/2019', 'Faculty'),
('I700776410', 'Jyoti', 'Huxster', '12/7/2006', '+36 (519) 626-4470', '5/5/2021', 'Faculty'),
('I700776411', 'Wadsworth', 'Nicholson', '12/26/1998', '+7 (947) 175-2902', '5/23/2021', 'Faculty'),
('I700776412', 'Herbie', 'Overbury', '6/4/2003', '+7 (758) 681-3177', '4/13/2019', 'Faculty'),
('I700776413', 'Deina', 'Nobriga', '11/18/1991', '+509 (136) 620-1047', '6/2/2020', 'Faculty'),
('I700776414', 'Maryanne', 'Sherer', '1/19/2002', '+63 (569) 814-7636', '2/8/2019', 'Faculty'),
('I700776415', 'Donny', 'Devlin', '3/21/2004', '+62 (324) 315-4842', '5/19/2021', 'Faculty'),
('I700776416', 'Tommy', 'Tace', '12/12/1990', '+55 (386) 579-8882', '4/30/2019', 'Faculty'),
('I700776417', 'Denis', 'Newcomen', '7/1/2006', '+1 (882) 826-0299', '10/5/2020', 'Faculty'),
('I700776418', 'Franz', 'Hucker', '5/31/2000', '+86 (707) 931-7542', '11/13/2019', 'Faculty'),
('I700776419', 'Ashlan', 'Gong', '1/22/2002', '+7 (397) 927-6234', '11/8/2019', 'Faculty'),
('I700776420', 'Casey', 'Rowat', '7/10/2006', '+62 (957) 350-6034', '1/9/2020', 'Faculty'),
('I700776421', 'Hilton', 'Strooband', '4/30/2005', '+351 (350) 836-5745', '6/28/2021', 'Faculty'),
('I700776422', 'Niels', 'Rossant', '8/18/1990', '+7 (138) 785-3181', '10/6/2019', 'Faculty'),
('I700776423', 'Delano', 'Barlace', '1/14/1998', '+86 (156) 418-0833', '10/28/2019', 'Faculty'),
('I700776424', 'Tonya', 'Cabrara', '1/12/2000', '+375 (632) 346-8706', '11/4/2020', 'Faculty'),
('I700776425', 'Chrissy', 'Yurevich', '5/12/2008', '+48 (720) 253-3717', '8/8/2019', 'Faculty'),
('I700776426', 'Teodora', 'Shuttlewood', '5/12/1991', '+1 (262) 569-3986', '7/4/2020', 'Faculty'),
('I700776427', 'Cornie', 'Saffen', '9/17/1993', '+7 (982) 174-0556', '10/30/2018', 'Faculty'),
('I700776428', 'Deonne', 'Bedrosian', '6/27/2009', '+48 (112) 959-8995', '10/23/2019', 'Faculty'),
('I700776429', 'Benedicto', 'Vasyukhichev', '10/10/1999', '+963 (177) 562-6073', '11/19/2020', 'Faculty'),
('I700776430', 'Zara', 'Denisard', '3/5/2002', '+64 (137) 167-2263', '7/22/2020', 'Faculty'),
('I700776431', 'Shelia', 'Demko', '10/15/1998', '+7 (847) 489-4706', '3/21/2021', 'Faculty'),
('I700776432', 'Wandie', 'Polon', '10/28/1993', '+48 (756) 356-7704', '6/16/2021', 'Faculty'),
('I700776433', 'Hyacinthia', 'Heimann', '5/30/2002', '+62 (957) 296-6536', '7/28/2020', 'Faculty'),
('I700776434', 'Theressa', 'Geater', '2/26/1995', '+86 (745) 140-1977', '12/3/2019', 'Faculty'),
('I700776435', 'Jannelle', 'Sotworth', '7/28/1995', '+7 (726) 489-5229', '3/14/2021', 'Faculty'),
('I700776436', 'Priscilla', 'Leethem', '5/25/1990', '+232 (536) 177-4485', '7/7/2019', 'Faculty'),
('I700776437', 'Staffard', 'Heineking', '8/27/2007', '+86 (604) 961-6417', '8/23/2020', 'Faculty'),
('I700776438', 'Janna', 'Vittori', '3/13/2004', '+48 (350) 799-5081', '3/30/2021', 'Faculty'),
('I700776439', 'Jennifer', 'Sansome', '12/14/2009', '+504 (551) 342-7112', '10/19/2020', 'Faculty'),
('I700776440', 'Kit', 'Guppie', '9/1/1993', '+353 (281) 725-6806', '2/17/2021', 'Faculty'),
('I700776441', 'Alice', 'O\'Dreain', '9/17/1995', '+7 (383) 594-0465', '7/16/2020', 'Faculty'),
('I700776442', 'Stephanus', 'Goodwin', '9/11/1998', '+7 (751) 289-0138', '5/18/2019', 'Faculty'),
('I700776443', 'Tabbitha', 'Scneider', '3/1/2007', '+420 (363) 169-2172', '2/1/2020', 'Faculty'),
('I700776444', 'Wilbur', 'Twells', '9/17/2008', '+212 (431) 493-4820', '12/5/2019', 'Faculty'),
('I700776445', 'Augustine', 'Antoney', '7/19/1999', '+48 (114) 285-1711', '5/8/2021', 'Faculty'),
('I700776446', 'Veronica', 'Enocksson', '2/10/2005', '+47 (127) 886-5481', '5/4/2019', 'Faculty'),
('I700776447', 'Robinet', 'Goodliffe', '9/29/2005', '+7 (169) 574-4750', '11/11/2020', 'Faculty'),
('I700776448', 'Sandra', 'Danilovitch', '2/17/2007', '+33 (468) 420-5711', '10/16/2021', 'Faculty'),
('I700776449', 'Abbe', 'Rignold', '5/29/2010', '+389 (947) 492-7558', '9/25/2020', 'Faculty'),
('I700776450', 'Benedetto', 'Moreno', '4/14/1998', '+86 (879) 898-5899', '1/1/2020', 'Faculty'),
('I700776451', 'Kat', 'Goodreid', '9/16/2004', '+46 (129) 340-7704', '6/5/2021', 'Faculty'),
('I700776452', 'Andriana', 'Hearthfield', '3/4/1999', '+385 (588) 341-0040', '10/20/2020', 'Faculty'),
('I700776453', 'Deina', 'Gribbin', '5/6/2000', '+57 (407) 852-3452', '12/11/2020', 'Faculty'),
('I700776454', 'Temple', 'Trolley', '6/28/1999', '+86 (821) 710-6370', '10/30/2020', 'Faculty'),
('I700776455', 'Germana', 'Nell', '4/25/2000', '+358 (848) 614-1195', '12/7/2020', 'Faculty'),
('I700776456', 'Tildi', 'Lillow', '1/19/1992', '+7 (982) 782-4995', '2/15/2021', 'Faculty'),
('I700776457', 'Kerwin', 'Mangham', '4/21/2000', '+55 (556) 321-5339', '8/13/2020', 'Faculty'),
('I700776458', 'Florenza', 'Edwinson', '4/18/2001', '+86 (206) 131-0460', '12/29/2020', 'Faculty'),
('I700776459', 'Nico', 'Beavan', '9/18/2007', '+54 (539) 825-5521', '1/21/2021', 'Faculty'),
('I700776460', 'Graeme', 'O\'Sesnane', '11/7/1999', '+7 (528) 559-4924', '10/17/2021', 'Faculty'),
('I700776461', 'Celeste', 'Dearle-Palser', '6/10/2006', '+7 (277) 439-2752', '1/25/2021', 'Faculty'),
('I700776462', 'Bobbee', 'Pirdue', '7/11/1993', '+380 (410) 903-9906', '1/28/2019', 'Faculty'),
('I700776463', 'Agatha', 'Lerven', '1/16/2001', '+86 (965) 113-7474', '3/29/2020', 'Faculty'),
('I700776464', 'David', 'Cancott', '8/21/1991', '+62 (463) 145-0263', '6/5/2020', 'Faculty'),
('I700776465', 'Maddi', 'Pixton', '10/1/2001', '+86 (799) 486-9335', '5/20/2021', 'Faculty'),
('I700776466', 'Alanson', 'Brome', '8/1/2007', '+46 (895) 413-3069', '3/17/2019', 'Faculty'),
('I700776467', 'Myra', 'Iacobucci', '8/18/2007', '+7 (212) 694-6590', '11/4/2018', 'Faculty'),
('I700776468', 'Rory', 'Hallahan', '4/24/2008', '+48 (856) 430-0956', '8/14/2020', 'Faculty'),
('I700776469', 'Lorie', 'Parkman', '2/18/2005', '+51 (301) 277-6600', '8/10/2020', 'Faculty'),
('I700776470', 'Zelig', 'McLeod', '1/31/2002', '+55 (610) 700-2138', '2/9/2019', 'Faculty'),
('I700776471', 'Mil', 'Cottom', '1/10/1997', '+1 (417) 356-3585', '11/16/2019', 'Faculty'),
('I700776472', 'Andromache', 'Feldberg', '2/10/2003', '+48 (389) 177-7428', '2/9/2021', 'Faculty'),
('I700776473', 'Saidee', 'Berger', '12/23/2001', '+86 (729) 836-4826', '2/21/2021', 'Faculty'),
('I700776474', 'Sioux', 'Shovlin', '2/27/1999', '+380 (958) 513-4819', '12/27/2020', 'Faculty'),
('I700776475', 'Bettine', 'Dommerque', '2/24/2000', '+234 (375) 331-0861', '12/4/2018', 'Faculty'),
('I700776476', 'Aldrich', 'Orto', '5/3/1994', '+48 (400) 468-6233', '3/31/2020', 'Faculty'),
('I700776477', 'Ber', 'Pegden', '7/16/2006', '+98 (300) 680-0669', '11/20/2018', 'Faculty'),
('I700776478', 'Lilian', 'Godbold', '9/26/1992', '+55 (211) 411-8015', '9/13/2021', 'Faculty'),
('I700776479', 'Paco', 'Cowey', '8/25/2002', '+49 (739) 230-3098', '2/13/2020', 'Faculty'),
('I700776480', 'Catherina', 'Bortolini', '9/19/2001', '+7 (841) 222-4259', '3/13/2019', 'Faculty'),
('I700776481', 'Erinn', 'Honnicott', '1/6/1995', '+86 (678) 203-7684', '10/28/2018', 'Faculty'),
('I700776482', 'Meriel', 'Mattersey', '4/28/1999', '+86 (357) 240-5373', '1/11/2019', 'Faculty'),
('I700776483', 'Fionna', 'Mattecot', '10/14/1997', '+351 (510) 697-9397', '10/6/2021', 'Faculty'),
('I700776484', 'Alano', 'Baudinot', '12/13/2005', '+81 (668) 991-8634', '3/1/2020', 'Faculty'),
('I700776485', 'Magdaia', 'McKeller', '8/27/1997', '+260 (960) 238-8667', '5/12/2021', 'Faculty'),
('I700776486', 'Idaline', 'Terry', '11/25/2008', '+86 (369) 323-0894', '10/9/2020', 'Faculty'),
('I700776487', 'Harriett', 'Jarmain', '11/26/1999', '+86 (770) 851-5403', '7/13/2019', 'Faculty'),
('I700776488', 'Clara', 'Brook', '5/2/2008', '+1 (212) 117-0634', '7/15/2020', 'Faculty'),
('I700776489', 'Tabbi', 'Eversfield', '8/22/2004', '+86 (658) 502-8251', '10/4/2020', 'Faculty'),
('I700776490', 'Giordano', 'Gwinnett', '12/2/2007', '+81 (835) 691-6637', '9/23/2021', 'Faculty'),
('I700776491', 'Artemis', 'Gytesham', '6/27/2008', '+92 (233) 224-5187', '4/1/2021', 'Faculty'),
('I700776492', 'Dolli', 'Caraher', '6/15/1995', '+62 (269) 380-4434', '6/8/2021', 'Faculty'),
('I700776493', 'Wilhelmina', 'Fiorentino', '11/1/2001', '+389 (634) 883-9016', '2/11/2021', 'Faculty'),
('I700776494', 'Melesa', 'Emma', '1/22/1990', '+86 (194) 527-0886', '4/20/2019', 'Faculty'),
('I700776495', 'Lise', 'Willacot', '8/1/1999', '+62 (914) 830-6744', '2/22/2021', 'Faculty'),
('I700776496', 'Clywd', 'Pietrasik', '2/13/1991', '+81 (822) 281-0527', '12/16/2020', 'Faculty'),
('I700776497', 'Honoria', 'Fellow', '11/6/1994', '+30 (130) 535-3208', '7/26/2021', 'Faculty'),
('I700776498', 'Shelli', 'Farherty', '10/16/1997', '+86 (428) 251-1215', '1/3/2020', 'Faculty'),
('I700776499', 'Kittie', 'Phare', '3/9/1996', '+63 (799) 929-7447', '11/3/2019', 'Faculty'),
('I700776500', 'Rod', 'Mitie', '9/16/1997', '+48 (639) 416-8114', '10/19/2019', 'Faculty'),
('I700776501', 'Olenolin', 'Adamolli', '10/1/2002', '+351 (236) 291-6055', '12/24/2018', 'Faculty'),
('I700776502', 'Roxy', 'Ogg', '11/27/2009', '+62 (492) 243-0947', '3/21/2021', 'Faculty'),
('I700776503', 'Helaina', 'Kingwell', '10/11/2005', '+7 (208) 719-6011', '2/26/2021', 'Faculty'),
('I700776504', 'Corbett', 'Alessandrelli', '5/19/2001', '+52 (407) 522-3224', '12/8/2019', 'Faculty'),
('I700776505', 'Bria', 'Stanfield', '5/28/1995', '+62 (780) 601-6000', '6/20/2021', 'Faculty'),
('I700776506', 'Virgie', 'Viall', '5/18/1996', '+66 (870) 303-5271', '4/22/2019', 'Faculty'),
('I700776507', 'Star', 'Divine', '4/11/2003', '+358 (222) 351-4461', '9/6/2021', 'Faculty'),
('I700776508', 'Devon', 'Pilpovic', '1/1/2002', '+86 (873) 399-3709', '10/12/2020', 'Faculty'),
('I700776509', 'Catherin', 'Claiden', '3/15/1998', '+61 (342) 110-3185', '1/1/2021', 'Faculty'),
('I700776510', 'Cesar', 'Padly', '2/21/1993', '+51 (447) 385-5261', '5/6/2020', 'Faculty'),
('I700776511', 'Kiele', 'Goldberg', '12/17/1995', '+234 (801) 235-4513', '12/4/2020', 'Faculty'),
('I700776512', 'Tabby', 'Olivier', '3/29/2009', '+33 (734) 648-4828', '9/17/2019', 'Faculty'),
('I700776513', 'Dorelia', 'Gooday', '2/12/2004', '+62 (647) 649-6841', '6/22/2020', 'Faculty'),
('I700776514', 'Pauly', 'Nelius', '11/19/1998', '+52 (803) 630-6073', '1/16/2020', 'Faculty'),
('I700776515', 'Abran', 'Cullum', '10/18/2007', '+33 (810) 896-6455', '10/21/2019', 'Faculty'),
('I700776516', 'Addy', 'Henrichs', '1/30/2008', '+372 (356) 726-4548', '1/3/2019', 'Faculty'),
('I700776517', 'Nobe', 'Blakeden', '4/8/1991', '+36 (405) 555-6040', '5/9/2021', 'Faculty'),
('I700776518', 'Karola', 'Gunston', '10/27/2003', '+7 (707) 775-3701', '10/3/2020', 'Faculty'),
('I700776519', 'Bianka', 'Hunston', '4/19/1996', '+63 (704) 701-9431', '8/26/2021', 'Faculty'),
('I700776520', 'Avril', 'Gallamore', '2/5/2004', '+506 (282) 727-7104', '5/23/2021', 'Faculty'),
('I700776521', 'Phillipp', 'Durban', '5/21/1995', '+7 (401) 706-1196', '3/26/2019', 'Faculty'),
('I700776522', 'Win', 'Deppe', '4/14/1992', '+64 (322) 669-7290', '8/30/2019', 'Faculty'),
('I700776523', 'Farr', 'Alabaster', '2/28/1997', '+1 (202) 405-7518', '11/23/2018', 'Faculty'),
('I700776524', 'Kai', 'Dumpleton', '11/7/1993', '+62 (491) 116-1952', '9/3/2019', 'Faculty'),
('I700776525', 'Ogden', 'Brackstone', '3/2/1991', '+1 (330) 530-4520', '7/18/2019', 'Faculty'),
('I700776526', 'Karisa', 'Whimpenny', '12/10/1998', '+48 (492) 678-7123', '5/19/2019', 'Faculty'),
('I700776527', 'Jacquelin', 'Cristofalo', '6/12/2002', '+86 (985) 145-9767', '8/10/2021', 'Faculty'),
('I700776528', 'Moritz', 'D\'Orsay', '3/28/1997', '+31 (108) 409-1629', '6/1/2021', 'Faculty'),
('I700776529', 'Wilfred', 'Dugald', '3/29/1999', '+63 (280) 402-7210', '7/20/2019', 'Faculty'),
('I700776530', 'Phillis', 'Moxted', '12/8/1995', '+86 (357) 855-3324', '12/1/2019', 'Faculty'),
('I700776531', 'Madelena', 'Strond', '12/18/1996', '+351 (612) 178-9705', '8/27/2019', 'Faculty'),
('I700776532', 'Roarke', 'Fotitt', '5/27/2010', '+351 (266) 752-8865', '12/2/2018', 'Faculty'),
('I700776533', 'Morton', 'Paoletto', '10/23/2002', '+507 (540) 148-7609', '10/23/2018', 'Faculty'),
('I700776534', 'Gearalt', 'Garrison', '5/9/2009', '+63 (299) 418-5410', '8/15/2021', 'Faculty'),
('I700776535', 'Edgar', 'Baskwell', '2/22/2008', '+62 (661) 586-4238', '5/25/2019', 'Faculty'),
('I700776536', 'Vin', 'Valance', '6/11/2006', '+66 (445) 393-0653', '5/16/2020', 'Faculty'),
('I700776537', 'Luigi', 'Atyea', '5/14/1998', '+86 (680) 682-9581', '5/24/2020', 'Faculty'),
('I700776538', 'Kit', 'Friman', '2/16/1995', '+46 (421) 463-0262', '12/21/2019', 'Faculty'),
('I700776539', 'Darrell', 'Gamlen', '2/19/1996', '+1 (302) 176-8743', '4/12/2019', 'Faculty'),
('I700776540', 'Cathi', 'Karpf', '8/31/2001', '+223 (472) 625-9765', '9/17/2019', 'Faculty'),
('I700776541', 'Reed', 'Tixall', '2/16/1998', '+7 (253) 437-1942', '2/8/2019', 'Faculty'),
('I700776542', 'Guss', 'Jizhaki', '8/12/2009', '+1 (202) 371-8885', '2/8/2019', 'Faculty'),
('I700776543', 'Charlton', 'Trundle', '12/31/2004', '+231 (647) 622-6557', '8/13/2020', 'Faculty'),
('I700776544', 'Conrad', 'Laxen', '11/23/1994', '+380 (448) 134-9616', '5/27/2020', 'Faculty'),
('I700776545', 'Taddeusz', 'Beglin', '12/25/2005', '+30 (118) 447-2939', '4/19/2021', 'Faculty'),
('I700776546', 'Xena', 'Gravey', '2/19/2001', '+63 (889) 212-7081', '9/18/2019', 'Faculty'),
('I700776547', 'Pammie', 'Ferraraccio', '1/14/2009', '+62 (106) 144-4619', '9/1/2021', 'Faculty'),
('I700776548', 'Shayna', 'Kivlin', '9/25/1991', '+86 (543) 844-7765', '1/5/2021', 'Faculty'),
('I700776549', 'Dwain', 'Espada', '6/4/1997', '+7 (961) 416-8832', '8/12/2020', 'Faculty'),
('I700776550', 'Orel', 'Maudsley', '3/21/1995', '+351 (955) 680-4412', '9/22/2019', 'Faculty'),
('I700776551', 'Del', 'Huish', '5/10/2006', '+55 (217) 444-1311', '1/4/2021', 'Faculty'),
('I700776552', 'Krishnah', 'Armitage', '1/12/1998', '+691 (489) 141-5586', '4/22/2020', 'Faculty'),
('I700776553', 'Nerty', 'Hargreaves', '11/7/1993', '+33 (467) 946-7517', '7/24/2019', 'Faculty'),
('I700776554', 'Constantina', 'Casellas', '1/25/1992', '+57 (787) 275-9661', '1/25/2020', 'Faculty'),
('I700776555', 'Darius', 'Maletratt', '1/22/2004', '+386 (259) 164-7526', '2/23/2020', 'Faculty'),
('I700776556', 'Angus', 'Dradey', '12/28/1995', '+63 (255) 967-8586', '9/26/2020', 'Faculty'),
('I700776557', 'Sacha', 'Tivnan', '6/15/1997', '+62 (548) 937-4489', '1/8/2020', 'Faculty'),
('I700776558', 'Burke', 'Thurlby', '8/30/2005', '+30 (135) 388-3481', '10/11/2020', 'Faculty'),
('I700776559', 'Sayer', 'Whiteley', '4/25/2005', '+48 (969) 754-3280', '7/22/2020', 'Faculty'),
('I700776560', 'Justen', 'Hindenburg', '9/25/2007', '+86 (925) 635-7059', '5/1/2019', 'Faculty'),
('I700776561', 'Loralie', 'Kamiyama', '9/4/2002', '+86 (913) 444-5962', '4/30/2020', 'Faculty'),
('I700776562', 'Michele', 'Kersting', '10/29/1991', '+62 (205) 179-5475', '9/30/2021', 'Faculty'),
('I700776563', 'Olympie', 'Riping', '4/28/1995', '+81 (989) 415-3837', '10/15/2021', 'Faculty'),
('I700776564', 'Tuesday', 'Seneschal', '7/1/2009', '+48 (711) 242-6102', '6/23/2019', 'Faculty'),
('I700776565', 'Stanfield', 'Deuss', '2/18/1993', '+502 (260) 449-0578', '1/28/2021', 'Faculty'),
('I700776566', 'Alyssa', 'Slevin', '6/4/1995', '+48 (355) 605-0058', '10/29/2019', 'Faculty'),
('I700776567', 'Walt', 'Kilday', '2/4/2006', '+7 (879) 313-1285', '9/22/2020', 'Faculty'),
('I700776568', 'Janey', 'Honeyghan', '1/7/1995', '+62 (383) 258-5490', '8/8/2020', 'Faculty'),
('I700776569', 'Angelita', 'Odhams', '1/11/1999', '+81 (253) 556-3516', '9/17/2019', 'Faculty'),
('I700776570', 'Neel', 'Snoday', '5/29/2005', '+81 (821) 137-3111', '9/2/2020', 'Faculty'),
('I700776571', 'Mignonne', 'Pressdee', '6/27/1992', '+86 (994) 411-5137', '12/2/2020', 'Faculty'),
('I700776572', 'Garek', 'Reek', '5/10/2005', '+62 (854) 768-2786', '8/10/2020', 'Faculty'),
('I700776573', 'Arney', 'Plackstone', '10/8/2006', '+86 (554) 251-4571', '4/13/2020', 'Faculty'),
('I700776574', 'Berrie', 'Curtis', '11/20/1996', '+62 (475) 617-0437', '11/20/2019', 'Faculty'),
('I700776575', 'Gasparo', 'Chetwind', '12/2/2002', '+48 (943) 562-9122', '1/8/2021', 'Faculty'),
('I700776576', 'Guenevere', 'Proctor', '11/1/2001', '+420 (936) 480-3950', '6/2/2021', 'Faculty'),
('I700776577', 'Israel', 'Jarrel', '8/16/2006', '+57 (992) 393-4691', '1/18/2020', 'Faculty'),
('I700776578', 'Hester', 'Dewett', '6/27/1998', '+33 (502) 766-6194', '10/5/2019', 'Faculty'),
('I700776579', 'Mei', 'Murname', '3/8/2009', '+55 (943) 780-1037', '3/11/2020', 'Faculty'),
('I700776580', 'Hedy', 'Wisham', '11/19/1997', '+55 (976) 841-8466', '3/11/2021', 'Faculty'),
('I700776581', 'Lalo', 'Medeway', '8/4/1999', '+994 (128) 958-5118', '6/1/2021', 'Faculty'),
('I700776582', 'Alyssa', 'Stood', '2/10/1996', '+381 (780) 854-4610', '1/1/2021', 'Faculty'),
('I700776583', 'Welch', 'Sheriff', '4/12/2008', '+86 (137) 362-8550', '12/6/2020', 'Faculty'),
('I700776584', 'Fielding', 'Silverman', '8/2/2000', '+370 (696) 902-0045', '1/21/2021', 'Faculty'),
('I700776585', 'Doris', 'Crysell', '3/14/1998', '+48 (328) 354-0914', '2/6/2021', 'Faculty'),
('I700776586', 'Frans', 'Dunstan', '10/17/2007', '+355 (694) 738-8478', '4/22/2020', 'Faculty'),
('I700776587', 'Isadora', 'Axton', '3/7/1992', '+62 (567) 860-1806', '2/12/2020', 'Faculty'),
('I700776588', 'Cassy', 'Fillgate', '5/3/2003', '+63 (411) 432-6486', '7/18/2021', 'Faculty'),
('I700776589', 'Ashlie', 'Freiburger', '8/15/1993', '+221 (927) 613-1771', '11/11/2018', 'Faculty'),
('I700776590', 'Tova', 'Marsay', '10/18/1999', '+82 (589) 286-8960', '7/12/2019', 'Faculty'),
('I700776591', 'Freeland', 'Luckett', '7/16/2005', '+33 (874) 466-1985', '8/2/2019', 'Faculty'),
('I700776592', 'Patty', 'Wethered', '9/11/1996', '+358 (448) 694-1478', '7/26/2019', 'Faculty'),
('I700776593', 'Mathian', 'Gabbetis', '4/21/2008', '+7 (967) 802-7248', '1/26/2021', 'Faculty'),
('I700776594', 'Veriee', 'Fanthome', '7/27/2004', '+380 (110) 794-7539', '2/5/2020', 'Faculty'),
('I700776595', 'Davey', 'Loidl', '2/12/1991', '+234 (222) 323-8813', '6/15/2019', 'Faculty'),
('I700776596', 'Isa', 'Yaldren', '7/31/1990', '+33 (712) 388-9820', '11/12/2020', 'Faculty'),
('I700776597', 'Portia', 'Head', '11/28/1998', '+86 (147) 856-6198', '6/27/2019', 'Faculty'),
('I700776598', 'Ilka', 'Northover', '4/2/1992', '+212 (726) 835-4917', '5/3/2021', 'Faculty'),
('I700776599', 'Celka', 'Austwick', '1/12/1997', '+86 (514) 687-4876', '11/13/2020', 'Faculty'),
('I700776600', 'Kristoffer', 'Von Gladbach', '4/19/1990', '+260 (691) 340-0159', '7/30/2021', 'Faculty'),
('I700776601', 'Paxton', 'Guyon', '7/14/2008', '+55 (405) 637-8987', '8/9/2019', 'Faculty'),
('I700776602', 'Kizzie', 'Baudone', '2/22/2001', '+86 (624) 688-5466', '3/10/2021', 'Faculty'),
('I700776603', 'Annemarie', 'Speakman', '4/21/2003', '+880 (176) 323-5344', '4/23/2021', 'Faculty'),
('I700776604', 'Kalil', 'Roma', '1/10/1990', '+593 (298) 688-1534', '5/15/2021', 'Faculty'),
('I700776605', 'Falito', 'Mattia', '10/22/1992', '+86 (924) 230-4952', '8/3/2020', 'Faculty'),
('I700776606', 'Jordan', 'Eastes', '3/10/2007', '+48 (829) 185-6463', '4/23/2019', 'Faculty'),
('I700776607', 'Myer', 'Wetwood', '11/20/2009', '+33 (122) 932-0100', '12/19/2020', 'Faculty'),
('I700776608', 'Demetrius', 'Ianne', '9/16/1990', '+86 (512) 136-6083', '2/17/2021', 'Faculty'),
('I700776609', 'Wernher', 'Trouel', '11/5/2006', '+51 (559) 325-3072', '1/15/2021', 'Faculty'),
('I700776610', 'Kania', 'Rasmus', '11/20/2008', '+1 (212) 269-2784', '1/21/2020', 'Faculty'),
('I700776611', 'Rhodia', 'Deathridge', '9/5/1997', '+86 (422) 565-1127', '8/24/2020', 'Faculty'),
('I700776612', 'Husein', 'Compston', '12/22/1992', '+880 (168) 851-7606', '5/26/2021', 'Faculty'),
('I700776613', 'Jyoti', 'Duigan', '12/22/1996', '+63 (247) 656-0311', '10/4/2019', 'Faculty'),
('I700776614', 'La verne', 'Cicullo', '7/16/2002', '+82 (684) 352-8442', '10/16/2020', 'Faculty'),
('I700776615', 'Francine', 'Egdell', '7/28/1996', '+55 (805) 840-4520', '11/4/2019', 'Faculty'),
('I700776616', 'Dulcea', 'Le Sieur', '1/6/1993', '+507 (334) 256-2731', '9/30/2021', 'Faculty'),
('I700776617', 'Fanni', 'Grzegorek', '5/6/1993', '+7 (828) 371-5034', '11/5/2019', 'Faculty'),
('I700776618', 'Anders', 'Katzmann', '12/21/2000', '+1 (418) 725-6905', '6/28/2019', 'Faculty'),
('I700776619', 'Giulio', 'Bampkin', '2/2/1992', '+1 (808) 788-1085', '11/30/2020', 'Faculty'),
('I700776620', 'Sibylla', 'Khomich', '10/12/1999', '+967 (476) 527-5959', '10/5/2019', 'Faculty'),
('I700776621', 'Rickard', 'McKinless', '1/17/2004', '+52 (291) 993-5232', '6/13/2020', 'Faculty'),
('I700776622', 'Gearalt', 'Beglin', '4/12/2003', '+63 (732) 378-8576', '2/16/2020', 'Faculty'),
('I700776623', 'Gennie', 'Inde', '7/6/1996', '+62 (858) 785-8230', '7/14/2020', 'Faculty'),
('I700776624', 'Germaine', 'Burgyn', '12/2/2007', '+86 (950) 741-4298', '12/23/2020', 'Faculty'),
('I700776625', 'Sarita', 'Caesman', '12/3/1991', '+86 (163) 253-4332', '2/28/2019', 'Faculty'),
('I700776626', 'Alix', 'Treece', '11/2/1991', '+62 (323) 924-3149', '10/28/2018', 'Faculty'),
('I700776627', 'Erminie', 'Casiroli', '12/16/1999', '+261 (576) 169-0022', '9/27/2020', 'Faculty'),
('I700776628', 'Giffie', 'Shakelady', '11/29/2002', '+1 (739) 417-1477', '8/9/2019', 'Faculty'),
('I700776629', 'Joana', 'Scarman', '9/2/2010', '+63 (396) 472-7678', '5/29/2021', 'Faculty'),
('I700776630', 'Dela', 'Hambers', '7/11/2005', '+62 (605) 454-3377', '10/22/2019', 'Faculty'),
('I700776631', 'Sib', 'Daviddi', '10/29/1995', '+60 (508) 413-7681', '4/27/2020', 'Faculty'),
('I700776632', 'Celina', 'Assel', '5/7/2003', '+389 (626) 637-9332', '10/11/2020', 'Faculty'),
('I700776633', 'Taite', 'Stansall', '4/4/2002', '+39 (880) 839-2371', '1/9/2019', 'Faculty'),
('I700776634', 'Meir', 'Troyes', '6/8/2005', '+55 (725) 899-5928', '10/30/2020', 'Faculty'),
('I700776635', 'Christoffer', 'Tripean', '3/20/1996', '+62 (920) 489-2871', '7/10/2019', 'Faculty'),
('I700776636', 'Morse', 'Gittoes', '7/29/1990', '+66 (642) 255-8176', '10/13/2019', 'Faculty'),
('I700776637', 'Gibbie', 'Spong', '4/12/2006', '+375 (244) 994-2008', '1/16/2019', 'Faculty'),
('I700776638', 'Felipe', 'Ashborne', '5/21/2000', '+967 (543) 780-4582', '10/9/2020', 'Faculty'),
('I700776639', 'Novelia', 'Overal', '9/9/2003', '+351 (591) 617-7256', '8/23/2019', 'Faculty'),
('I700776640', 'Wendie', 'Lamping', '5/27/2008', '+86 (228) 780-4509', '7/31/2020', 'Faculty'),
('I700776641', 'Carey', 'Tenny', '11/24/1992', '+86 (144) 845-9362', '10/13/2019', 'Faculty'),
('I700776642', 'Harriet', 'Hardinge', '10/12/2010', '+1 (225) 203-6725', '11/8/2019', 'Faculty'),
('I700776643', 'Candie', 'MacNeilly', '12/14/2000', '+63 (480) 453-8211', '8/28/2021', 'Faculty'),
('I700776644', 'Rosalinda', 'Haydney', '5/6/2009', '+30 (871) 548-1945', '5/13/2019', 'Faculty'),
('I700776645', 'Cointon', 'Ritzman', '1/30/1998', '+225 (633) 426-9827', '1/30/2019', 'Faculty'),
('I700776646', 'Cathlene', 'Biaggetti', '8/11/1996', '+48 (616) 210-9592', '4/21/2020', 'Faculty'),
('I700776647', 'Saudra', 'Gloyens', '6/18/2000', '+262 (333) 219-0515', '9/17/2020', 'Faculty'),
('I700776648', 'Gabbi', 'Dudney', '8/6/2004', '+33 (831) 979-4054', '11/27/2018', 'Faculty'),
('I700776649', 'Angelico', 'Paddy', '3/18/2001', '+86 (944) 957-8752', '6/29/2020', 'Faculty'),
('I700776650', 'La verne', 'Wigfall', '12/17/2009', '+94 (617) 539-9586', '8/11/2019', 'Faculty'),
('I700776651', 'Sandye', 'Curling', '6/15/1996', '+52 (157) 594-1716', '3/29/2019', 'Faculty'),
('I700776652', 'Sigismond', 'Ventura', '7/22/2007', '+63 (804) 507-8625', '5/7/2019', 'Faculty'),
('I700776653', 'Charley', 'Buckthought', '6/19/1998', '+33 (536) 777-6020', '12/6/2020', 'Faculty'),
('I700776654', 'Jody', 'Brunker', '7/14/2001', '+57 (712) 704-6894', '8/19/2021', 'Faculty'),
('I700776655', 'Ashton', 'Thebe', '12/1/1996', '+86 (207) 286-7996', '4/11/2019', 'Faculty'),
('I700776656', 'Essa', 'Ghiraldi', '7/2/2002', '+86 (658) 115-2260', '4/12/2020', 'Faculty'),
('I700776657', 'Vivyanne', 'Pattlel', '5/26/1998', '+51 (396) 920-9161', '12/6/2020', 'Faculty'),
('I700776658', 'Emmy', 'Undrell', '10/25/2005', '+86 (240) 355-0159', '9/12/2019', 'Faculty'),
('I700776659', 'Artemis', 'Tantum', '4/27/2002', '+351 (244) 882-3443', '8/7/2021', 'Faculty'),
('I700776660', 'Augustin', 'Wigg', '1/28/1996', '+51 (130) 492-6997', '3/31/2019', 'Faculty'),
('I700776661', 'Codi', 'Plimmer', '7/16/2000', '+62 (591) 675-4924', '9/19/2021', 'Faculty'),
('I700776662', 'Annemarie', 'Orrow', '9/20/2005', '+86 (135) 203-2962', '11/29/2019', 'Faculty'),
('I700776663', 'Page', 'Foro', '10/24/2002', '+86 (833) 311-0311', '1/20/2019', 'Faculty'),
('I700776664', 'Ossie', 'Lamps', '1/15/1998', '+590 (459) 269-0994', '4/27/2021', 'Faculty'),
('I700776665', 'Sammie', 'Stancliffe', '6/5/2003', '+63 (235) 380-6815', '5/10/2021', 'Faculty'),
('I700776666', 'Lucas', 'Blaxill', '3/14/1997', '+62 (320) 115-4752', '10/26/2019', 'Faculty'),
('I700776667', 'Nataline', 'Sherebrook', '2/18/1991', '+509 (993) 794-5010', '4/18/2020', 'Faculty'),
('I700776668', 'Eran', 'Domaschke', '5/26/2008', '+86 (544) 483-0303', '1/22/2020', 'Faculty'),
('I700776669', 'Cletis', 'Dulton', '11/13/1993', '+82 (850) 611-3131', '8/7/2019', 'Faculty'),
('I700776670', 'Eben', 'Sinton', '5/29/2000', '+269 (458) 778-9906', '8/25/2020', 'Faculty'),
('I700776671', 'Darice', 'Meins', '6/9/1993', '+1 (785) 640-7474', '3/9/2020', 'Faculty'),
('I700776672', 'Hobard', 'Peppard', '4/24/1999', '+86 (831) 806-1090', '12/26/2019', 'Faculty'),
('I700776673', 'Shanie', 'Brigdale', '11/17/1993', '+62 (634) 643-0809', '10/13/2019', 'Faculty'),
('I700776674', 'Sherwood', 'Chaters', '11/14/1998', '+62 (731) 280-0700', '2/27/2021', 'Faculty'),
('I700776675', 'Franky', 'Lurriman', '1/4/1992', '+222 (797) 844-8644', '7/29/2019', 'Faculty'),
('I700776676', 'Hilly', 'Mains', '9/17/2006', '+46 (533) 917-0914', '1/3/2021', 'Faculty'),
('I700776677', 'Yard', 'Tansey', '8/12/1998', '+86 (713) 163-6268', '6/29/2019', 'Faculty'),
('I700776678', 'Jo', 'Shallcrass', '7/28/1992', '+86 (864) 280-1477', '4/21/2019', 'Faculty'),
('I700776679', 'Mohammed', 'Rebanks', '8/17/2006', '+55 (159) 235-3748', '11/4/2018', 'Faculty'),
('I700776680', 'Ive', 'Andreev', '7/2/1993', '+98 (263) 738-2318', '3/16/2021', 'Faculty'),
('I700776681', 'Chicky', 'Newtown', '12/30/1990', '+63 (310) 659-7545', '2/13/2021', 'Faculty'),
('I700776682', 'Murial', 'Tuohy', '12/25/1995', '+692 (336) 263-2516', '11/15/2020', 'Faculty'),
('I700776683', 'Paolina', 'Eastgate', '2/3/1994', '+62 (565) 269-8314', '6/30/2019', 'Faculty'),
('I700776684', 'Desirae', 'Bavin', '12/22/2008', '+54 (666) 851-6555', '9/25/2021', 'Faculty'),
('I700776685', 'Natale', 'Gouge', '10/12/2006', '+20 (639) 805-3063', '6/2/2019', 'Faculty'),
('I700776686', 'Devlin', 'Gutsell', '6/30/2010', '+46 (783) 921-3287', '9/17/2020', 'Faculty'),
('I700776687', 'Adriana', 'Trimble', '1/19/1991', '+52 (722) 839-9269', '7/31/2020', 'Faculty'),
('I700776688', 'Shalna', 'Dobbyn', '6/4/2001', '+58 (875) 192-3778', '6/8/2021', 'Faculty'),
('I700776689', 'Rodolphe', 'Rutherfoord', '4/3/2006', '+62 (292) 179-0123', '6/4/2021', 'Faculty'),
('I700776690', 'Althea', 'Gravell', '12/13/2003', '+964 (912) 861-4708', '10/29/2019', 'Faculty'),
('I700776691', 'Gothart', 'Bartke', '8/17/1991', '+45 (673) 745-9575', '12/7/2019', 'Faculty'),
('I700776692', 'Phaedra', 'Sadry', '9/14/2005', '+53 (188) 244-8595', '12/24/2018', 'Faculty'),
('I700776693', 'Rubie', 'Huddart', '12/17/1991', '+46 (846) 106-9403', '7/19/2020', 'Faculty'),
('I700776694', 'Shara', 'Cocksedge', '6/16/2002', '+33 (819) 132-8663', '9/11/2019', 'Faculty'),
('I700776695', 'Biron', 'Prestland', '4/29/1995', '+385 (253) 371-0479', '1/25/2021', 'Faculty'),
('I700776696', 'Margaretta', 'Hurdiss', '9/26/1994', '+86 (335) 775-3200', '4/30/2019', 'Faculty'),
('I700776697', 'Niki', 'Hubbocks', '7/8/1997', '+48 (179) 460-5159', '6/16/2021', 'Faculty'),
('I700776698', 'Lesli', 'Verrill', '3/2/2004', '+62 (255) 236-7765', '12/3/2020', 'Faculty'),
('I700776699', 'Stormie', 'De Rye Barrett', '8/23/2010', '+33 (314) 616-8788', '1/4/2020', 'Faculty'),
('I700776700', 'Suzann', 'Rudgard', '10/29/2000', '+351 (881) 319-6128', '1/6/2019', 'Faculty'),
('I700776701', 'Mike', 'Kemshell', '3/20/2002', '+380 (631) 750-5316', '8/23/2019', 'Faculty'),
('I700776702', 'Duff', 'Boddymead', '3/25/2008', '+86 (991) 404-7401', '1/7/2021', 'Faculty'),
('I700776703', 'Brook', 'Stallworthy', '8/16/1990', '+46 (509) 392-9399', '9/22/2021', 'Faculty'),
('I700776704', 'Eve', 'Keyho', '12/2/1992', '+7 (464) 399-0142', '10/24/2020', 'Faculty'),
('I700776705', 'Kimberli', 'Scherme', '5/2/2001', '+385 (261) 427-0695', '4/16/2019', 'Faculty'),
('I700776706', 'Dina', 'Follin', '9/7/1996', '+33 (259) 568-8406', '3/19/2021', 'Faculty'),
('I700776707', 'Magdalene', 'Sparshett', '2/6/2007', '+86 (242) 250-9687', '10/6/2020', 'Faculty'),
('I700776708', 'Ruddy', 'Reede', '8/17/1995', '+55 (777) 253-2125', '7/18/2020', 'Faculty'),
('I700776709', 'Bobbie', 'Tetlow', '10/24/1995', '+7 (775) 486-9840', '8/10/2021', 'Faculty'),
('I700776710', 'Jojo', 'Cullinan', '11/14/2004', '+66 (309) 281-8482', '1/9/2020', 'Faculty'),
('I700776711', 'Darcee', 'Lavell', '3/12/2010', '+86 (657) 362-4915', '9/1/2020', 'Faculty'),
('I700776712', 'Chicky', 'Bielfelt', '10/15/1992', '+86 (607) 369-7472', '6/28/2021', 'Faculty'),
('I700776713', 'Valene', 'Eddicott', '5/1/2006', '+63 (185) 714-9548', '12/19/2020', 'Faculty'),
('I700776714', 'Horton', 'Polley', '8/12/2003', '+33 (563) 595-3053', '3/12/2019', 'Faculty'),
('I700776715', 'Lorinda', 'Lockhart', '9/2/2009', '+82 (751) 448-6826', '6/5/2021', 'Faculty'),
('I700776716', 'Rich', 'Clawson', '12/30/1992', '+86 (161) 535-6797', '12/10/2020', 'Faculty'),
('I700776717', 'Sandor', 'Quare', '11/6/1991', '+63 (536) 536-0073', '8/11/2021', 'Faculty'),
('I700776718', 'Misti', 'Ginity', '5/12/1995', '+57 (415) 331-2039', '10/12/2020', 'Faculty'),
('I700776719', 'Zollie', 'MacAulay', '9/13/1991', '+385 (151) 281-5207', '6/25/2019', 'Faculty'),
('I700776720', 'Tillie', 'Davidovich', '3/23/2007', '+358 (889) 941-8380', '9/24/2020', 'Faculty'),
('I700776721', 'Angelico', 'Folland', '7/12/1999', '+86 (515) 980-7422', '8/12/2020', 'Faculty'),
('I700776722', 'Panchito', 'Giggs', '10/24/2004', '+86 (408) 827-0110', '3/21/2020', 'Faculty'),
('I700776723', 'Tam', 'Richold', '2/14/2000', '+216 (172) 775-5684', '8/24/2021', 'Faculty'),
('I700776724', 'Ira', 'Linggood', '6/15/1999', '+386 (585) 259-1411', '10/18/2019', 'Faculty'),
('I700776725', 'Cari', 'Cullabine', '7/4/1990', '+66 (479) 474-4093', '9/19/2020', 'Faculty'),
('I700776726', 'Woody', 'Servant', '1/17/1996', '+1 (481) 174-9330', '12/19/2019', 'Faculty'),
('I700776727', 'Clea', 'Franciskiewicz', '8/24/2000', '+66 (667) 142-4351', '5/7/2020', 'Faculty'),
('I700776728', 'Lemar', 'Solloway', '12/4/1997', '+58 (664) 245-3787', '2/29/2020', 'Faculty'),
('I700776729', 'Everard', 'Grundy', '6/6/2008', '+52 (262) 113-0396', '11/13/2020', 'Faculty'),
('I700776730', 'Rhianna', 'Allaker', '8/7/2001', '+54 (589) 850-6108', '11/21/2019', 'Faculty'),
('I700776731', 'Seamus', 'Rubenczyk', '8/29/1993', '+62 (736) 858-3048', '8/2/2020', 'Faculty'),
('I700776732', 'Goldina', 'Malan', '11/14/1994', '+86 (304) 520-5505', '6/28/2021', 'Faculty'),
('I700776733', 'Giraldo', 'Bastiman', '10/1/2010', '+62 (152) 906-0927', '5/29/2019', 'Faculty'),
('I700776734', 'Dael', 'Grabiec', '7/13/2002', '+63 (597) 372-6955', '4/20/2019', 'Faculty'),
('I700776735', 'Tracy', 'Sturton', '9/25/2006', '+7 (938) 639-2333', '10/25/2018', 'Faculty'),
('I700776736', 'Elberta', 'Grainger', '5/8/2000', '+971 (695) 237-4194', '4/14/2019', 'Faculty'),
('I700776737', 'Stephana', 'Doxsey', '8/13/1999', '+86 (639) 706-6928', '9/20/2020', 'Faculty'),
('I700776738', 'Nonna', 'Carrick', '10/18/1991', '+86 (235) 585-2817', '12/16/2018', 'Faculty'),
('I700776739', 'Raye', 'Boshers', '2/24/2003', '+57 (967) 673-6904', '4/26/2020', 'Faculty'),
('I700776740', 'Sigismond', 'Robbert', '1/9/1994', '+355 (506) 874-8543', '10/13/2021', 'Faculty'),
('I700776741', 'Kristos', 'Grund', '5/9/2007', '+48 (957) 145-0995', '5/27/2021', 'Faculty'),
('I700776742', 'Harrie', 'Gierok', '9/16/2010', '+62 (629) 841-1015', '4/24/2021', 'Faculty'),
('I700776743', 'Saunders', 'Beadnell', '5/22/1999', '+86 (474) 982-6856', '2/4/2020', 'Faculty'),
('I700776744', 'Holly-anne', 'Eastes', '9/2/2007', '+62 (878) 180-0874', '3/23/2019', 'Faculty'),
('I700776745', 'Raff', 'Farebrother', '5/28/1994', '+670 (879) 891-8130', '9/13/2019', 'Faculty'),
('I700776746', 'Zsazsa', 'Delepine', '12/6/1998', '+249 (285) 127-5425', '10/30/2020', 'Faculty'),
('I700776747', 'Gisela', 'Stack', '8/15/2008', '+36 (549) 994-8493', '3/7/2019', 'Faculty'),
('I700776748', 'Papageno', 'O\' Markey', '6/30/1995', '+234 (591) 138-1115', '8/27/2019', 'Faculty'),
('I700776749', 'Chucho', 'Drysdale', '11/23/2001', '+62 (850) 508-9939', '5/6/2021', 'Faculty'),
('I700776750', 'Sunshine', 'Huish', '10/23/1994', '+51 (416) 479-9267', '12/20/2019', 'Faculty'),
('I700776751', 'Buck', 'Skains', '7/6/2003', '+54 (481) 894-1502', '4/8/2021', 'Faculty'),
('I700776752', 'Annabel', 'Coulbeck', '5/28/2004', '+62 (503) 313-8640', '7/10/2019', 'Faculty'),
('I700776753', 'Othella', 'Scollick', '8/31/1991', '+7 (948) 780-1379', '2/15/2020', 'Faculty'),
('I700776754', 'Creigh', 'Mathewson', '11/29/1996', '+52 (369) 241-1816', '6/22/2020', 'Faculty'),
('I700776755', 'Tammara', 'Balling', '4/27/2009', '+66 (136) 910-2579', '3/30/2019', 'Faculty'),
('I700776756', 'Abbott', 'Sommerville', '3/18/2002', '+7 (105) 225-9126', '3/7/2020', 'Faculty'),
('I700776757', 'Tanya', 'Broe', '5/2/1993', '+62 (674) 859-2807', '4/16/2021', 'Faculty'),
('I700776758', 'Ravi', 'Stainson', '4/8/1996', '+47 (828) 888-1085', '7/30/2019', 'Faculty'),
('I700776759', 'Tyler', 'Soots', '8/9/1990', '+63 (711) 272-5803', '4/19/2020', 'Faculty'),
('I700776760', 'Emiline', 'Revie', '2/7/1990', '+1 (330) 128-3241', '6/27/2021', 'Faculty'),
('I700776761', 'Mariejeanne', 'Cortin', '1/2/1993', '+55 (143) 965-4307', '6/27/2021', 'Faculty'),
('I700776762', 'Nerissa', 'Burrus', '7/8/1990', '+86 (211) 247-4192', '3/19/2021', 'Faculty'),
('I700776763', 'Vergil', 'Farrier', '6/8/1998', '+48 (732) 323-2655', '8/16/2019', 'Faculty'),
('I700776764', 'Florinda', 'Danieli', '3/20/1999', '+86 (669) 179-0415', '7/5/2021', 'Faculty'),
('I700776765', 'Rosmunda', 'Cescot', '6/26/1997', '+62 (434) 429-9108', '11/23/2019', 'Faculty'),
('I700776766', 'Hamel', 'Dumphry', '9/24/1993', '+994 (280) 625-1289', '2/25/2019', 'Faculty'),
('I700776767', 'Judon', 'MacLleese', '2/16/1992', '+95 (929) 560-4497', '1/20/2019', 'Faculty'),
('I700776768', 'Dunstan', 'Yashaev', '1/19/1992', '+267 (128) 564-2775', '2/15/2021', 'Faculty'),
('I700776769', 'Mikaela', 'Gutcher', '8/21/2002', '+234 (780) 957-4021', '3/31/2021', 'Faculty'),
('I700776770', 'Peterus', 'Bulled', '11/12/2008', '+86 (217) 175-2038', '6/11/2020', 'Faculty'),
('I700776771', 'Aldwin', 'Kibby', '7/17/1998', '+62 (572) 980-1119', '10/20/2020', 'Faculty'),
('I700776772', 'Abrahan', 'Massow', '8/4/2008', '+880 (495) 991-1945', '10/1/2019', 'Faculty'),
('I700776773', 'Todd', 'Juleff', '4/14/1995', '+62 (149) 427-5293', '3/6/2019', 'Faculty'),
('I700776774', 'Gene', 'Gilding', '4/3/1996', '+7 (110) 718-0016', '10/25/2020', 'Faculty'),
('I700776775', 'Olivie', 'Domek', '7/20/1996', '+7 (904) 780-1390', '2/24/2019', 'Faculty'),
('I700776776', 'Farrel', 'Pask', '5/20/1996', '+44 (143) 563-9818', '5/20/2020', 'Faculty'),
('I700776777', 'Barry', 'Osburn', '7/22/2004', '+62 (679) 614-6509', '4/10/2021', 'Faculty'),
('I700776778', 'Noami', 'Flucker', '2/16/2000', '+30 (272) 269-5948', '2/11/2021', 'Faculty'),
('I700776779', 'Rebe', 'Phillis', '10/25/1992', '+48 (618) 187-3395', '12/6/2019', 'Faculty'),
('I700776780', 'Lavinia', 'Hatliffe', '12/10/1995', '+1 (318) 845-3024', '7/26/2019', 'Faculty'),
('I700776781', 'Angela', 'Locock', '3/10/2009', '+48 (406) 808-2120', '2/11/2019', 'Faculty'),
('I700776782', 'Clayborne', 'Imore', '9/28/2007', '+33 (255) 332-7757', '1/12/2020', 'Faculty'),
('I700776783', 'Elspeth', 'Lyngsted', '1/15/2005', '+54 (164) 516-5795', '9/28/2019', 'Faculty'),
('I700776784', 'Tom', 'Bampkin', '7/15/2008', '+52 (587) 762-0265', '3/23/2020', 'Faculty'),
('I700776785', 'Aime', 'Follitt', '5/10/2003', '+86 (935) 691-9809', '5/29/2019', 'Faculty'),
('I700776786', 'Dane', 'Rounding', '9/30/1992', '+229 (648) 605-2538', '3/7/2021', 'Faculty'),
('I700776787', 'Chelsea', 'Copelli', '2/2/1992', '+86 (657) 423-5002', '9/14/2019', 'Faculty'),
('I700776788', 'Araldo', 'Filipiak', '7/14/1991', '+86 (514) 845-1261', '3/8/2019', 'Faculty'),
('I700776789', 'Jabez', 'Hathaway', '5/18/1999', '+55 (980) 613-1515', '3/27/2019', 'Faculty'),
('I700776790', 'Payton', 'Yearne', '1/9/1997', '+62 (402) 884-7219', '5/7/2020', 'Faculty'),
('I700776791', 'Roosevelt', 'Gammon', '5/15/1996', '+86 (823) 694-9254', '5/19/2019', 'Faculty'),
('I700776792', 'Marleah', 'Vader', '2/1/1999', '+30 (909) 587-2399', '1/15/2021', 'Faculty'),
('I700776793', 'Aldon', 'Edwards', '11/28/2005', '+1 (812) 886-2647', '11/2/2018', 'Faculty'),
('I700776794', 'Edna', 'Elmhirst', '12/27/1999', '+86 (542) 606-0913', '3/14/2019', 'Faculty'),
('I700776795', 'Danya', 'Wincom', '6/7/1999', '+7 (152) 305-3228', '7/25/2020', 'Faculty'),
('I700776796', 'Ripley', 'McGaughay', '8/31/2002', '+55 (529) 908-8231', '4/10/2019', 'Faculty'),
('I700776797', 'Ty', 'Loade', '12/8/1991', '+48 (798) 879-7852', '5/24/2021', 'Faculty'),
('I700776798', 'Sarita', 'Sprason', '3/1/2001', '+62 (680) 103-1359', '8/6/2019', 'Faculty'),
('I700776799', 'Sashenka', 'Baversor', '3/23/2010', '+233 (611) 323-7514', '1/27/2021', 'Faculty'),
('I700776800', 'Nicholle', 'Sowle', '4/17/1994', '+86 (935) 284-1406', '8/24/2020', 'Faculty'),
('I700776801', 'Lisette', 'Midner', '3/3/2002', '+380 (541) 440-2384', '4/4/2019', 'Faculty'),
('I700776802', 'Carmelita', 'Hindes', '7/19/2004', '+244 (141) 562-2373', '9/20/2021', 'Faculty'),
('I700776803', 'Tresa', 'Bartel', '1/21/2007', '+358 (634) 796-8984', '3/6/2019', 'Faculty'),
('I700776804', 'Rahal', 'Maso', '3/27/2006', '+66 (225) 229-2377', '12/20/2020', 'Faculty'),
('I700776805', 'Valencia', 'Yedy', '8/3/2007', '+234 (677) 494-3977', '4/27/2021', 'Faculty'),
('I700776806', 'Tamarra', 'Donohoe', '9/5/2007', '+381 (255) 695-2984', '10/12/2021', 'Faculty'),
('I700776807', 'Rossie', 'Bunkle', '1/7/1995', '+380 (679) 469-8691', '10/26/2020', 'Faculty'),
('I700776808', 'Josephina', 'Cuttell', '7/22/1999', '+380 (575) 487-0827', '12/21/2019', 'Faculty'),
('I700776809', 'Jeanna', 'Dyson', '12/25/1993', '+62 (639) 188-2240', '1/13/2021', 'Faculty'),
('I700776810', 'Gibb', 'McNab', '1/26/2006', '+886 (805) 782-1864', '8/6/2020', 'Faculty'),
('I700776811', 'Mickie', 'Seeborne', '8/2/1997', '+62 (831) 966-9392', '2/10/2020', 'Faculty'),
('I700776812', 'Guy', 'Afield', '3/19/2009', '+1 (214) 792-7446', '7/23/2021', 'Faculty'),
('I700776813', 'Stefanie', 'Elphinstone', '7/24/1993', '+54 (454) 386-4534', '1/8/2019', 'Faculty'),
('I700776814', 'Aldus', 'Mapston', '7/1/1990', '+963 (929) 370-3585', '6/7/2020', 'Faculty'),
('I700776815', 'Fanchon', 'Brazelton', '1/11/1996', '+86 (906) 348-3702', '4/2/2020', 'Faculty'),
('I700776816', 'Jeanette', 'Broster', '2/24/2003', '+33 (856) 890-2346', '11/6/2019', 'Faculty'),
('I700776817', 'Sammy', 'Tesimon', '8/19/1999', '+63 (160) 675-8787', '5/26/2020', 'Faculty'),
('I700776818', 'Cece', 'Burbidge', '2/16/1997', '+381 (351) 487-1458', '4/25/2021', 'Faculty'),
('I700776819', 'Beryle', 'Hatchette', '12/29/2005', '+62 (457) 855-0068', '7/17/2020', 'Faculty'),
('I700776820', 'Michaelina', 'Burstow', '6/4/2003', '+420 (252) 691-3708', '9/21/2021', 'Faculty'),
('I700776821', 'Sumner', 'Leall', '11/8/1991', '+86 (164) 608-7212', '10/31/2020', 'Faculty'),
('I700776822', 'Willow', 'Antognelli', '9/8/2008', '+86 (535) 633-3844', '8/16/2020', 'Faculty'),
('I700776823', 'Penny', 'Thirwell', '9/26/2009', '+62 (794) 988-0214', '3/26/2021', 'Faculty'),
('I700776824', 'Harlan', 'Allbut', '11/22/2008', '+60 (162) 246-7430', '12/1/2020', 'Faculty'),
('I700776825', 'Deeyn', 'Goutcher', '8/4/2005', '+33 (611) 194-4785', '4/10/2020', 'Faculty'),
('I700776826', 'Reilly', 'Yantsev', '10/5/1997', '+49 (926) 417-3168', '10/10/2019', 'Faculty'),
('I700776827', 'Reggi', 'Parsell', '2/16/2003', '+966 (230) 287-6601', '9/10/2019', 'Faculty'),
('I700776828', 'Nonna', 'O\'Heaney', '7/21/2009', '+86 (764) 370-8211', '12/1/2018', 'Faculty'),
('I700776829', 'Josh', 'Ingleston', '12/13/2001', '+54 (592) 799-6704', '5/2/2020', 'Faculty'),
('I700776830', 'Loralee', 'Medley', '1/21/2000', '+33 (474) 319-2659', '5/15/2021', 'Faculty'),
('I700776831', 'Marsha', 'Banner', '6/21/2004', '+992 (435) 103-9505', '10/31/2019', 'Faculty'),
('I700776832', 'Mead', 'Cello', '9/6/1992', '+56 (412) 394-2201', '4/5/2021', 'Faculty'),
('I700776833', 'Keary', 'Duckerin', '6/25/1999', '+86 (733) 382-9897', '7/23/2021', 'Faculty'),
('I700776834', 'Kendre', 'Janovsky', '5/19/2003', '+86 (998) 764-3249', '12/21/2018', 'Faculty'),
('I700776835', 'Conroy', 'O\'Suaird', '12/24/2007', '+53 (556) 355-3930', '4/26/2019', 'Faculty'),
('I700776836', 'Mirella', 'Sweatman', '12/27/2006', '+216 (623) 464-6532', '5/7/2020', 'Faculty'),
('I700776837', 'Mireille', 'Kiddye', '6/16/1996', '+353 (629) 254-2959', '2/19/2019', 'Faculty'),
('I700776838', 'Selma', 'Braben', '7/1/1996', '+86 (747) 313-9235', '6/27/2020', 'Faculty'),
('I700776839', 'Lonny', 'Gravenell', '8/27/2003', '+371 (244) 151-7132', '6/26/2020', 'Faculty'),
('I700776840', 'Luis', 'Joannidi', '12/24/2006', '+55 (680) 649-8283', '7/26/2021', 'Faculty'),
('I700776841', 'Krista', 'Tavernor', '12/10/2003', '+963 (462) 979-9674', '9/22/2021', 'Faculty'),
('I700776842', 'Trey', 'McKenna', '1/12/2004', '+855 (466) 443-0000', '9/19/2019', 'Faculty'),
('I700776843', 'Anallese', 'Simonazzi', '11/8/2002', '+55 (704) 565-9721', '7/15/2021', 'Faculty'),
('I700776844', 'Melva', 'Gaggen', '2/14/2002', '+962 (472) 200-9376', '7/5/2020', 'Faculty'),
('I700776845', 'Georgina', 'Strangman', '4/23/1991', '+55 (912) 334-3122', '4/15/2020', 'Faculty'),
('I700776846', 'Joshia', 'Bettington', '6/13/2010', '+359 (740) 261-0965', '8/29/2020', 'Faculty'),
('I700776847', 'Loralyn', 'Tott', '6/4/2006', '+20 (722) 982-0754', '10/14/2020', 'Faculty'),
('I700776848', 'Frazer', 'Decourt', '5/25/1999', '+98 (502) 678-6078', '7/9/2020', 'Faculty'),
('I700776849', 'Allyson', 'Bampkin', '10/9/1999', '+62 (708) 759-2690', '8/8/2020', 'Faculty'),
('I700776850', 'Lynda', 'Oboy', '5/19/1993', '+86 (272) 862-2934', '7/10/2021', 'Faculty'),
('I700776851', 'Mellisa', 'Philot', '1/31/1994', '+7 (554) 334-9576', '8/30/2019', 'Faculty'),
('I700776852', 'Whitby', 'MacNeill', '2/24/1990', '+54 (431) 170-5200', '4/3/2021', 'Faculty'),
('I700776853', 'Vonny', 'Germann', '5/31/1992', '+86 (265) 112-1805', '8/28/2019', 'Faculty'),
('I700776854', 'Rosalinda', 'Pigney', '11/12/1991', '+30 (387) 225-4751', '10/7/2021', 'Faculty'),
('I700776855', 'Wallie', 'Zaczek', '9/24/2008', '+55 (738) 793-1730', '11/20/2020', 'Faculty'),
('I700776856', 'Bunnie', 'Mangan', '5/31/1993', '+7 (842) 655-8853', '12/10/2019', 'Faculty'),
('I700776857', 'Prisca', 'Plank', '7/28/1992', '+57 (955) 426-5761', '1/7/2020', 'Faculty'),
('I700776858', 'Julio', 'Pitblado', '8/16/1993', '+33 (771) 842-8835', '4/16/2019', 'Faculty'),
('I700776859', 'Roby', 'Lewzey', '11/24/1993', '+53 (360) 845-8381', '5/29/2021', 'Faculty'),
('I700776860', 'Vanny', 'Woolerton', '1/8/2001', '+212 (412) 578-7126', '4/26/2019', 'Faculty'),
('I700776861', 'Essie', 'Missenden', '10/3/2002', '+86 (349) 856-1727', '2/24/2021', 'Faculty'),
('I700776862', 'Adrianne', 'Zecchini', '11/7/1999', '+46 (393) 465-9004', '1/17/2021', 'Faculty'),
('I700776863', 'Marietta', 'Berrow', '9/2/2002', '+48 (118) 551-3088', '10/16/2021', 'Faculty'),
('I700776864', 'Trey', 'Andover', '4/11/2010', '+20 (198) 482-3840', '9/7/2021', 'Faculty'),
('I700776865', 'Beltran', 'Shawcross', '1/18/2000', '+62 (220) 428-6886', '1/10/2020', 'Faculty'),
('I700776866', 'Prudi', 'Core', '7/28/2006', '+63 (359) 845-4460', '10/23/2018', 'Faculty'),
('I700776867', 'Ginger', 'MacAfee', '11/7/1991', '+420 (639) 950-3241', '1/27/2019', 'Faculty'),
('I700776868', 'Salim', 'Arnao', '8/29/1996', '+359 (695) 287-4376', '10/30/2020', 'Faculty'),
('I700776869', 'Agace', 'Trenear', '11/17/1998', '+1 (702) 852-9379', '8/21/2021', 'Faculty'),
('I700776870', 'Evey', 'Waggatt', '8/4/1990', '+86 (719) 501-9543', '10/31/2020', 'Faculty'),
('I700776871', 'Genia', 'Conyer', '2/15/1991', '+81 (212) 461-0522', '1/19/2020', 'Faculty'),
('I700776872', 'Beverlie', 'St. Quentin', '12/24/2003', '+86 (436) 127-9907', '1/21/2021', 'Faculty'),
('I700776873', 'Kimble', 'Camell', '2/20/2010', '+48 (661) 370-9381', '4/24/2019', 'Faculty'),
('I700776874', 'Garner', 'Meugens', '3/14/2006', '+7 (508) 337-5378', '3/13/2020', 'Faculty'),
('I700776875', 'Tamma', 'Birkenshaw', '7/22/1995', '+62 (642) 336-9161', '1/5/2021', 'Faculty'),
('I700776876', 'Kim', 'O\'Finan', '12/30/1998', '+86 (578) 939-3367', '5/27/2020', 'Faculty'),
('I700776877', 'Carlynne', 'Bolderoe', '3/9/2002', '+62 (514) 110-2346', '7/30/2019', 'Faculty'),
('I700776878', 'Dolly', 'Josephi', '11/9/1998', '+420 (636) 717-6156', '8/25/2021', 'Faculty'),
('I700776879', 'Hobie', 'Mewhirter', '2/6/1991', '+1 (742) 150-2859', '3/24/2021', 'Faculty'),
('I700776880', 'Levi', 'Coveny', '11/15/2008', '+62 (546) 647-4660', '8/7/2021', 'Faculty'),
('I700776881', 'Terri-jo', 'Sainteau', '11/9/1994', '+502 (887) 463-5744', '10/16/2019', 'Faculty'),
('I700776882', 'Lyn', 'Kayser', '9/16/1993', '+1 (916) 525-1319', '4/9/2020', 'Faculty'),
('I700776883', 'Ezra', 'Pattullo', '5/10/2000', '+1 (615) 208-9287', '4/17/2021', 'Faculty'),
('I700776884', 'Stan', 'Dorkin', '12/8/2001', '+7 (528) 630-8052', '1/17/2019', 'Faculty'),
('I700776885', 'Tarrance', 'Toohey', '10/5/2010', '+63 (121) 829-4587', '8/26/2021', 'Faculty'),
('I700776886', 'Renaldo', 'Woollard', '3/2/2001', '+62 (986) 664-0036', '11/26/2018', 'Faculty'),
('I700776887', 'Pietro', 'Valentim', '11/20/1999', '+81 (111) 826-9397', '10/21/2021', 'Faculty'),
('I700776888', 'Brittani', 'Griffen', '5/6/1999', '+48 (156) 537-6102', '10/4/2021', 'Faculty'),
('I700776889', 'Barnaby', 'Beals', '3/24/1993', '+595 (976) 816-9755', '10/16/2021', 'Faculty'),
('I700776890', 'Lawton', 'Diplock', '1/10/2010', '+86 (915) 209-9652', '9/11/2019', 'Faculty'),
('I700776891', 'Sherry', 'Tierny', '12/26/1991', '+86 (893) 956-9993', '9/26/2019', 'Faculty'),
('I700776892', 'Ross', 'Duchasteau', '3/11/1993', '+86 (531) 132-3600', '2/20/2021', 'Faculty'),
('I700776893', 'Gregory', 'Aspy', '10/12/2006', '+86 (686) 454-3916', '4/17/2019', 'Faculty'),
('I700776894', 'Saxe', 'Collimore', '6/9/1991', '+505 (725) 471-9496', '2/23/2020', 'Faculty'),
('I700776895', 'Maximilien', 'Melliard', '4/9/2008', '+1 (212) 187-8747', '9/3/2020', 'Faculty'),
('I700776896', 'Arabel', 'Ocheltree', '10/16/1991', '+504 (819) 767-0866', '2/17/2020', 'Faculty'),
('I700776897', 'Tuck', 'Loton', '5/7/2006', '+249 (924) 620-1406', '11/19/2020', 'Faculty'),
('I700776898', 'Randal', 'Girardini', '8/15/1993', '+261 (850) 157-8820', '3/1/2021', 'Faculty'),
('I700776899', 'Norine', 'Ready', '1/15/2005', '+62 (975) 431-0181', '5/6/2019', 'Faculty'),
('I700776900', 'Coral', 'Leitch', '1/10/1997', '+62 (509) 995-1709', '9/13/2019', 'Faculty'),
('I700776901', 'Jeffie', 'Klainman', '1/4/2004', '+48 (334) 886-0273', '9/29/2020', 'Faculty'),
('I700776902', 'Aksel', 'Jansie', '11/4/1993', '+353 (271) 953-8637', '9/3/2019', 'Faculty'),
('I700776903', 'Friederike', 'Erington', '7/9/1991', '+81 (456) 232-7321', '7/20/2019', 'Faculty'),
('I700776904', 'Inessa', 'Duester', '9/10/1990', '+48 (103) 888-6254', '5/24/2020', 'Faculty'),
('I700776905', 'Curtis', 'Skellen', '2/25/1992', '+62 (264) 287-3650', '9/7/2020', 'Faculty'),
('I700776906', 'Balduin', 'Storie', '10/12/2010', '+55 (767) 643-9737', '1/21/2020', 'Researcher'),
('I700776907', 'Garry', 'Letts', '12/25/1998', '+7 (167) 281-7664', '3/30/2021', 'Researcher'),
('I700776908', 'Jo', 'Broxis', '7/3/2009', '+380 (760) 967-8013', '3/22/2020', 'Researcher'),
('I700776909', 'Dominica', 'McKernon', '8/12/2002', '+86 (340) 535-7607', '6/5/2020', 'Researcher'),
('I700776910', 'Kippie', 'Perham', '8/29/2007', '+46 (479) 317-5708', '7/29/2021', 'Researcher'),
('I700776911', 'Horatio', 'Broddle', '3/26/2004', '+62 (695) 724-6390', '4/30/2021', 'Researcher'),
('I700776912', 'Simon', 'Kayes', '9/23/2004', '+593 (985) 316-8120', '1/24/2021', 'Researcher'),
('I700776913', 'Creight', 'Trousdale', '11/20/1992', '+509 (376) 211-0001', '6/29/2020', 'Researcher'),
('I700776914', 'Joey', 'Efford', '4/3/1996', '+63 (758) 998-4792', '6/26/2019', 'Researcher'),
('I700776915', 'Dalt', 'Norster', '9/3/1990', '+86 (126) 124-0206', '12/22/2018', 'Researcher'),
('I700776916', 'Loree', 'McLeish', '5/12/1999', '+81 (998) 220-3373', '7/24/2019', 'Researcher'),
('I700776917', 'Evvy', 'Trelease', '7/25/1995', '+62 (291) 135-6765', '7/12/2021', 'Researcher'),
('I700776918', 'Garnette', 'Nockolds', '1/25/1992', '+86 (985) 460-8442', '2/28/2021', 'Researcher'),
('I700776919', 'Pablo', 'De Meis', '3/19/1997', '+216 (765) 611-4096', '6/13/2020', 'Researcher'),
('I700776920', 'Artemis', 'Kunc', '6/13/2006', '+234 (263) 667-5815', '10/26/2020', 'Researcher'),
('I700776921', 'Jedediah', 'Garci', '3/20/1999', '+353 (446) 949-0426', '7/18/2019', 'Researcher'),
('I700776922', 'Henrietta', 'Adamovitz', '7/28/2005', '+963 (897) 101-0533', '5/21/2020', 'Researcher'),
('I700776923', 'Sileas', 'Milmo', '3/24/2009', '+7 (129) 639-3490', '9/15/2020', 'Researcher'),
('I700776924', 'Rachel', 'Rembaud', '3/28/2008', '+55 (541) 656-5881', '8/7/2019', 'Researcher'),
('I700776925', 'Gabbie', 'Huddy', '10/28/1999', '+504 (355) 815-5718', '1/22/2020', 'Researcher'),
('I700776926', 'Scarlet', 'Corley', '8/2/2008', '+972 (618) 533-9564', '11/11/2019', 'Researcher'),
('I700776927', 'Morten', 'Kettel', '1/16/2010', '+62 (168) 155-6079', '9/26/2019', 'Researcher'),
('I700776928', 'Reuven', 'MacPaik', '3/7/2008', '+355 (130) 634-5177', '5/10/2021', 'Researcher');
INSERT INTO `users` (`UserID`, `F_Name`, `L_Name`, `DOB`, `Phone`, `DateCreated`, `UserType`) VALUES
('I700776929', 'Roxie', 'Arnal', '8/1/1996', '+52 (206) 949-3254', '3/28/2019', 'Researcher'),
('I700776930', 'Amelie', 'Sey', '3/24/2006', '+62 (859) 762-6176', '1/11/2021', 'Researcher'),
('I700776931', 'Roberta', 'Bruckstein', '12/29/1993', '+66 (645) 170-5722', '7/10/2021', 'Researcher'),
('I700776932', 'Hall', 'Baggiani', '10/4/2010', '+33 (481) 211-7242', '9/11/2019', 'Researcher'),
('I700776933', 'Doreen', 'Alenikov', '11/26/1999', '+51 (804) 830-2913', '7/28/2021', 'Researcher'),
('I700776934', 'Jewell', 'Bernardot', '10/30/1991', '+62 (243) 522-5062', '11/5/2020', 'Researcher'),
('I700776935', 'Tobe', 'Pearcy', '9/13/1999', '+52 (142) 419-0362', '2/5/2021', 'Researcher'),
('I700776936', 'Dun', 'Cornbell', '5/18/1993', '+389 (708) 218-2770', '3/26/2020', 'Researcher'),
('I700776937', 'Clarita', 'Jeroch', '8/3/2008', '+967 (602) 455-7843', '1/1/2021', 'Researcher'),
('I700776938', 'Gregor', 'Fronek', '9/29/1991', '+216 (943) 204-6256', '6/1/2020', 'Researcher'),
('I700776939', 'Harmony', 'Whitwam', '2/14/2005', '+62 (360) 873-9949', '12/13/2020', 'Researcher'),
('I700776940', 'Wyndham', 'Tonepohl', '2/5/2008', '+86 (753) 844-9499', '3/2/2019', 'Researcher'),
('I700776941', 'Allayne', 'Thornbarrow', '3/23/1993', '+46 (493) 672-1170', '7/8/2019', 'Researcher'),
('I700776942', 'Evie', 'Guillard', '9/15/1999', '+86 (507) 803-3006', '4/30/2019', 'Researcher'),
('I700776943', 'Prue', 'Biddy', '8/5/1994', '+63 (426) 716-9888', '9/16/2019', 'Researcher'),
('I700776944', 'Keriann', 'Lidgertwood', '6/25/2003', '+48 (590) 625-5222', '12/4/2019', 'Researcher'),
('I700776945', 'Matthaeus', 'Adshede', '2/10/1997', '+51 (190) 810-7963', '4/16/2021', 'Researcher'),
('I700776946', 'Rosalinde', 'McCraw', '3/9/1996', '+33 (855) 615-8293', '10/29/2020', 'Researcher'),
('I700776947', 'Ingar', 'Glaisner', '4/21/1998', '+86 (963) 990-3636', '10/12/2019', 'Researcher'),
('I700776948', 'Beniamino', 'Toland', '7/16/1997', '+380 (997) 128-9447', '10/14/2019', 'Researcher'),
('I700776949', 'Quintina', 'Graver', '2/11/2007', '+62 (517) 914-7929', '6/27/2021', 'Researcher'),
('I700776950', 'Smitty', 'Elger', '5/29/1998', '+351 (295) 148-1377', '10/6/2019', 'Researcher'),
('I700776951', 'Chicky', 'Garstan', '10/30/1994', '+86 (211) 748-2095', '8/24/2021', 'Researcher'),
('I700776952', 'Saunder', 'Malcher', '9/8/1992', '+39 (437) 796-4151', '1/17/2021', 'Researcher'),
('I700776953', 'Anallese', 'Gribbon', '2/22/1998', '+62 (799) 770-9885', '3/14/2019', 'Researcher'),
('I700776954', 'Giralda', 'Hedde', '1/8/1998', '+389 (296) 995-4944', '8/27/2021', 'Researcher'),
('I700776955', 'Ameline', 'Boardman', '11/15/1998', '+86 (618) 189-6346', '5/21/2020', 'Researcher'),
('I700776956', 'Alfonse', 'Bostock', '11/15/1992', '+63 (477) 221-5166', '3/25/2019', 'Researcher'),
('I700776957', 'Egan', 'Merlin', '6/24/2002', '+7 (402) 976-5587', '11/20/2018', 'Researcher'),
('I700776958', 'Clareta', 'Keighley', '9/24/2007', '+62 (305) 523-6574', '5/27/2019', 'Researcher'),
('I700776959', 'Donn', 'Parsand', '9/23/1993', '+351 (684) 153-4504', '1/3/2020', 'Researcher'),
('I700776960', 'Kriste', 'Longbone', '1/17/1999', '+970 (160) 319-4377', '7/20/2020', 'Researcher'),
('I700776961', 'Dixie', 'Pilling', '3/1/2007', '+81 (751) 614-6495', '5/16/2021', 'Researcher'),
('I700776962', 'Rebekah', 'Scuse', '4/28/2006', '+86 (319) 171-2252', '4/2/2020', 'Researcher'),
('I700776963', 'Elizabeth', 'Moukes', '10/27/1990', '+63 (588) 217-1027', '5/25/2019', 'Researcher'),
('I700776964', 'Dex', 'Lightoller', '7/27/2009', '+33 (163) 537-4114', '8/6/2020', 'Researcher'),
('I700776965', 'Francoise', 'Leahair', '11/5/1992', '+380 (324) 622-7625', '12/15/2018', 'Researcher'),
('I700776966', 'Irwinn', 'Beccero', '9/29/1996', '+374 (724) 143-2682', '4/8/2020', 'Researcher'),
('I700776967', 'Chrystal', 'Chesman', '3/20/1998', '+81 (604) 627-8602', '4/7/2020', 'Researcher'),
('I700776968', 'Kayley', 'Kirkby', '7/26/1991', '+960 (849) 584-5222', '5/29/2021', 'Researcher'),
('I700776969', 'Hope', 'Goodship', '3/14/1992', '+27 (317) 544-1786', '4/20/2020', 'Researcher'),
('I700776970', 'Alexander', 'Towersey', '5/21/2003', '+380 (395) 350-8328', '10/12/2021', 'Researcher'),
('I700776971', 'Jorrie', 'Beauman', '2/16/1999', '+86 (436) 726-1215', '7/16/2020', 'Researcher'),
('I700776972', 'Abbi', 'Foulks', '10/10/2006', '+86 (932) 888-3224', '1/2/2021', 'Researcher'),
('I700776973', 'Astrix', 'Blonden', '8/29/2004', '+86 (445) 329-4213', '8/14/2019', 'Researcher'),
('I700776974', 'Anthea', 'Simenot', '1/23/2001', '+86 (891) 476-0101', '2/18/2021', 'Researcher'),
('I700776975', 'Nikolas', 'Phippen', '8/17/2010', '+93 (507) 795-4699', '2/6/2021', 'Researcher'),
('I700776976', 'Jackson', 'Tredwell', '3/1/2010', '+48 (709) 330-9406', '2/4/2021', 'Researcher'),
('I700776977', 'Dillie', 'Farlamb', '12/24/1996', '+86 (488) 289-0279', '9/30/2019', 'Researcher'),
('I700776978', 'Viviana', 'Slatter', '1/13/2004', '+374 (197) 380-8564', '8/20/2019', 'Researcher'),
('I700776979', 'Roma', 'Etchingham', '2/17/2005', '+269 (657) 373-7060', '12/15/2018', 'Researcher'),
('I700776980', 'Joann', 'Olczyk', '1/24/1992', '+57 (193) 462-6393', '12/23/2018', 'Researcher'),
('I700776981', 'Raina', 'Annis', '12/2/2009', '+7 (647) 441-2283', '1/20/2019', 'Researcher'),
('I700776982', 'Natala', 'Taaffe', '7/6/2006', '+86 (582) 423-4126', '10/1/2020', 'Researcher'),
('I700776983', 'Man', 'Franzelini', '3/11/2001', '+595 (870) 277-0211', '5/15/2021', 'Researcher'),
('I700776984', 'Gertie', 'Coote', '4/3/1993', '+63 (834) 594-9702', '3/11/2019', 'Researcher'),
('I700776985', 'Hayward', 'Ferrant', '5/26/1999', '+63 (274) 183-9608', '6/22/2019', 'Researcher'),
('I700776986', 'Fleurette', 'Oulner', '9/9/1996', '+351 (572) 263-9910', '2/28/2021', 'Researcher'),
('I700776987', 'Maurizia', 'Plante', '6/11/2006', '+86 (605) 549-7154', '2/9/2019', 'Researcher'),
('I700776988', 'Mickie', 'Grimwad', '7/25/1990', '+55 (317) 346-6197', '5/23/2019', 'Researcher'),
('I700776989', 'Noble', 'Ebunoluwa', '2/2/2004', '+374 (948) 920-7606', '11/16/2019', 'Researcher'),
('I700776990', 'Deana', 'Stivens', '11/12/2002', '+53 (773) 170-3308', '6/26/2019', 'Researcher'),
('I700776991', 'Elmira', 'Twiddy', '3/5/2010', '+66 (608) 175-6498', '2/11/2020', 'Researcher'),
('I700776992', 'Tim', 'Rawe', '11/19/1998', '+63 (907) 898-5764', '10/9/2021', 'Researcher'),
('I700776993', 'Lorrie', 'Butt', '5/23/1996', '+64 (372) 426-2251', '5/28/2020', 'Researcher'),
('I700776994', 'Eb', 'Rivard', '7/10/2000', '+55 (721) 773-3282', '6/20/2021', 'Researcher'),
('I700776995', 'Rip', 'Pyke', '5/9/1999', '+86 (154) 251-4540', '1/30/2020', 'Researcher'),
('I700776996', 'Kristen', 'Ivan', '12/4/2007', '+62 (580) 762-8180', '10/26/2019', 'Researcher'),
('I700776997', 'Hebert', 'Tassell', '3/25/1991', '+351 (106) 991-4973', '5/23/2021', 'Researcher'),
('I700776998', 'Hasheem', 'Pavis', '9/13/1991', '+51 (915) 865-1926', '8/21/2020', 'Researcher'),
('I700776999', 'Annamaria', 'Shoubridge', '4/25/2007', '+62 (889) 652-8335', '11/15/2018', 'Researcher'),
('I700777000', 'Waldo', 'Burris', '11/12/2002', '+353 (539) 686-7949', '11/18/2018', 'Researcher'),
('I700777001', 'Egon', 'Fawloe', '5/22/2000', '+62 (916) 110-8724', '5/22/2020', 'Researcher'),
('I700777002', 'Chrissy', 'Clulow', '8/30/1998', '+86 (398) 951-3739', '9/10/2021', 'Researcher'),
('I700777003', 'Cherlyn', 'Ivanovic', '9/26/1996', '+387 (640) 771-8159', '7/21/2019', 'Researcher'),
('I700777004', 'Terencio', 'Wigan', '10/18/2005', '+34 (630) 502-3741', '10/26/2020', 'Researcher'),
('I700777005', 'Cherish', 'Simons', '3/3/2004', '+269 (393) 844-0607', '8/25/2021', 'Researcher'),
('I700777006', 'Fredelia', 'Shurman', '8/28/2003', '+7 (734) 456-2345', '12/21/2018', 'Researcher'),
('I700777007', 'Sinclare', 'Gollop', '12/4/2003', '+86 (125) 444-4751', '1/24/2020', 'Researcher'),
('I700777008', 'Teena', 'Drackford', '3/15/1999', '+55 (192) 963-1031', '10/26/2020', 'Researcher'),
('I700777009', 'Derry', 'Tolhurst', '10/11/2003', '+7 (790) 628-8811', '10/5/2019', 'Researcher'),
('I700777010', 'Osborn', 'Brelsford', '4/9/1990', '+63 (572) 201-5723', '12/23/2018', 'Researcher'),
('I700777011', 'Cris', 'La Batie', '9/27/2009', '+223 (383) 654-9249', '11/8/2019', 'Researcher'),
('I700777012', 'Bertrand', 'Lindbergh', '11/19/1995', '+30 (607) 763-0122', '5/17/2019', 'Researcher'),
('I700777013', 'Esma', 'Fullun', '10/12/1993', '+7 (776) 286-5218', '11/24/2020', 'Researcher'),
('I700777014', 'Dora', 'Butchart', '8/10/2006', '+212 (993) 681-7590', '5/4/2020', 'Researcher'),
('I700777015', 'Irwinn', 'Stilling', '12/19/2003', '+53 (536) 437-4998', '5/7/2021', 'Researcher'),
('I700777016', 'Ricky', 'Danbi', '12/19/2004', '+86 (798) 367-4642', '3/1/2019', 'Researcher'),
('I700777017', 'Jourdan', 'Heardman', '3/6/1993', '+46 (839) 878-0545', '3/5/2020', 'Researcher'),
('I700777018', 'Ruby', 'Matei', '11/16/2007', '+62 (376) 282-1186', '12/4/2018', 'Researcher'),
('I700777019', 'Morey', 'Stanman', '8/30/1996', '+62 (537) 845-2224', '8/6/2020', 'Researcher'),
('I700777020', 'Federico', 'Bubbear', '2/27/1992', '+86 (998) 904-3098', '4/26/2021', 'Researcher'),
('I700777021', 'Hallie', 'Mintoff', '4/4/2006', '+63 (275) 308-1377', '1/20/2021', 'Researcher'),
('I700777022', 'Pooh', 'Shields', '2/26/2001', '+98 (728) 629-7322', '3/13/2020', 'Researcher'),
('I700777023', 'Clay', 'Chiese', '7/7/2001', '+509 (874) 515-2537', '12/14/2020', 'Researcher'),
('I700777024', 'Nicol', 'Blumire', '9/24/2002', '+33 (679) 531-9494', '9/18/2021', 'Researcher'),
('I700777025', 'Auguste', 'Patrone', '5/3/2008', '+998 (296) 375-7120', '4/30/2019', 'Researcher'),
('I700777026', 'Donovan', 'Huckle', '4/22/2006', '+63 (338) 127-8364', '6/1/2020', 'Researcher'),
('I700777027', 'Georgia', 'Bertholin', '12/2/1991', '+7 (460) 529-2066', '8/24/2021', 'Researcher'),
('I700777028', 'Min', 'Bour', '4/30/2006', '+86 (627) 456-2564', '12/29/2019', 'Researcher'),
('I700777029', 'Jsandye', 'Chiene', '11/12/1996', '+86 (937) 104-3858', '5/16/2020', 'Researcher'),
('I700777030', 'Gael', 'Trundler', '8/13/1991', '+62 (746) 793-7166', '3/16/2021', 'Researcher'),
('I700777031', 'Lay', 'Meiner', '4/30/2004', '+63 (251) 497-1069', '3/22/2020', 'Researcher'),
('I700777032', 'Dwain', 'McTurley', '12/12/1990', '+7 (555) 649-7685', '5/5/2021', 'Researcher'),
('I700777033', 'Terri-jo', 'Newns', '12/25/2008', '+420 (603) 583-1832', '12/19/2019', 'Researcher'),
('I700777034', 'Aldric', 'Wickstead', '10/14/1996', '+86 (299) 229-6622', '8/14/2021', 'Researcher'),
('I700777035', 'Zena', 'Bradley', '11/1/2005', '+1 (386) 148-9133', '5/30/2021', 'Researcher'),
('I700777036', 'Carver', 'Baudouin', '12/19/2002', '+967 (296) 178-1430', '4/7/2020', 'Researcher'),
('I700777037', 'Pebrook', 'Dyerson', '11/9/2005', '+33 (752) 601-7376', '1/15/2019', 'Researcher'),
('I700777038', 'Linnie', 'Jakeman', '8/19/2003', '+420 (510) 657-0515', '8/6/2021', 'Researcher'),
('I700777039', 'Thatcher', 'Lamasna', '9/30/1993', '+598 (733) 207-1229', '8/5/2019', 'Researcher'),
('I700777040', 'Zahara', 'Pencost', '6/12/2000', '+48 (118) 334-7452', '12/6/2018', 'Researcher'),
('I700777041', 'Fonzie', 'Pavolillo', '6/29/1999', '+86 (756) 273-9441', '12/22/2018', 'Researcher'),
('I700777042', 'Clerkclaude', 'Witard', '1/17/1992', '+62 (508) 285-2356', '7/29/2020', 'Researcher'),
('I700777043', 'John', 'Dow', '3/11/2004', '+58 (819) 638-0898', '5/17/2021', 'Researcher'),
('I700777044', 'Janeva', 'Woodman', '4/5/1995', '+7 (956) 571-0070', '11/13/2020', 'Researcher'),
('I700777045', 'Robyn', 'Fowley', '12/16/2007', '+976 (982) 656-2838', '7/1/2021', 'Researcher'),
('I700777046', 'Anna-maria', 'Chancelier', '10/15/1993', '+998 (154) 808-4867', '6/23/2021', 'Researcher'),
('I700777047', 'Torrin', 'Beumant', '4/15/1994', '+57 (315) 815-7860', '11/19/2018', 'Researcher'),
('I700777048', 'Linnie', 'Duny', '8/15/1995', '+1 (230) 891-1711', '8/25/2020', 'Researcher'),
('I700777049', 'Kristian', 'Meakin', '8/7/2004', '+46 (417) 760-8064', '5/16/2020', 'Researcher'),
('I700777050', 'Farica', 'Barthelmes', '6/12/2005', '+1 (812) 895-6979', '3/20/2021', 'Researcher'),
('I700777051', 'Maximilian', 'Rudeforth', '9/22/2002', '+86 (462) 341-8651', '1/25/2020', 'Researcher'),
('I700777052', 'Germain', 'Yetton', '7/25/1994', '+261 (229) 399-7883', '1/11/2020', 'Researcher'),
('I700777053', 'Barnett', 'Pauley', '12/20/1998', '+86 (782) 818-9321', '1/9/2021', 'Researcher'),
('I700777054', 'Antonina', 'Surmeyer', '3/24/2003', '+86 (835) 903-6899', '7/5/2020', 'Researcher'),
('I700777055', 'Deeann', 'Tock', '4/26/2006', '+86 (725) 796-4783', '10/8/2019', 'Researcher'),
('I700777056', 'Astrid', 'Herrema', '3/27/2002', '+7 (268) 209-7286', '2/17/2021', 'Researcher'),
('I700777057', 'Gustav', 'Nerheny', '7/26/1994', '+86 (439) 805-0997', '7/24/2019', 'Researcher'),
('I700777058', 'Barde', 'Sima', '4/4/1996', '+86 (319) 741-3461', '1/7/2020', 'Researcher'),
('I700777059', 'Valentine', 'Fareweather', '6/18/2009', '+63 (228) 561-5581', '3/5/2021', 'Researcher'),
('I700777060', 'Koren', 'Cockle', '12/28/2006', '+993 (414) 817-4185', '1/9/2019', 'Researcher'),
('I700777061', 'Ulrica', 'Pounsett', '5/21/2000', '+86 (718) 736-0740', '3/9/2019', 'Researcher'),
('I700777062', 'Arron', 'Bignal', '10/4/1997', '+351 (258) 376-5735', '7/9/2021', 'Researcher'),
('I700777063', 'Dori', 'Marquiss', '8/21/2009', '+63 (991) 479-2341', '7/12/2021', 'Researcher'),
('I700777064', 'Davida', 'Skippen', '1/14/2004', '+86 (913) 166-7755', '3/15/2020', 'Researcher'),
('I700777065', 'Evelina', 'Martusov', '11/13/1999', '+229 (434) 211-9478', '1/29/2021', 'Researcher'),
('I700777066', 'Janith', 'St. Pierre', '3/28/2010', '+7 (518) 530-2849', '6/29/2020', 'Researcher'),
('I700777067', 'Davine', 'Chaise', '5/20/2002', '+268 (404) 659-5683', '6/17/2020', 'Researcher'),
('I700777068', 'Nicolais', 'Foster-Smith', '5/7/2004', '+86 (109) 503-3662', '3/19/2019', 'Researcher'),
('I700777069', 'Wendy', 'von Hagt', '7/17/2010', '+86 (744) 117-2853', '12/8/2019', 'Researcher'),
('I700777070', 'Norean', 'Cheves', '12/7/2008', '+62 (582) 260-7409', '1/6/2020', 'Researcher'),
('I700777071', 'Joane', 'Legging', '8/1/1997', '+66 (140) 833-0335', '3/31/2021', 'Researcher'),
('I700777072', 'Sully', 'Clementucci', '1/3/2001', '+55 (686) 900-3079', '2/21/2020', 'Researcher'),
('I700777073', 'Rocky', 'Fearns', '6/6/1999', '+30 (566) 944-4859', '7/11/2020', 'Researcher'),
('I700777074', 'Shaylynn', 'Jeger', '8/3/1994', '+92 (206) 257-7087', '1/1/2020', 'Researcher'),
('I700777075', 'Amerigo', 'Phillott', '12/17/2009', '+84 (466) 475-6680', '6/10/2021', 'Researcher'),
('I700777076', 'Kore', 'Strethill', '8/1/2002', '+48 (774) 891-4266', '11/24/2019', 'Researcher'),
('I700777077', 'Konstanze', 'Boys', '12/23/2006', '+66 (444) 924-7802', '5/11/2020', 'Researcher'),
('I700777078', 'Babbie', 'Fache', '9/23/2006', '+57 (397) 626-4724', '11/14/2019', 'Researcher'),
('I700777079', 'Hughie', 'Ianniello', '9/20/2009', '+55 (912) 909-2798', '12/4/2018', 'Researcher'),
('I700777080', 'Layney', 'Fairholme', '3/2/2001', '+86 (448) 445-2558', '4/29/2020', 'Researcher'),
('I700777081', 'Joellyn', 'Kohlert', '6/2/2000', '+51 (590) 991-9785', '1/13/2020', 'Researcher'),
('I700777082', 'Florette', 'Critchell', '11/20/2005', '+86 (779) 425-1234', '4/3/2020', 'Researcher'),
('I700777083', 'Bobbi', 'Ingleby', '12/25/2006', '+39 (371) 801-0736', '5/31/2019', 'Researcher'),
('I700777084', 'Mordy', 'Gerin', '10/10/1995', '+972 (578) 954-2173', '6/4/2021', 'Researcher'),
('I700777085', 'Rabi', 'Swedeland', '5/27/2005', '+7 (860) 936-7361', '10/10/2019', 'Researcher'),
('I700777086', 'Orran', 'Cave', '10/25/1995', '+58 (304) 715-0107', '1/27/2019', 'Researcher'),
('I700777087', 'Waldo', 'Burness', '4/19/2008', '+86 (415) 165-2851', '6/17/2019', 'Researcher'),
('I700777088', 'Eugenio', 'Godar', '3/8/1990', '+1 (448) 366-2872', '8/13/2021', 'Researcher'),
('I700777089', 'Yvor', 'Milmith', '1/7/1999', '+86 (807) 497-9403', '1/12/2020', 'Researcher'),
('I700777090', 'Gerty', 'Toppin', '11/11/2009', '+62 (602) 318-5629', '1/4/2020', 'Researcher'),
('I700777091', 'Hadria', 'Dmytryk', '11/24/1993', '+46 (515) 807-4736', '9/26/2021', 'Researcher'),
('I700777092', 'Leonelle', 'Broschke', '10/15/2007', '+62 (369) 929-1133', '10/23/2018', 'Researcher'),
('I700777093', 'Mort', 'Galloway', '1/3/1991', '+48 (236) 194-8052', '6/17/2019', 'Researcher'),
('I700777094', 'Manfred', 'Robbs', '8/22/2004', '+374 (606) 486-1661', '8/1/2019', 'Researcher'),
('I700777095', 'Jackelyn', 'Magnus', '3/5/1995', '+30 (167) 137-7738', '10/18/2020', 'Researcher'),
('I700777096', 'Urbanus', 'Radage', '7/20/1994', '+86 (895) 764-4522', '9/9/2021', 'Researcher'),
('I700777097', 'Myrtie', 'Colchett', '6/15/1996', '+86 (242) 578-9325', '11/26/2019', 'Researcher'),
('I700777098', 'Christye', 'Stubley', '1/20/1997', '+380 (108) 458-1186', '4/20/2019', 'Researcher'),
('I700777099', 'Valdemar', 'Byway', '1/21/2009', '+63 (346) 407-8144', '12/25/2019', 'Researcher'),
('I700777100', 'Lezley', 'Werendell', '12/12/1991', '+54 (604) 642-5786', '9/25/2019', 'Researcher'),
('I700777101', 'Gertrude', 'Fenty', '11/26/1997', '+86 (958) 974-2694', '4/18/2021', 'Researcher'),
('I700777102', 'Chaddie', 'Corneille', '2/29/2008', '+86 (427) 945-1073', '12/31/2019', 'Researcher'),
('I700777103', 'Mordecai', 'Westrope', '10/28/1990', '+55 (557) 378-3560', '10/11/2021', 'Researcher'),
('I700777104', 'Karel', 'Oppie', '5/25/1993', '+976 (159) 375-1905', '2/6/2020', 'Researcher'),
('I700777105', 'Bondy', 'Hamber', '9/6/2002', '+7 (739) 172-7182', '12/6/2018', 'Researcher'),
('I700777106', 'Deloris', 'Roan', '7/19/2000', '+48 (194) 410-8669', '10/10/2020', 'Researcher'),
('I700777107', 'Gertrude', 'Hamelyn', '11/9/1992', '+86 (975) 285-9595', '5/4/2020', 'Researcher'),
('I700777108', 'Verina', 'Piaggia', '12/5/2003', '+55 (393) 206-4441', '8/6/2019', 'Researcher'),
('I700777109', 'Emelia', 'Huyghe', '4/22/2008', '+63 (897) 677-6504', '10/31/2019', 'Researcher'),
('I700777110', 'Brenden', 'Arni', '9/11/2000', '+86 (184) 197-4534', '3/11/2021', 'Researcher'),
('I700777111', 'Elliott', 'Addington', '6/13/2002', '+249 (790) 226-4221', '5/30/2021', 'Researcher'),
('I700777112', 'Brody', 'Batram', '11/29/2005', '+62 (742) 724-2698', '3/11/2019', 'Researcher'),
('I700777113', 'Roselle', 'Esilmon', '5/2/2007', '+48 (236) 183-3524', '8/5/2019', 'Researcher'),
('I700777114', 'Chiarra', 'Symondson', '9/25/1994', '+389 (144) 187-4631', '7/11/2021', 'Researcher'),
('I700777115', 'Jordon', 'Tompion', '10/6/1994', '+880 (239) 716-2016', '5/3/2021', 'Researcher'),
('I700777116', 'Deedee', 'De la Perrelle', '3/31/1995', '+7 (766) 173-5358', '4/12/2020', 'Researcher'),
('I700777117', 'Webb', 'Davidy', '1/26/1997', '+62 (744) 429-3823', '2/27/2020', 'Researcher'),
('I700777118', 'Shermie', 'Boak', '3/15/2005', '+54 (596) 245-2084', '4/18/2019', 'Researcher'),
('I700777119', 'Karalee', 'Cluelow', '1/21/2005', '+86 (301) 363-6312', '3/15/2019', 'Researcher'),
('I700777120', 'Nani', 'Fulham', '10/30/2003', '+7 (195) 418-0813', '7/27/2019', 'Researcher'),
('I700777121', 'Alden', 'Scawen', '6/27/1991', '+86 (639) 744-1163', '7/27/2020', 'Researcher'),
('I700777122', 'Ainslie', 'Dymock', '7/26/2000', '+7 (728) 647-2303', '1/25/2020', 'Researcher'),
('I700777123', 'Ritchie', 'Serotsky', '9/15/2009', '+62 (753) 691-2733', '3/9/2019', 'Researcher'),
('I700777124', 'Xena', 'MacShane', '12/14/1995', '+86 (526) 888-6698', '5/30/2020', 'Researcher'),
('I700777125', 'Louise', 'Spencers', '6/13/1992', '+375 (392) 213-6529', '6/7/2021', 'Researcher'),
('I700777126', 'Gussy', 'Whitter', '5/15/1992', '+380 (358) 433-4856', '2/23/2019', 'Researcher'),
('I700777127', 'Armando', 'Flori', '1/26/2002', '+63 (360) 160-4180', '1/18/2019', 'Researcher'),
('I700777128', 'Reeba', 'Finlator', '2/25/2003', '+351 (868) 572-5176', '1/18/2020', 'Researcher'),
('I700777129', 'Debbi', 'Hekkert', '5/22/2008', '+48 (936) 557-7283', '11/12/2020', 'Researcher'),
('I700777130', 'Desmond', 'Volcker', '2/20/1999', '+62 (178) 901-4991', '1/3/2019', 'Researcher'),
('I700777131', 'Antonius', 'Andrzejczak', '10/11/2000', '+359 (520) 177-4360', '1/23/2021', 'Researcher'),
('I700777132', 'Nora', 'Alishoner', '11/25/2000', '+255 (665) 808-4729', '7/23/2019', 'Researcher'),
('I700777133', 'Alene', 'Brea', '5/25/2008', '+55 (799) 520-0227', '11/13/2019', 'Researcher'),
('I700777134', 'Terencio', 'Snarr', '4/21/2007', '+57 (390) 502-7913', '5/26/2019', 'Researcher'),
('I700777135', 'Leonelle', 'Wotherspoon', '8/31/2000', '+1 (652) 800-9518', '6/4/2020', 'Researcher'),
('I700777136', 'Fidelia', 'Campling', '6/8/2006', '+86 (119) 817-8585', '1/22/2020', 'Researcher'),
('I700777137', 'Lillian', 'Cereceres', '3/11/1996', '+27 (911) 172-0602', '1/28/2019', 'Researcher'),
('I700777138', 'Amandie', 'Abramsky', '7/15/2010', '+86 (974) 301-9475', '5/10/2019', 'Researcher'),
('I700777139', 'Tye', 'Keelin', '11/25/2002', '+46 (725) 496-2481', '10/27/2018', 'Researcher'),
('I700777140', 'Felicia', 'Dibner', '12/10/1992', '+63 (251) 888-3247', '12/3/2019', 'Researcher'),
('I700777141', 'Marlin', 'Munning', '12/20/2005', '+93 (460) 509-5246', '9/27/2020', 'Researcher'),
('I700777142', 'Hedi', 'Born', '8/22/2000', '+51 (557) 978-3655', '2/16/2020', 'Researcher'),
('I700777143', 'Cindie', 'Meltetal', '2/27/2005', '+48 (697) 248-0680', '5/31/2020', 'Researcher'),
('I700777144', 'Kerry', 'Clue', '1/11/2010', '+57 (981) 932-7601', '1/11/2019', 'Researcher'),
('I700777145', 'Donna', 'Paladino', '7/3/2005', '+351 (674) 773-5238', '1/18/2021', 'Researcher'),
('I700777146', 'Evey', 'Dakers', '2/28/2007', '+7 (341) 966-1256', '10/5/2021', 'Researcher'),
('I700777147', 'Stevy', 'Pauluzzi', '3/28/1994', '+63 (871) 798-9048', '8/31/2020', 'Researcher'),
('I700777148', 'Camel', 'Rikard', '10/10/1990', '+33 (517) 899-0268', '10/5/2019', 'Researcher'),
('I700777149', 'Darryl', 'Itzkov', '6/1/1991', '+62 (703) 604-4848', '9/7/2019', 'Researcher'),
('I700777150', 'Elmo', 'Bardnam', '7/6/2006', '+234 (982) 209-8166', '12/27/2018', 'Researcher'),
('I700777151', 'Maggie', 'Martinat', '8/20/1994', '+62 (693) 819-9466', '1/6/2021', 'Researcher'),
('I700777152', 'Jasmina', 'Goreway', '12/27/2005', '+86 (680) 102-5192', '12/1/2018', 'Researcher'),
('I700777153', 'Amalea', 'Stranieri', '8/1/2010', '+62 (728) 919-1379', '6/1/2019', 'Researcher'),
('I700777154', 'Bastien', 'Romero', '5/5/2004', '+33 (667) 444-8596', '3/14/2020', 'Researcher'),
('I700777155', 'Stefania', 'Swepson', '8/22/2001', '+55 (114) 686-2180', '2/5/2020', 'Researcher'),
('I700777156', 'Kaitlin', 'Gorden', '10/4/1990', '+86 (695) 968-3899', '9/7/2019', 'Researcher'),
('I700777157', 'Norina', 'Hablot', '9/5/2002', '+55 (559) 213-0060', '6/18/2019', 'Researcher'),
('I700777158', 'Egan', 'Pele', '10/22/2006', '+33 (721) 270-0545', '7/4/2019', 'Researcher'),
('I700777159', 'Margo', 'Peckham', '5/14/1995', '+358 (247) 353-0814', '12/30/2018', 'Researcher'),
('I700777160', 'Michele', 'Deerr', '11/24/1998', '+7 (540) 390-3852', '6/19/2019', 'Researcher'),
('I700777161', 'Adamo', 'Syddon', '4/4/1992', '+86 (247) 583-3941', '2/11/2021', 'Researcher'),
('I700777162', 'Gaile', 'Mitcham', '9/5/2010', '+387 (284) 659-0431', '4/1/2019', 'Researcher'),
('I700777163', 'Zack', 'Rominov', '7/23/1996', '+86 (131) 508-2624', '2/23/2019', 'Researcher'),
('I700777164', 'Clayborn', 'Lawless', '1/28/2008', '+63 (867) 746-8243', '3/6/2021', 'Researcher'),
('I700777165', 'Dickie', 'Murricanes', '5/5/1994', '+86 (310) 835-7657', '1/3/2020', 'Researcher'),
('I700777166', 'Abraham', 'Wheal', '10/15/2001', '+351 (781) 317-2035', '8/24/2021', 'Researcher'),
('I700777167', 'Saunder', 'Grisdale', '10/25/2008', '+593 (513) 438-7881', '8/21/2019', 'Researcher'),
('I700777168', 'Gaylor', 'Aleksich', '3/15/1991', '+56 (954) 433-8621', '4/1/2019', 'Researcher'),
('I700777169', 'Cacilie', 'Iskower', '1/7/1995', '+86 (796) 241-7416', '8/16/2020', 'Researcher'),
('I700777170', 'Leonerd', 'Valerio', '7/26/2003', '+351 (932) 413-0190', '9/2/2019', 'Researcher'),
('I700777171', 'Liane', 'Barensky', '4/13/2007', '+55 (184) 407-4800', '9/22/2021', 'Researcher'),
('I700777172', 'Alysia', 'Peert', '9/17/1996', '+63 (231) 550-7866', '8/15/2021', 'Researcher'),
('I700777173', 'Maryl', 'Heard', '4/11/2008', '+1 (816) 795-8970', '7/11/2020', 'Researcher'),
('I700777174', 'Nanine', 'Endle', '9/14/2003', '+263 (955) 469-0704', '10/1/2021', 'Researcher'),
('I700777175', 'Arin', 'Baseley', '5/8/1991', '+27 (774) 721-1438', '4/18/2021', 'Researcher'),
('I700777176', 'Jaclyn', 'M\'cowis', '12/26/1993', '+55 (346) 305-7175', '7/28/2021', 'Researcher'),
('I700777177', 'Jaquenetta', 'Philippault', '9/9/2006', '+420 (109) 166-9310', '7/4/2021', 'Researcher'),
('I700777178', 'Jecho', 'Klisch', '9/4/2007', '+7 (258) 935-7327', '1/15/2019', 'Researcher'),
('I700777179', 'Kimbra', 'Bouch', '11/7/2002', '+30 (343) 444-2410', '5/27/2020', 'Researcher'),
('I700777180', 'Claresta', 'Place', '7/5/1994', '+380 (832) 301-4435', '11/5/2019', 'Researcher'),
('I700777181', 'Calla', 'Gabotti', '10/26/2007', '+86 (884) 724-7481', '11/25/2020', 'Researcher'),
('I700777182', 'Ted', 'Bellham', '10/24/2006', '+47 (748) 433-1427', '9/23/2020', 'Researcher'),
('I700777183', 'Lenette', 'Anstead', '4/12/1991', '+46 (501) 299-4443', '10/10/2020', 'Researcher'),
('I700777184', 'Lauren', 'Eloy', '8/7/1995', '+351 (502) 357-3137', '11/4/2019', 'Researcher'),
('I700777185', 'Ranna', 'McLeary', '10/5/2005', '+86 (859) 202-6281', '11/10/2018', 'Researcher'),
('I700777186', 'Claudine', 'Collocott', '12/8/2005', '+33 (325) 899-1106', '8/1/2019', 'Researcher'),
('I700777187', 'Donnamarie', 'Weddell', '12/15/1992', '+62 (110) 637-5465', '12/26/2020', 'Researcher'),
('I700777188', 'Amandie', 'Barhams', '12/28/2007', '+46 (887) 794-5156', '8/1/2020', 'Researcher'),
('I700777189', 'Nap', 'Kinghorne', '5/9/2005', '+359 (776) 806-4098', '7/11/2020', 'Researcher'),
('I700777190', 'Joli', 'Rapaport', '3/16/2008', '+33 (688) 579-3658', '10/27/2019', 'Researcher'),
('I700777191', 'Sheri', 'Glowacki', '5/14/2005', '+86 (376) 660-5463', '3/11/2021', 'Researcher'),
('I700777192', 'Mavra', 'Birtwell', '3/14/1998', '+86 (736) 299-8568', '12/18/2018', 'Researcher'),
('I700777193', 'Muriel', 'Simmgen', '6/16/2010', '+63 (510) 182-3203', '1/14/2021', 'Researcher'),
('I700777194', 'Kaile', 'Harome', '6/27/2006', '+385 (249) 372-4913', '11/5/2019', 'Researcher'),
('I700777195', 'Bordy', 'Bettleson', '6/23/2003', '+381 (226) 813-5577', '10/7/2019', 'Researcher'),
('I700777196', 'Marcellina', 'Rentalll', '5/6/2007', '+62 (345) 602-1953', '4/9/2019', 'Researcher'),
('I700777197', 'Salem', 'Velte', '6/15/2004', '+86 (122) 559-3751', '4/12/2021', 'Researcher'),
('I700777198', 'Brian', 'Pratton', '8/29/1998', '+995 (497) 424-6799', '6/18/2019', 'Researcher'),
('I700777199', 'Hodge', 'Stollmeier', '11/18/1991', '+62 (345) 853-5218', '12/17/2019', 'Researcher'),
('I700777200', 'Danica', 'Mullineux', '11/25/2005', '+62 (331) 644-2223', '2/1/2021', 'Researcher'),
('I700777201', 'Burch', 'Munn', '12/2/2003', '+86 (269) 766-0714', '3/24/2021', 'Researcher'),
('I700777202', 'Maximilianus', 'Latchmore', '10/21/1993', '+975 (257) 251-1576', '10/30/2018', 'Researcher'),
('I700777203', 'Robyn', 'Howorth', '12/30/1992', '+351 (405) 928-5341', '11/10/2018', 'Researcher'),
('I700777204', 'Florina', 'Runcieman', '10/31/2007', '+63 (454) 588-4690', '4/26/2021', 'Researcher'),
('I700777205', 'Cynthy', 'Kivelle', '3/2/2008', '+86 (896) 728-8638', '1/3/2019', 'Researcher'),
('I700777206', 'Edwina', 'Vlach', '9/6/1991', '+33 (499) 714-5894', '10/6/2021', 'Researcher'),
('I700777207', 'Garrek', 'Allwood', '8/26/2003', '+212 (964) 845-0227', '12/2/2018', 'Researcher'),
('I700777208', 'Carmina', 'Viger', '1/5/2002', '+92 (171) 591-9603', '11/17/2018', 'Researcher'),
('I700777209', 'Royal', 'Djurdjevic', '4/11/1993', '+62 (699) 110-5296', '8/26/2021', 'Researcher'),
('I700777210', 'Sophronia', 'Dumphries', '6/24/2005', '+39 (399) 765-0031', '6/6/2019', 'Researcher'),
('I700777211', 'Hardy', 'Everleigh', '9/16/1995', '+62 (716) 646-8690', '8/7/2021', 'Researcher'),
('I700777212', 'Carol-jean', 'Gulleford', '8/9/1991', '+63 (567) 216-0914', '1/6/2021', 'Researcher'),
('I700777213', 'Miguel', 'Hunte', '6/9/1998', '+351 (923) 346-2806', '10/25/2018', 'Researcher'),
('I700777214', 'Shelbi', 'Adam', '10/31/1998', '+967 (872) 214-7633', '5/26/2020', 'Researcher'),
('I700777215', 'Alasteir', 'Pitts', '4/18/1995', '+380 (840) 119-5524', '11/26/2018', 'Researcher'),
('I700777216', 'Ethelyn', 'Mora', '8/15/2009', '+86 (631) 209-5621', '8/25/2019', 'Researcher'),
('I700777217', 'Arlette', 'Danilin', '6/27/2002', '+351 (479) 224-5892', '12/30/2020', 'Researcher'),
('I700777218', 'Maryanna', 'Stearnes', '7/3/1992', '+27 (137) 596-3431', '12/31/2020', 'Researcher'),
('I700777219', 'Duncan', 'Wainer', '2/12/1992', '+30 (495) 914-5700', '3/29/2020', 'Researcher'),
('I700777220', 'Towney', 'Andrieux', '8/22/2010', '+7 (583) 874-2118', '4/30/2020', 'Researcher'),
('I700777221', 'Romonda', 'Gerardot', '7/17/2008', '+86 (839) 825-2812', '10/20/2020', 'Researcher'),
('I700777222', 'Evy', 'Syne', '11/5/2008', '+62 (774) 412-2529', '10/21/2019', 'Researcher'),
('I700777223', 'Sebastiano', 'Gaskal', '10/1/1990', '+358 (379) 712-5555', '5/16/2021', 'Researcher'),
('I700777224', 'Veda', 'McEnteggart', '10/26/2009', '+48 (462) 624-3490', '5/28/2020', 'Researcher'),
('I700777225', 'Herold', 'Lardez', '6/22/2010', '+55 (793) 977-8259', '8/23/2020', 'Researcher'),
('I700777226', 'Hamel', 'Minnock', '6/23/2005', '+240 (454) 903-5629', '11/29/2020', 'Researcher'),
('I700777227', 'Sully', 'Fenna', '8/12/2009', '+351 (568) 494-9581', '12/1/2018', 'Researcher'),
('I700777228', 'Natal', 'Dyott', '9/15/1991', '+1 (330) 394-7125', '3/7/2019', 'Researcher'),
('I700777229', 'Floria', 'Flipek', '8/19/1990', '+351 (892) 473-0699', '11/17/2019', 'Researcher'),
('I700777230', 'Ros', 'Stonebanks', '1/21/2005', '+86 (138) 543-6159', '8/16/2020', 'Researcher'),
('I700777231', 'Jacynth', 'Conti', '4/24/2001', '+48 (529) 856-8995', '3/7/2021', 'Researcher'),
('I700777232', 'Renie', 'Zimmermeister', '7/31/1991', '+7 (197) 478-1969', '3/30/2020', 'Researcher'),
('I700777233', 'Matt', 'Hawkyens', '4/30/2000', '+86 (731) 519-0779', '8/11/2019', 'Researcher'),
('I700777234', 'Lilia', 'Coller', '11/13/1992', '+52 (452) 858-4983', '12/9/2019', 'Researcher'),
('I700777235', 'Robinet', 'Ashburne', '7/25/2000', '+86 (302) 180-2061', '4/17/2019', 'Researcher'),
('I700777236', 'Gerrilee', 'Hearle', '11/22/2001', '+1 (608) 896-6862', '2/14/2019', 'Researcher'),
('I700777237', 'Consuela', 'Michelin', '3/17/2005', '+86 (463) 988-2780', '12/8/2018', 'Researcher'),
('I700777238', 'Kelila', 'Gatcliff', '9/2/1995', '+33 (655) 294-4536', '1/14/2019', 'Researcher'),
('I700777239', 'Betteanne', 'Dumsday', '11/29/2002', '+62 (689) 639-6008', '7/6/2021', 'Researcher'),
('I700777240', 'Grete', 'Reinisch', '4/13/2001', '+63 (375) 950-7178', '12/21/2019', 'Researcher'),
('I700777241', 'Prisca', 'Wherry', '3/7/1995', '+996 (989) 959-9864', '1/22/2021', 'Researcher'),
('I700777242', 'Garik', 'Osbidston', '3/9/2005', '+47 (516) 266-3779', '1/13/2021', 'Researcher'),
('I700777243', 'Curran', 'Jerams', '1/1/1991', '+60 (711) 863-5808', '12/1/2020', 'Researcher'),
('I700777244', 'Janet', 'Pattie', '9/28/1991', '+31 (149) 540-6513', '7/12/2021', 'Researcher'),
('I700777245', 'Budd', 'Josephy', '7/17/1998', '+86 (877) 720-6087', '8/28/2019', 'Researcher'),
('I700777246', 'Pennie', 'Shingler', '3/19/1996', '+46 (262) 175-3007', '6/11/2021', 'Researcher'),
('I700777247', 'Shaun', 'Petchell', '9/12/1995', '+49 (219) 149-8467', '4/26/2019', 'Researcher'),
('I700777248', 'Ynes', 'Eberdt', '7/24/1991', '+86 (110) 102-8587', '10/28/2019', 'Researcher'),
('I700777249', 'Andee', 'Veivers', '8/14/2001', '+371 (670) 574-5281', '2/9/2019', 'Researcher'),
('I700777250', 'Clifford', 'Glasman', '7/20/1995', '+56 (533) 684-4668', '7/31/2020', 'Researcher'),
('I700777251', 'Goran', 'Dobkin', '12/31/1996', '+375 (781) 854-1703', '4/23/2020', 'Researcher'),
('I700777252', 'Xavier', 'Godly', '3/14/1996', '+62 (660) 509-7932', '5/7/2020', 'Researcher'),
('I700777253', 'Charisse', 'Bolver', '1/10/1996', '+62 (270) 620-1924', '12/24/2019', 'Researcher'),
('I700777254', 'Alfred', 'Fellgate', '6/25/2000', '+86 (585) 575-3884', '2/7/2021', 'Researcher'),
('I700777255', 'Valera', 'Dunne', '1/10/2002', '+358 (592) 321-5151', '10/27/2019', 'Researcher'),
('I700777256', 'Karia', 'Derisly', '3/30/2007', '+238 (166) 966-4845', '7/21/2021', 'Researcher'),
('I700777257', 'Fee', 'Cromwell', '7/26/1996', '+84 (649) 315-0293', '12/9/2019', 'Researcher'),
('I700777258', 'Townsend', 'Firmage', '4/3/1992', '+63 (461) 503-1647', '9/16/2019', 'Researcher'),
('I700777259', 'Irvine', 'Endle', '6/1/1999', '+86 (790) 339-7562', '7/6/2020', 'Researcher'),
('I700777260', 'Solomon', 'Forkan', '5/4/1994', '+7 (468) 474-6950', '2/8/2021', 'Researcher'),
('I700777261', 'Morty', 'Mechic', '12/29/1995', '+55 (808) 667-1096', '7/29/2021', 'Researcher'),
('I700777262', 'Roscoe', 'Ferier', '12/9/2009', '+62 (829) 608-7521', '11/4/2018', 'Researcher'),
('I700777263', 'Cole', 'Mulleary', '11/25/1996', '+963 (480) 702-9745', '2/14/2020', 'Researcher'),
('I700777264', 'Judd', 'Dunkirk', '1/2/2004', '+244 (816) 599-9870', '12/9/2019', 'Researcher'),
('I700777265', 'Erek', 'Franey', '5/21/1995', '+34 (918) 259-4212', '3/4/2021', 'Researcher'),
('I700777266', 'Willamina', 'Lerner', '8/10/1997', '+86 (848) 801-8023', '7/17/2019', 'Researcher'),
('I700777267', 'Ariadne', 'Haresnaip', '3/6/2010', '+47 (648) 979-0558', '8/22/2020', 'Researcher'),
('I700777268', 'Dorian', 'Kingwell', '11/1/1993', '+48 (811) 359-9344', '7/17/2019', 'Researcher'),
('I700777269', 'Calvin', 'Estcourt', '10/15/2000', '+62 (319) 910-8513', '8/28/2020', 'Researcher'),
('I700777270', 'Sarina', 'Storry', '2/19/1998', '+86 (297) 687-4352', '6/1/2021', 'Researcher'),
('I700777271', 'Doti', 'Jansson', '5/26/1995', '+63 (390) 258-5595', '3/15/2020', 'Researcher'),
('I700777272', 'Trudy', 'Schwier', '3/3/1994', '+7 (225) 152-7433', '3/26/2019', 'Researcher'),
('I700777273', 'Land', 'Lowensohn', '11/26/1993', '+591 (163) 128-6252', '3/24/2019', 'Researcher'),
('I700777274', 'Lorelle', 'Cowpe', '1/26/2009', '+54 (586) 159-4784', '12/31/2018', 'Researcher'),
('I700777275', 'Bevan', 'Foot', '7/13/2002', '+86 (718) 187-7084', '6/30/2019', 'Researcher'),
('I700777276', 'Rod', 'Rummery', '11/8/2001', '+47 (712) 341-1374', '9/24/2020', 'Researcher'),
('I700777277', 'Cynthia', 'Gallear', '10/30/2005', '+86 (775) 920-4132', '1/25/2021', 'Researcher'),
('I700777278', 'Charmian', 'Greves', '10/7/2004', '+86 (278) 670-5751', '2/21/2020', 'Researcher'),
('I700777279', 'Webb', 'Dies', '9/16/1992', '+48 (156) 592-7309', '12/12/2019', 'Researcher'),
('I700777280', 'Pepe', 'Pargent', '6/15/2001', '+81 (779) 393-6788', '6/1/2021', 'Researcher'),
('I700777281', 'Marisa', 'Medcalf', '10/14/1994', '+86 (974) 975-5608', '9/24/2019', 'Researcher'),
('I700777282', 'Hestia', 'Laidler', '8/10/2008', '+62 (474) 989-3356', '10/17/2019', 'Researcher'),
('I700777283', 'Carlynne', 'Meeks', '11/27/2000', '+57 (468) 988-9343', '4/7/2020', 'Researcher'),
('I700777284', 'Talbert', 'McGannon', '3/8/2002', '+54 (405) 877-8462', '1/9/2021', 'Researcher'),
('I700777285', 'Bryan', 'Denes', '8/12/1996', '+63 (459) 352-7306', '5/22/2021', 'Researcher'),
('I700777286', 'Abner', 'Courteney', '7/3/1995', '+7 (402) 642-3046', '12/15/2018', 'Researcher'),
('I700777287', 'Davina', 'McDougle', '2/27/2007', '+86 (268) 959-0315', '5/29/2019', 'Researcher'),
('I700777288', 'Nicolis', 'Hosier', '5/16/2010', '+7 (850) 104-8767', '1/27/2020', 'Researcher'),
('I700777289', 'Aaren', 'MacFayden', '11/12/1997', '+93 (692) 125-5354', '4/22/2020', 'Researcher'),
('I700777290', 'Ethyl', 'Tomich', '12/3/1992', '+1 (682) 321-9838', '3/5/2019', 'Researcher'),
('I700777291', 'Darcy', 'Grahl', '8/11/1999', '+994 (217) 307-8338', '9/14/2021', 'Researcher'),
('I700777292', 'Jaquenette', 'Armin', '7/24/2008', '+86 (450) 696-7839', '2/18/2021', 'Researcher'),
('I700777293', 'Cammy', 'Beams', '8/10/2000', '+54 (953) 326-4100', '9/11/2021', 'Researcher'),
('I700777294', 'Tobias', 'Antonich', '11/20/2000', '+55 (286) 620-9270', '7/28/2019', 'Researcher'),
('I700777295', 'Haley', 'Cardinal', '6/10/2001', '+1 (768) 424-7105', '6/8/2020', 'Researcher'),
('I700777296', 'Erena', 'McGeaney', '2/18/2002', '+51 (597) 575-8318', '10/6/2020', 'Researcher'),
('I700777297', 'Aurilia', 'Beardsdale', '3/21/2007', '+63 (381) 100-2179', '9/14/2021', 'Researcher'),
('I700777298', 'Cecelia', 'Inwood', '10/19/1992', '+255 (350) 617-7494', '3/29/2021', 'Researcher'),
('I700777299', 'Isiahi', 'MacCurtain', '11/6/2003', '+86 (746) 688-1488', '2/27/2021', 'Researcher'),
('I700777300', 'Vyky', 'Ailward', '2/10/2010', '+63 (367) 601-4634', '7/30/2020', 'Researcher'),
('I700777301', 'Reggis', 'Whybrow', '6/28/2001', '+86 (767) 644-0630', '6/13/2019', 'Researcher'),
('I700777302', 'Rudolfo', 'Tuminelli', '1/5/1999', '+66 (602) 145-2092', '4/26/2021', 'Researcher'),
('I700777303', 'Melantha', 'Cisneros', '10/12/2003', '+351 (927) 191-1886', '11/26/2020', 'Researcher'),
('I700777304', 'Kati', 'Constantinou', '7/31/2008', '+86 (189) 975-5423', '2/14/2020', 'Researcher'),
('I700777305', 'Pandora', 'Breeze', '11/10/1996', '+86 (695) 146-1375', '5/20/2021', 'Researcher'),
('I700777306', 'Barn', 'Hryskiewicz', '6/24/2010', '+86 (545) 392-0324', '10/12/2020', 'Researcher'),
('I700777307', 'Pete', 'Truce', '2/8/2006', '+86 (283) 291-4569', '4/4/2020', 'Researcher'),
('I700777308', 'Eloise', 'Petr', '11/21/1993', '+1 (216) 296-7485', '8/9/2020', 'Researcher'),
('I700777309', 'Willow', 'Mose', '6/8/2007', '+62 (313) 561-3420', '2/5/2020', 'Researcher'),
('I700777310', 'Oby', 'Barns', '10/17/2006', '+48 (125) 348-4795', '2/21/2019', 'Researcher'),
('I700777311', 'Pauly', 'Woodhams', '2/23/1994', '+86 (201) 391-8109', '7/13/2019', 'Researcher'),
('I700777312', 'Elvin', 'Labat', '4/6/2000', '+7 (662) 116-7336', '9/25/2021', 'Researcher'),
('I700777313', 'Verge', 'Wortley', '11/28/1990', '+86 (809) 746-2306', '12/9/2019', 'Researcher'),
('I700777314', 'Susi', 'Leroux', '5/2/2009', '+81 (593) 996-5019', '9/28/2020', 'Researcher'),
('I700777315', 'Athena', 'Papaccio', '12/7/1997', '+7 (682) 258-7182', '9/20/2021', 'Researcher'),
('I700777316', 'Sanson', 'Bartosch', '7/23/2009', '+81 (410) 592-0110', '11/18/2018', 'Researcher'),
('I700777317', 'Trumann', 'Grayling', '5/3/1999', '+995 (147) 655-3971', '7/13/2020', 'Researcher'),
('I700777318', 'Abe', 'Grovier', '10/17/2010', '+52 (883) 117-9778', '1/8/2020', 'Researcher'),
('I700777319', 'Erin', 'Cullimore', '1/24/2010', '+81 (305) 292-5584', '9/26/2019', 'Researcher'),
('I700777320', 'Hillie', 'Cyson', '5/26/2009', '+61 (960) 253-8782', '3/26/2021', 'Researcher'),
('I700777321', 'Howie', 'Haily', '8/22/1991', '+63 (246) 186-3310', '10/22/2018', 'Researcher'),
('I700777322', 'Homerus', 'Kiss', '3/3/1992', '+234 (989) 972-2346', '5/18/2021', 'Researcher'),
('I700777323', 'Bartolemo', 'Northridge', '10/13/2000', '+62 (470) 111-9979', '3/25/2021', 'Researcher'),
('I700777324', 'Jeanelle', 'Jollands', '9/6/2010', '+55 (343) 967-8560', '10/23/2019', 'Researcher'),
('I700777325', 'Ethyl', 'Bassill', '1/23/2010', '+62 (314) 487-7699', '8/19/2019', 'Researcher'),
('I700777326', 'Yorgos', 'Farland', '5/2/1997', '+86 (589) 681-0511', '10/26/2019', 'Researcher'),
('I700777327', 'Tobin', 'Bold', '1/20/2007', '+353 (399) 751-7360', '9/17/2020', 'Researcher'),
('I700777328', 'Cathi', 'Morten', '9/5/1992', '+7 (901) 573-3664', '6/11/2021', 'Researcher'),
('I700777329', 'Marinna', 'Sidsaff', '4/23/1995', '+63 (940) 955-4409', '6/5/2019', 'Researcher'),
('I700777330', 'Derk', 'Ivanchin', '6/11/2001', '+52 (327) 522-6674', '7/5/2021', 'Researcher'),
('I700777331', 'Tybie', 'Flageul', '1/12/1993', '+7 (360) 572-2553', '8/30/2021', 'Researcher'),
('I700777332', 'Yale', 'Matejic', '9/25/1994', '+81 (598) 651-7348', '7/7/2019', 'Researcher'),
('I700777333', 'Carlina', 'Kernar', '1/8/1993', '+55 (934) 582-7290', '9/1/2020', 'Researcher'),
('I700777334', 'Benito', 'Ricart', '7/8/1997', '+7 (569) 458-5189', '4/25/2021', 'Researcher'),
('I700777335', 'Chen', 'Dymick', '1/21/1990', '+33 (701) 656-5122', '12/31/2019', 'Researcher'),
('I700777336', 'Berty', 'Grubb', '7/30/2000', '+57 (661) 324-3398', '11/8/2020', 'Researcher'),
('I700777337', 'Dorena', 'Handy', '6/4/2004', '+86 (751) 922-9899', '12/27/2020', 'Researcher'),
('I700777338', 'Chaim', 'Dodds', '11/29/2001', '+33 (460) 863-6682', '7/23/2021', 'Researcher'),
('I700777339', 'Alla', 'Deare', '1/31/1997', '+86 (819) 907-7043', '11/12/2018', 'Researcher'),
('I700777340', 'Kale', 'Leil', '1/9/1992', '+48 (283) 992-8881', '10/18/2020', 'Researcher'),
('I700777341', 'Kelila', 'Mac', '5/21/1992', '+63 (304) 854-4477', '11/20/2019', 'Researcher'),
('I700777342', 'Nydia', 'Dymick', '3/14/2010', '+62 (832) 948-9540', '7/14/2020', 'Researcher'),
('I700777343', 'Frederico', 'McKimm', '1/20/2005', '+30 (904) 332-9514', '6/2/2021', 'Researcher'),
('I700777344', 'Val', 'Lauritsen', '10/17/1998', '+58 (292) 597-1577', '1/26/2019', 'Researcher'),
('I700777345', 'Cindra', 'McCaskill', '8/22/2009', '+880 (213) 627-7054', '3/28/2020', 'Researcher'),
('I700777346', 'Tyler', 'Jeays', '6/11/1992', '+230 (617) 473-7304', '3/30/2019', 'Researcher'),
('I700777347', 'Lynnelle', 'Naish', '10/29/1993', '+353 (729) 368-1794', '11/3/2020', 'Researcher'),
('I700777348', 'Alene', 'Winney', '6/21/1990', '+86 (217) 581-6821', '11/1/2018', 'Researcher'),
('I700777349', 'Tybalt', 'Smissen', '8/16/2008', '+57 (232) 705-5122', '9/4/2021', 'Researcher'),
('I700777350', 'Rosemonde', 'Espin', '4/21/1994', '+63 (565) 443-1593', '3/27/2021', 'Researcher'),
('I700777351', 'Moses', 'Rollings', '6/28/1997', '+84 (129) 849-1978', '4/2/2020', 'Researcher'),
('I700777352', 'Haroun', 'Wolpert', '5/3/2007', '+55 (584) 803-9186', '2/19/2020', 'Researcher'),
('I700777353', 'Clari', 'Wrangle', '7/11/1997', '+33 (754) 968-2857', '2/18/2019', 'Researcher'),
('I700777354', 'Chrysler', 'Celes', '2/24/1999', '+62 (248) 859-9806', '1/26/2019', 'Researcher'),
('I700777355', 'Marcy', 'Affleck', '11/25/2006', '+595 (149) 937-6007', '10/11/2019', 'Researcher'),
('I700777356', 'Vincenz', 'Plowes', '7/3/1993', '+66 (229) 853-9205', '6/25/2019', 'Researcher'),
('I700777357', 'Derrek', 'Gull', '4/27/2002', '+86 (278) 174-6468', '11/3/2020', 'Researcher'),
('I700777358', 'Mellisent', 'McNeish', '5/31/1999', '+86 (887) 943-8562', '10/19/2020', 'Researcher'),
('I700777359', 'Roxie', 'Dawid', '9/8/1992', '+62 (555) 873-3262', '6/27/2019', 'Researcher'),
('I700777360', 'Alameda', 'Howard', '5/10/2010', '+86 (231) 575-9652', '8/13/2021', 'Researcher'),
('I700777361', 'Whittaker', 'Dagless', '2/23/1994', '+55 (678) 904-1330', '11/7/2019', 'Researcher'),
('I700777362', 'Thorny', 'Pinnock', '12/2/1997', '+7 (912) 753-9342', '11/20/2020', 'Researcher'),
('I700777363', 'Malchy', 'Slowan', '7/22/1993', '+351 (677) 450-4061', '5/8/2020', 'Researcher'),
('I700777364', 'Harmonia', 'Boughton', '5/3/2001', '+420 (336) 814-0104', '2/24/2020', 'Researcher'),
('I700777365', 'Nataline', 'Gontier', '12/30/2005', '+86 (697) 906-5875', '6/10/2021', 'Researcher'),
('I700777366', 'Arley', 'Bricklebank', '1/19/1996', '+7 (590) 835-5406', '2/12/2020', 'Researcher'),
('I700777367', 'Dari', 'Serman', '6/30/1998', '+46 (216) 325-0764', '2/5/2020', 'Researcher'),
('I700777368', 'Sibella', 'Heisham', '4/29/1999', '+58 (155) 374-3412', '6/16/2021', 'Researcher'),
('I700777369', 'Lynea', 'Hestrop', '4/25/2008', '+7 (860) 647-7493', '1/18/2020', 'Researcher'),
('I700777370', 'Lucina', 'McCormick', '10/24/1994', '+385 (428) 131-0462', '6/3/2020', 'Researcher'),
('I700777371', 'Grethel', 'Shyres', '3/28/1993', '+374 (388) 390-2945', '2/2/2019', 'Researcher'),
('I700777372', 'Idelle', 'Chinnery', '5/19/1991', '+86 (545) 359-3211', '7/24/2019', 'Researcher'),
('I700777373', 'Thatch', 'Dunnet', '7/1/2002', '+86 (608) 566-5124', '9/30/2019', 'Researcher'),
('I700777374', 'Jerrome', 'Dorning', '2/15/1995', '+86 (865) 825-5687', '3/11/2021', 'Researcher'),
('I700777375', 'Cornelle', 'Costan', '2/9/1992', '+33 (715) 416-1139', '8/26/2020', 'Researcher'),
('I700777376', 'Zackariah', 'Rowbottom', '6/28/2002', '+20 (181) 391-4325', '3/28/2020', 'Researcher'),
('I700777377', 'Alonzo', 'Catcheside', '1/31/1992', '+55 (404) 575-3697', '8/26/2020', 'Researcher'),
('I700777378', 'Annabela', 'Abbotts', '10/14/2007', '+55 (959) 582-3328', '3/24/2019', 'Researcher'),
('I700777379', 'Sianna', 'Engeham', '10/2/2002', '+82 (820) 615-9850', '1/3/2019', 'Researcher'),
('I700777380', 'Gorden', 'Pelham', '9/7/1993', '+372 (560) 192-5645', '9/5/2020', 'Researcher'),
('I700777381', 'Philipa', 'Cano', '9/3/1990', '+51 (544) 921-5565', '9/3/2020', 'Researcher'),
('I700777382', 'Beverlee', 'Dmitrievski', '1/5/2007', '+880 (804) 699-6277', '8/5/2019', 'Researcher'),
('I700777383', 'Carley', 'Averies', '3/11/2009', '+232 (255) 365-7316', '10/27/2020', 'Researcher'),
('I700777384', 'Edlin', 'Wilbor', '11/9/2005', '+63 (509) 227-0367', '11/26/2020', 'Researcher'),
('I700777385', 'Pasquale', 'Lambdin', '11/1/2007', '+7 (972) 358-6202', '3/19/2020', 'Researcher'),
('I700777386', 'Calypso', 'McGilvra', '6/16/2001', '+46 (352) 347-7295', '5/23/2019', 'Researcher'),
('I700777387', 'Erasmus', 'Dear', '5/23/2003', '+1 (703) 439-0482', '9/4/2020', 'Researcher'),
('I700777388', 'Jordon', 'Fasson', '7/8/1992', '+374 (558) 684-9728', '9/10/2021', 'Researcher'),
('I700777389', 'Chicky', 'Rowlson', '7/8/1997', '+86 (650) 394-9951', '5/3/2020', 'Researcher'),
('I700777390', 'Nickolas', 'Littrik', '1/29/1994', '+66 (536) 161-7829', '9/18/2019', 'Researcher'),
('I700777391', 'Rockwell', 'Jaouen', '1/13/2006', '+62 (708) 189-4714', '4/15/2020', 'Researcher'),
('I700777392', 'Samuele', 'Messom', '12/17/2008', '+55 (493) 447-0334', '12/12/2020', 'Researcher'),
('I700777393', 'Danita', 'Baldin', '3/28/1992', '+48 (864) 784-1486', '12/1/2020', 'Researcher'),
('I700777394', 'Libbey', 'McDiarmid', '6/5/2006', '+504 (785) 146-8153', '10/16/2019', 'Researcher'),
('I700777395', 'Janessa', 'Acland', '12/17/2000', '+7 (772) 498-8284', '5/7/2019', 'Researcher'),
('I700777396', 'Davis', 'Tooze', '11/11/2008', '+62 (398) 544-5599', '11/29/2018', 'Researcher'),
('I700777397', 'Ardath', 'Norris', '1/13/1999', '+420 (419) 322-8670', '8/7/2020', 'Researcher'),
('I700777398', 'Lizabeth', 'Dreigher', '12/19/1992', '+46 (750) 724-2850', '8/4/2020', 'Researcher'),
('I700777399', 'Hamel', 'Medendorp', '1/6/1995', '+47 (561) 606-3376', '11/22/2019', 'Researcher'),
('I700777400', 'Ulrich', 'Blemings', '5/25/1992', '+47 (255) 699-0113', '7/8/2019', 'Researcher'),
('I700777401', 'Rowena', 'Gordon', '8/19/1999', '+86 (209) 962-2897', '3/15/2020', 'Researcher'),
('I700777402', 'Sabrina', 'Gooderidge', '7/23/1996', '+245 (927) 529-8678', '5/23/2020', 'Researcher'),
('I700777403', 'Monica', 'Radclyffe', '11/11/2005', '+7 (271) 563-7210', '9/22/2021', 'Researcher'),
('I700777404', 'Aubine', 'Leetham', '7/12/1992', '+234 (895) 527-7313', '7/13/2021', 'Researcher'),
('I700777405', 'Lacy', 'Eubank', '11/17/1991', '+27 (495) 769-6188', '1/12/2019', 'Researcher'),
('I700777406', 'Mavra', 'Morritt', '1/4/2003', '+63 (244) 106-9906', '12/15/2018', 'Student'),
('I700777407', 'Dian', 'Moat', '9/21/1990', '+52 (941) 262-2635', '4/4/2021', 'Student'),
('I700777408', 'Mirabelle', 'Hurton', '7/22/1994', '+1 (239) 335-5800', '5/20/2020', 'Student'),
('I700777409', 'Audie', 'Vickerstaff', '9/11/2001', '+33 (806) 720-0695', '9/30/2020', 'Student'),
('I700777410', 'Nadine', 'Blount', '10/13/2008', '+86 (628) 953-8346', '3/26/2019', 'Student'),
('I700777411', 'Tod', 'MacGillivrie', '10/23/2008', '+234 (734) 319-0683', '6/9/2019', 'Student'),
('I700777412', 'Kordula', 'Mollindinia', '3/7/1999', '+374 (867) 105-3478', '10/25/2020', 'Student'),
('I700777413', 'Seana', 'Bonafant', '6/25/2010', '+55 (563) 817-0159', '5/17/2020', 'Student'),
('I700777414', 'Eleonore', 'Le Fleming', '7/18/1998', '+63 (754) 415-6897', '7/25/2020', 'Student'),
('I700777415', 'Diane', 'Pinfold', '5/7/2004', '+1 (196) 607-0456', '7/13/2020', 'Student'),
('I700777416', 'Carlie', 'Sage', '1/21/2007', '+7 (234) 292-5245', '1/23/2020', 'Student'),
('I700777417', 'Isabelle', 'Rand', '5/30/1991', '+963 (500) 757-6254', '9/28/2021', 'Student'),
('I700777418', 'Emmalyn', 'Geertje', '5/20/2009', '+504 (718) 387-3053', '2/18/2021', 'Student'),
('I700777419', 'Sophia', 'Willingale', '6/4/2006', '+7 (622) 113-2814', '3/21/2020', 'Student'),
('I700777420', 'Giovanna', 'Zecchii', '11/9/2002', '+420 (438) 632-0667', '2/17/2020', 'Student'),
('I700777421', 'Adelle', 'Howsin', '11/30/2000', '+1 (301) 612-2069', '8/3/2020', 'Student'),
('I700777422', 'Almire', 'Russi', '5/15/1996', '+46 (978) 171-5651', '2/8/2021', 'Student'),
('I700777423', 'Hughie', 'Posse', '4/21/1991', '+33 (261) 410-5036', '3/4/2019', 'Student'),
('I700777424', 'Zackariah', 'MacCorley', '9/13/2006', '+54 (994) 474-5012', '8/1/2020', 'Student'),
('I700777425', 'Fae', 'Tonge', '1/13/2008', '+86 (387) 980-2695', '4/16/2020', 'Student'),
('I700777426', 'Rahal', 'Tims', '4/7/1990', '+358 (442) 936-3076', '7/11/2020', 'Student'),
('I700777427', 'Sherlocke', 'Gianneschi', '11/6/2000', '+63 (370) 870-0294', '8/30/2019', 'Student'),
('I700777428', 'Maximo', 'Hassekl', '8/13/2009', '+62 (128) 745-2241', '1/18/2021', 'Student'),
('I700777429', 'Dyna', 'Swancock', '1/16/1990', '+53 (106) 567-2882', '8/10/2019', 'Student'),
('I700777430', 'Greggory', 'Kruse', '3/26/2000', '+234 (481) 258-8307', '7/2/2020', 'Student'),
('I700777431', 'Caralie', 'Durak', '4/18/1997', '+86 (797) 253-4283', '11/27/2019', 'Student'),
('I700777432', 'Rhianna', 'Chartre', '12/15/1997', '+55 (762) 631-1481', '12/15/2020', 'Student'),
('I700777433', 'Cullan', 'Silk', '5/19/1998', '+55 (868) 623-3988', '6/25/2019', 'Student'),
('I700777434', 'Glenn', 'Beckworth', '1/28/2010', '+387 (570) 993-0950', '6/24/2019', 'Student'),
('I700777435', 'Marlon', 'McAlarney', '1/10/2003', '+63 (850) 529-2144', '7/1/2021', 'Student'),
('I700777436', 'Isaiah', 'McIlharga', '2/10/1998', '+33 (522) 122-2818', '9/27/2020', 'Student'),
('I700777437', 'Rudolph', 'Morrid', '11/13/1997', '+63 (426) 988-4191', '5/28/2020', 'Student'),
('I700777438', 'Bradney', 'Penwell', '5/3/2009', '+86 (626) 759-2137', '3/24/2021', 'Student'),
('I700777439', 'Kori', 'Kenyon', '2/12/2000', '+51 (850) 179-4837', '8/22/2021', 'Student'),
('I700777440', 'Shell', 'Dykas', '12/14/2004', '+86 (650) 164-2900', '11/5/2020', 'Student'),
('I700777441', 'Darrin', 'Lydster', '1/5/2004', '+86 (681) 232-3906', '8/12/2020', 'Student'),
('I700777442', 'Otto', 'Orriss', '12/31/2007', '+249 (632) 745-4776', '3/12/2019', 'Student'),
('I700777443', 'Lexine', 'Tilne', '7/3/2008', '+7 (957) 821-1518', '3/9/2021', 'Student');
INSERT INTO `users` (`UserID`, `F_Name`, `L_Name`, `DOB`, `Phone`, `DateCreated`, `UserType`) VALUES
('I700777444', 'Viv', 'Duffree', '7/14/2003', '+63 (106) 174-0915', '2/19/2021', 'Student'),
('I700777445', 'Rafa', 'Noon', '2/24/1998', '+86 (145) 900-9182', '8/4/2019', 'Student'),
('I700777446', 'Giustina', 'Gritsaev', '8/4/1994', '+64 (668) 685-9151', '12/28/2020', 'Student'),
('I700777447', 'Bank', 'Bricklebank', '8/11/1994', '+1 (805) 563-0734', '12/14/2018', 'Student'),
('I700777448', 'Cullin', 'Tipens', '8/10/1999', '+86 (346) 725-9659', '6/26/2021', 'Student'),
('I700777449', 'Matias', 'Bubbear', '2/2/2009', '+81 (664) 471-7752', '11/3/2019', 'Student'),
('I700777450', 'Codi', 'Acland', '11/2/1995', '+591 (519) 774-3153', '11/24/2018', 'Student'),
('I700777451', 'Florence', 'Clibbery', '7/15/1995', '+216 (396) 438-9516', '10/19/2021', 'Student'),
('I700777452', 'Tadd', 'Iorizzi', '1/23/1999', '+63 (362) 780-3722', '10/28/2018', 'Student'),
('I700777453', 'Tuesday', 'Yoskowitz', '1/10/1991', '+63 (298) 483-4634', '5/23/2019', 'Student'),
('I700777454', 'Karim', 'Sabben', '4/20/1994', '+351 (767) 540-1712', '12/24/2019', 'Student'),
('I700777455', 'Chrystal', 'Beasleigh', '10/21/1997', '+54 (579) 563-8712', '12/10/2020', 'Student'),
('I700777456', 'Rozina', 'Kadwallider', '9/14/2010', '+7 (930) 120-2591', '8/27/2019', 'Student'),
('I700777457', 'Celia', 'Heber', '5/6/2004', '+86 (773) 254-5254', '11/17/2020', 'Student'),
('I700777458', 'Gilberte', 'Selburn', '12/7/1998', '+46 (383) 768-7155', '6/7/2019', 'Student'),
('I700777459', 'Maia', 'Tappor', '10/19/2010', '+380 (413) 994-4235', '12/9/2020', 'Student'),
('I700777460', 'Winonah', 'Wigginton', '6/3/2002', '+63 (290) 935-1832', '5/23/2019', 'Student'),
('I700777461', 'Gayla', 'McAvey', '2/17/2010', '+93 (168) 996-1423', '8/16/2021', 'Student'),
('I700777462', 'Saunders', 'Stowgill', '11/12/2003', '+62 (336) 276-4171', '6/3/2020', 'Student'),
('I700777463', 'Christiano', 'Tullett', '6/6/1997', '+976 (318) 418-0251', '12/5/2020', 'Student'),
('I700777464', 'Aurore', 'Arblaster', '5/7/2002', '+353 (649) 515-6630', '2/2/2019', 'Student'),
('I700777465', 'Blake', 'Soar', '12/9/1990', '+86 (129) 316-1220', '7/15/2021', 'Student'),
('I700777466', 'Crysta', 'Heinel', '5/12/1996', '+880 (455) 507-4604', '4/29/2019', 'Student'),
('I700777467', 'Barnie', 'Felix', '4/22/1997', '+1 (360) 784-8750', '9/6/2019', 'Student'),
('I700777468', 'Bette-ann', 'Odam', '6/30/2005', '+33 (289) 852-9320', '8/30/2020', 'Student'),
('I700777469', 'Daile', 'Pesak', '9/27/1995', '+63 (258) 248-1278', '2/1/2020', 'Student'),
('I700777470', 'Cristian', 'Brixey', '11/2/1997', '+62 (848) 280-3761', '7/7/2019', 'Student'),
('I700777471', 'Lolita', 'Ratter', '10/20/1993', '+381 (515) 572-5486', '7/11/2020', 'Student'),
('I700777472', 'Zola', 'Chown', '7/11/1998', '+46 (558) 861-9171', '6/23/2019', 'Student'),
('I700777473', 'Chucho', 'Yearron', '6/29/1997', '+62 (196) 505-9457', '8/19/2019', 'Student'),
('I700777474', 'Austina', 'Sothern', '11/26/1997', '+62 (987) 830-6230', '1/11/2021', 'Student'),
('I700777475', 'Emlyn', 'Brigham', '4/15/2006', '+86 (116) 143-7783', '9/17/2019', 'Student'),
('I700777476', 'Joe', 'Cianni', '3/22/1993', '+55 (212) 747-2347', '6/19/2020', 'Student'),
('I700777477', 'Susi', 'Lanegran', '10/26/1992', '+86 (454) 803-7674', '1/7/2020', 'Student'),
('I700777478', 'Josefina', 'Mickleburgh', '1/28/2004', '+51 (226) 136-4428', '2/25/2021', 'Student'),
('I700777479', 'Maryanna', 'Sarre', '10/16/2007', '+222 (252) 815-4144', '2/19/2021', 'Student'),
('I700777480', 'Tyson', 'Yantsev', '2/12/2006', '+27 (755) 277-5296', '8/3/2020', 'Student'),
('I700777481', 'Lotty', 'Caudle', '8/16/1997', '+7 (338) 778-9549', '6/23/2019', 'Student'),
('I700777482', 'Muffin', 'Cainey', '1/25/2010', '+86 (537) 735-6141', '5/26/2019', 'Student'),
('I700777483', 'Casper', 'Gasperi', '12/13/2008', '+62 (629) 789-5956', '11/13/2019', 'Student'),
('I700777484', 'Maiga', 'Turbard', '3/6/2009', '+62 (192) 624-8734', '11/28/2020', 'Student'),
('I700777485', 'Caryl', 'Slowgrove', '8/20/2010', '+30 (856) 180-0785', '4/15/2020', 'Student'),
('I700777486', 'Archer', 'Galero', '3/29/2003', '+86 (134) 117-8405', '1/31/2021', 'Student'),
('I700777487', 'Alyse', 'Roberts', '11/23/2004', '+1 (685) 604-6939', '2/3/2019', 'Student'),
('I700777488', 'Van', 'Yellop', '1/13/2001', '+256 (777) 354-0363', '2/22/2020', 'Student'),
('I700777489', 'Crosby', 'Ronchka', '8/28/2008', '+62 (714) 629-2002', '3/24/2020', 'Student'),
('I700777490', 'Rahel', 'Gatch', '10/9/1995', '+33 (502) 216-8214', '11/29/2020', 'Student'),
('I700777491', 'Pavia', 'Woolens', '1/24/1999', '+86 (395) 751-1955', '8/17/2019', 'Student'),
('I700777492', 'Thane', 'Mounsie', '10/31/1997', '+234 (914) 259-0468', '6/2/2020', 'Student'),
('I700777493', 'Rudd', 'Sample', '9/26/2005', '+63 (238) 527-3589', '10/23/2018', 'Student'),
('I700777494', 'Levon', 'Petrasch', '8/4/1994', '+86 (697) 773-3236', '6/29/2020', 'Student'),
('I700777495', 'Amber', 'Gosforth', '12/30/2000', '+86 (162) 905-4391', '11/30/2019', 'Student'),
('I700777496', 'Derward', 'Daniel', '7/28/2000', '+380 (746) 864-5354', '4/30/2021', 'Student'),
('I700777497', 'Matthiew', 'Lathan', '4/2/1991', '+599 (315) 389-4169', '3/27/2020', 'Student'),
('I700777498', 'Robena', 'Shingles', '5/1/1995', '+46 (808) 600-8160', '12/28/2018', 'Student'),
('I700777499', 'Allan', 'Steet', '5/26/2009', '+86 (318) 146-2688', '12/25/2020', 'Student'),
('I700777500', 'Dian', 'Hurne', '5/6/2000', '+1 (112) 883-5673', '2/28/2021', 'Student'),
('I700777501', 'Pepito', 'Fawdry', '3/24/2000', '+86 (753) 269-1195', '5/12/2020', 'Student'),
('I700777502', 'Livvy', 'Atyea', '11/20/1991', '+234 (942) 432-0081', '7/10/2021', 'Student'),
('I700777503', 'Ginnifer', 'Nutt', '1/4/2002', '+86 (576) 147-3428', '3/21/2021', 'Student'),
('I700777504', 'Prent', 'Liepina', '1/19/2010', '+595 (115) 478-4695', '10/18/2019', 'Student'),
('I700777505', 'Morissa', 'Tobin', '2/18/1991', '+7 (411) 311-6151', '12/1/2020', 'Student'),
('I700777506', 'Flore', 'Jonk', '11/15/2008', '+256 (187) 141-6753', '10/5/2020', 'Student'),
('I700777507', 'Damien', 'Grason', '8/2/2002', '+86 (190) 753-2545', '5/2/2019', 'Student'),
('I700777508', 'Judon', 'Lavalde', '12/24/1990', '+48 (647) 518-4293', '10/1/2019', 'Student'),
('I700777509', 'Nerita', 'Heinecke', '9/18/1991', '+256 (947) 826-5281', '3/3/2019', 'Student'),
('I700777510', 'Vevay', 'Barca', '12/13/1998', '+242 (484) 814-9369', '9/8/2020', 'Student'),
('I700777511', 'Carlota', 'Phlippsen', '2/2/1994', '+60 (670) 376-8660', '4/20/2019', 'Student'),
('I700777512', 'Dominga', 'Stillgoe', '12/9/1994', '+86 (197) 416-5542', '6/18/2019', 'Student'),
('I700777513', 'Merle', 'Manuaud', '8/2/1999', '+359 (637) 375-5017', '6/26/2019', 'Student'),
('I700777514', 'Thibaut', 'Harbinson', '4/28/1993', '+387 (471) 861-0689', '11/30/2019', 'Student'),
('I700777515', 'Norby', 'Spottiswood', '7/28/1999', '+33 (741) 235-6226', '10/27/2018', 'Student'),
('I700777516', 'Fremont', 'Braunton', '9/16/2000', '+58 (559) 705-4236', '4/29/2020', 'Student'),
('I700777517', 'Nadine', 'Hulkes', '6/20/1996', '+7 (211) 424-1783', '11/10/2019', 'Student'),
('I700777518', 'Brita', 'Northidge', '12/22/1996', '+62 (932) 773-2614', '4/13/2021', 'Student'),
('I700777519', 'Gray', 'MacGillacolm', '8/2/2000', '+7 (313) 691-9636', '12/20/2020', 'Student'),
('I700777520', 'Ezechiel', 'Balsdon', '4/24/1991', '+359 (376) 477-7684', '11/16/2020', 'Student'),
('I700777521', 'Blake', 'Flintiff', '7/10/1994', '+81 (650) 298-7073', '3/19/2020', 'Student'),
('I700777522', 'Veradis', 'Piatkow', '5/8/1997', '+255 (202) 598-9947', '9/14/2019', 'Student'),
('I700777523', 'Gwyn', 'Ivatt', '6/6/2009', '+62 (218) 238-5565', '3/7/2020', 'Student'),
('I700777524', 'Darlene', 'Fridaye', '10/17/2010', '+375 (203) 285-4336', '7/10/2019', 'Student'),
('I700777525', 'Roxanna', 'Lorait', '7/15/1997', '+383 (251) 757-8371', '2/14/2020', 'Student'),
('I700777526', 'Clarie', 'Weber', '10/20/1990', '+62 (468) 155-1634', '4/4/2019', 'Student'),
('I700777527', 'Kaylee', 'Drissell', '6/5/1997', '+60 (563) 850-0478', '3/26/2021', 'Student'),
('I700777528', 'Ingaberg', 'Jerrans', '1/6/2010', '+54 (267) 585-6200', '10/1/2020', 'Student'),
('I700777529', 'Deni', 'Godbert', '7/12/1996', '+86 (534) 542-4559', '3/27/2019', 'Student'),
('I700777530', 'Miran', 'Yansons', '1/20/1992', '+380 (457) 488-3575', '4/14/2020', 'Student'),
('I700777531', 'Phillipe', 'Stanmer', '7/18/2004', '+55 (240) 324-6132', '12/12/2019', 'Student'),
('I700777532', 'Nichole', 'Hazard', '11/28/1999', '+212 (475) 842-1404', '3/22/2019', 'Student'),
('I700777533', 'Mick', 'Gather', '6/11/2002', '+86 (915) 582-8502', '3/18/2020', 'Student'),
('I700777534', 'Hillary', 'Baal', '5/11/1997', '+46 (978) 238-8333', '8/27/2021', 'Student'),
('I700777535', 'Kelly', 'Fernely', '8/7/1995', '+7 (790) 999-7509', '11/17/2020', 'Student'),
('I700777536', 'Trev', 'Leatherborrow', '2/6/1997', '+82 (985) 681-2249', '5/12/2020', 'Student'),
('I700777537', 'Auria', 'Goulbourne', '4/20/1999', '+48 (376) 409-2477', '8/31/2020', 'Student'),
('I700777538', 'Gunter', 'Cunio', '3/28/2005', '+86 (968) 551-4898', '3/3/2021', 'Student'),
('I700777539', 'Isidora', 'Germon', '11/27/2002', '+850 (760) 564-1819', '6/21/2020', 'Student'),
('I700777540', 'Rozele', 'Vicarey', '1/2/1998', '+1 (465) 404-0288', '3/26/2021', 'Student'),
('I700777541', 'Kalil', 'Raffeorty', '6/16/2003', '+220 (954) 702-9847', '12/17/2018', 'Student'),
('I700777542', 'Dottie', 'Hearmon', '4/26/1993', '+63 (239) 713-1269', '3/21/2020', 'Student'),
('I700777543', 'Vernon', 'Kybbye', '2/25/1993', '+86 (921) 456-4027', '9/13/2021', 'Student'),
('I700777544', 'Ronni', 'Deniset', '3/9/1995', '+389 (633) 929-3691', '12/19/2020', 'Student'),
('I700777545', 'Ira', 'Prenty', '10/4/2003', '+33 (727) 780-8989', '10/24/2019', 'Student'),
('I700777546', 'Buddy', 'Dudden', '12/7/1995', '+20 (164) 575-1732', '11/23/2018', 'Student'),
('I700777547', 'Erminia', 'Leverich', '5/12/1998', '+62 (817) 507-4846', '8/28/2020', 'Student'),
('I700777548', 'Phip', 'Pleager', '6/15/2006', '+33 (731) 559-3370', '5/6/2020', 'Student'),
('I700777549', 'Raphaela', 'Sommerville', '2/25/2001', '+62 (295) 754-3425', '12/8/2018', 'Student'),
('I700777550', 'Gigi', 'Teese', '1/29/1992', '+351 (568) 702-6391', '6/24/2020', 'Student'),
('I700777551', 'Marve', 'Caush', '6/1/2007', '+81 (670) 678-2099', '12/8/2020', 'Student'),
('I700777552', 'Tabitha', 'Duddin', '5/19/1993', '+30 (355) 104-3715', '3/19/2019', 'Student'),
('I700777553', 'Judah', 'Bamlett', '3/9/1994', '+591 (521) 980-1717', '8/5/2020', 'Student'),
('I700777554', 'Hoyt', 'Oldfield-Cherry', '12/27/1996', '+84 (171) 517-8600', '2/19/2021', 'Student'),
('I700777555', 'Lalo', 'Burnie', '3/23/2000', '+60 (182) 863-7045', '5/10/2020', 'Student'),
('I700777556', 'Nadiya', 'Keary', '3/23/1992', '+597 (823) 692-9658', '4/21/2020', 'Student'),
('I700777557', 'Clemence', 'Barbery', '5/10/1995', '+33 (230) 419-0007', '5/5/2021', 'Student'),
('I700777558', 'Bartlett', 'Fruchon', '3/26/1997', '+62 (390) 242-2832', '2/11/2021', 'Student'),
('I700777559', 'Rustie', 'Agus', '8/19/1998', '+353 (831) 520-7698', '9/25/2019', 'Student'),
('I700777560', 'Tulley', 'Hamblington', '10/27/2002', '+7 (768) 235-1309', '6/25/2021', 'Student'),
('I700777561', 'Robby', 'Reppaport', '5/9/1990', '+7 (134) 185-1248', '12/27/2020', 'Student'),
('I700777562', 'Jeanna', 'Fabri', '9/24/2009', '+1 (704) 389-3546', '2/1/2019', 'Student'),
('I700777563', 'Mohandis', 'Attwoul', '3/31/1996', '+33 (488) 604-1442', '12/4/2019', 'Student'),
('I700777564', 'Sibel', 'Pallent', '9/14/2002', '+66 (627) 649-6632', '5/10/2020', 'Student'),
('I700777565', 'Vlad', 'Weed', '2/26/2003', '+46 (754) 455-3523', '11/18/2020', 'Student'),
('I700777566', 'Rosalinda', 'Saunt', '10/12/1993', '+358 (785) 561-8868', '12/13/2020', 'Student'),
('I700777567', 'Verney', 'Piper', '9/29/1995', '+86 (708) 472-7040', '7/8/2020', 'Student'),
('I700777568', 'Bel', 'Meert', '12/7/2008', '+244 (532) 934-8919', '5/23/2021', 'Student'),
('I700777569', 'Letizia', 'Ingilson', '6/18/1991', '+93 (495) 153-4811', '10/13/2021', 'Student'),
('I700777570', 'Robin', 'Dondon', '5/10/2007', '+49 (922) 719-9840', '2/5/2019', 'Student'),
('I700777571', 'Vonnie', 'Hampshaw', '11/8/2006', '+994 (169) 312-1120', '11/29/2019', 'Student'),
('I700777572', 'Sal', 'Blanshard', '2/8/2010', '+502 (185) 525-1616', '12/12/2018', 'Student'),
('I700777573', 'Merrick', 'Nawton', '2/7/1993', '+507 (323) 894-4544', '6/11/2021', 'Student'),
('I700777574', 'Derrick', 'Durbridge', '12/8/2001', '+351 (930) 644-5857', '3/13/2019', 'Student'),
('I700777575', 'Bobina', 'Swaden', '9/25/1993', '+970 (284) 525-1358', '10/10/2020', 'Student'),
('I700777576', 'Marylinda', 'Gifford', '8/4/1991', '+86 (956) 953-4282', '9/14/2021', 'Student'),
('I700777577', 'Cecilius', 'Whitta', '3/26/1995', '+54 (362) 252-2531', '4/13/2021', 'Student'),
('I700777578', 'Damaris', 'Berrick', '2/24/1993', '+58 (821) 802-4923', '12/30/2020', 'Student'),
('I700777579', 'Estele', 'Tattershall', '11/5/2006', '+252 (525) 969-6742', '1/15/2019', 'Student'),
('I700777580', 'Dominik', 'Lamming', '2/11/1994', '+355 (873) 362-2868', '8/25/2021', 'Student'),
('I700777581', 'Verna', 'Graeme', '12/15/2005', '+63 (165) 118-9271', '11/17/2019', 'Student'),
('I700777582', 'Hedwig', 'Bengall', '11/10/1998', '+98 (796) 248-7097', '1/20/2020', 'Student'),
('I700777583', 'Joyan', 'Hindrich', '12/17/2006', '+62 (471) 495-9719', '12/16/2018', 'Student'),
('I700777584', 'Gerhardt', 'Kemmish', '11/10/1992', '+591 (156) 827-2308', '6/8/2019', 'Student'),
('I700777585', 'Franni', 'Salack', '4/6/2007', '+1 (212) 610-3989', '6/5/2019', 'Student'),
('I700777586', 'Nadean', 'Schermick', '11/17/2001', '+598 (820) 412-8418', '6/15/2019', 'Student'),
('I700777587', 'Riva', 'Johnston', '12/29/2002', '+98 (279) 388-7588', '9/26/2021', 'Student'),
('I700777588', 'Darsie', 'De Haven', '5/16/2009', '+232 (139) 726-4522', '9/9/2021', 'Student'),
('I700777589', 'Marjy', 'Ginty', '7/8/2009', '+62 (234) 997-3144', '10/31/2019', 'Student'),
('I700777590', 'Catlee', 'Haswall', '1/2/2001', '+62 (928) 890-7427', '4/15/2021', 'Student'),
('I700777591', 'Cynthia', 'Klejin', '4/17/2004', '+60 (376) 983-7352', '9/21/2020', 'Student'),
('I700777592', 'Staffard', 'Hoonahan', '6/9/2000', '+1 (562) 937-8888', '6/2/2019', 'Student'),
('I700777593', 'Bernadette', 'Aspinell', '4/1/2000', '+86 (518) 305-7028', '8/7/2020', 'Student'),
('I700777594', 'Abagail', 'Boich', '12/6/2002', '+1 (652) 563-6852', '1/25/2019', 'Student'),
('I700777595', 'Fabiano', 'Fleg', '12/31/1992', '+593 (475) 148-1699', '2/2/2021', 'Student'),
('I700777596', 'Dominga', 'Cunah', '8/19/1997', '+381 (828) 705-0054', '3/5/2021', 'Student'),
('I700777597', 'Manda', 'Snare', '4/12/2003', '+380 (857) 834-9868', '10/7/2020', 'Student'),
('I700777598', 'Eda', 'Twycross', '5/23/2002', '+93 (669) 262-5030', '1/9/2019', 'Student'),
('I700777599', 'Tasia', 'Renols', '12/27/2008', '+63 (269) 275-8656', '10/18/2020', 'Student'),
('I700777600', 'Stillmann', 'Venditti', '5/20/1992', '+86 (767) 384-2534', '4/25/2021', 'Student'),
('I700777601', 'Meris', 'Grinov', '12/5/2004', '+62 (657) 456-6024', '12/22/2018', 'Student'),
('I700777602', 'Clary', 'Fenney', '2/10/1999', '+86 (968) 191-5046', '12/7/2018', 'Student'),
('I700777603', 'Wilbert', 'Aldcorn', '8/31/1990', '+86 (306) 757-5599', '3/20/2019', 'Student'),
('I700777604', 'Darrick', 'Menault', '7/28/1999', '+7 (105) 244-4985', '12/28/2019', 'Student'),
('I700777605', 'Junia', 'Bradie', '11/2/2004', '+30 (126) 432-9786', '4/13/2020', 'Student'),
('I700777606', 'Manon', 'Ygo', '12/28/1994', '+1 (184) 585-5103', '6/5/2019', 'Student'),
('I700777607', 'Zorana', 'Tall', '10/22/2004', '+31 (527) 685-5212', '5/30/2021', 'Student'),
('I700777608', 'Modesta', 'Adam', '8/23/1995', '+7 (355) 266-2153', '1/22/2019', 'Student'),
('I700777609', 'Janetta', 'Zuan', '8/7/2001', '+33 (164) 511-7305', '9/12/2021', 'Student'),
('I700777610', 'Karly', 'Jervoise', '6/11/1997', '+358 (268) 991-5344', '7/24/2019', 'Student'),
('I700777611', 'Marylin', 'Henker', '11/22/2007', '+55 (122) 121-1245', '11/5/2020', 'Student'),
('I700777612', 'Gayle', 'Ricci', '1/21/1993', '+51 (174) 432-7143', '9/9/2020', 'Student'),
('I700777613', 'Marietta', 'Greenhow', '7/24/2007', '+86 (874) 945-5902', '3/8/2021', 'Student'),
('I700777614', 'Gino', 'Stilwell', '5/13/2004', '+30 (297) 844-5275', '3/19/2020', 'Student'),
('I700777615', 'Octavia', 'Dayes', '8/17/1994', '+57 (257) 613-6860', '7/9/2019', 'Student'),
('I700777616', 'Yovonnda', 'Zemler', '3/20/1993', '+63 (413) 744-0456', '5/16/2020', 'Student'),
('I700777617', 'Redford', 'Glander', '4/10/1998', '+375 (662) 669-4293', '7/23/2019', 'Student'),
('I700777618', 'Marysa', 'Filochov', '8/17/1993', '+84 (607) 422-7574', '6/22/2020', 'Student'),
('I700777619', 'Zebadiah', 'Newcomb', '9/9/2009', '+30 (684) 490-5933', '5/13/2020', 'Student'),
('I700777620', 'Penelopa', 'Hardin', '8/7/2000', '+351 (297) 459-7023', '10/19/2019', 'Student'),
('I700777621', 'Amalee', 'Jouannin', '2/14/2007', '+242 (907) 710-2999', '9/27/2019', 'Student'),
('I700777622', 'Sidnee', 'Rakes', '5/15/1993', '+86 (924) 385-2436', '10/28/2018', 'Student'),
('I700777623', 'Halette', 'Cuniam', '11/12/2007', '+62 (211) 670-1862', '9/28/2020', 'Student'),
('I700777624', 'Suellen', 'Callaghan', '2/24/1992', '+55 (883) 134-7143', '9/30/2019', 'Student'),
('I700777625', 'Randee', 'Ezzle', '5/1/1995', '+48 (132) 656-6842', '2/15/2021', 'Student'),
('I700777626', 'Gar', 'Reisen', '8/28/2010', '+84 (807) 346-6200', '1/6/2019', 'Student'),
('I700777627', 'Klarika', 'Ashingden', '9/2/1998', '+380 (857) 429-2047', '12/11/2020', 'Student'),
('I700777628', 'Tom', 'Gurnee', '9/2/1998', '+63 (523) 448-8457', '3/31/2020', 'Student'),
('I700777629', 'Nicholle', 'Eyton', '2/26/1999', '+509 (118) 833-9953', '12/2/2019', 'Student'),
('I700777630', 'Colette', 'Borrett', '10/9/2008', '+690 (315) 258-1839', '10/15/2020', 'Student'),
('I700777631', 'Derby', 'Phoenix', '2/29/2004', '+33 (432) 722-3233', '2/6/2021', 'Student'),
('I700777632', 'Roarke', 'Dunmuir', '5/13/2007', '+86 (880) 706-1454', '4/22/2021', 'Student'),
('I700777633', 'Warren', 'Tredget', '3/7/1998', '+62 (274) 641-4587', '12/6/2018', 'Student'),
('I700777634', 'Waring', 'Filippov', '11/20/2006', '+231 (433) 373-1706', '1/18/2020', 'Student'),
('I700777635', 'Nicolina', 'Karlsson', '2/13/1993', '+7 (535) 216-2234', '6/29/2020', 'Student'),
('I700777636', 'Corry', 'Powney', '9/29/1996', '+7 (606) 230-9036', '11/26/2020', 'Student'),
('I700777637', 'Renato', 'Astman', '5/15/2004', '+48 (417) 358-1097', '4/10/2021', 'Student'),
('I700777638', 'Edgardo', 'Berka', '2/16/2001', '+373 (887) 261-6911', '10/7/2019', 'Student'),
('I700777639', 'Chloe', 'Jonin', '12/8/1995', '+34 (634) 314-7318', '9/12/2021', 'Student'),
('I700777640', 'Shalna', 'De Biaggi', '10/25/1998', '+62 (831) 315-4798', '9/8/2020', 'Student'),
('I700777641', 'Andros', 'McAndrew', '2/6/2004', '+86 (184) 424-2517', '9/13/2020', 'Student'),
('I700777642', 'Liesa', 'Enterlein', '3/26/1995', '+62 (158) 405-2855', '6/25/2019', 'Student'),
('I700777643', 'Kalli', 'Millan', '8/22/1990', '+62 (322) 221-5728', '4/28/2019', 'Student'),
('I700777644', 'Vanna', 'Abela', '12/21/2003', '+58 (374) 724-6220', '6/11/2019', 'Student'),
('I700777645', 'Yardley', 'Rearden', '12/20/2006', '+27 (292) 783-4835', '1/23/2020', 'Student'),
('I700777646', 'Mandie', 'Severy', '10/14/1994', '+98 (623) 974-9995', '12/29/2020', 'Student'),
('I700777647', 'Elke', 'Orys', '12/16/2009', '+63 (400) 356-7345', '11/9/2019', 'Student'),
('I700777648', 'Gretta', 'Jinkinson', '9/8/1991', '+63 (241) 346-3179', '8/27/2021', 'Student'),
('I700777649', 'Lorri', 'Draycott', '8/1/2008', '+46 (559) 217-3411', '1/20/2019', 'Student'),
('I700777650', 'Bradly', 'Ferriere', '6/20/1999', '+49 (912) 551-8812', '6/4/2021', 'Student'),
('I700777651', 'Mireielle', 'Brockhouse', '11/11/2007', '+30 (758) 971-0404', '4/17/2021', 'Student'),
('I700777652', 'Simone', 'Doumenc', '4/11/1998', '+63 (587) 627-5748', '8/28/2021', 'Student'),
('I700777653', 'Eustace', 'Winterton', '4/14/2007', '+49 (289) 449-9323', '4/7/2020', 'Student'),
('I700777654', 'Gaspar', 'Willden', '6/28/2001', '+46 (741) 848-8278', '2/10/2021', 'Student'),
('I700777655', 'Catlaina', 'Caush', '6/26/2005', '+86 (539) 318-5737', '4/6/2021', 'Student'),
('I700777656', 'Bonny', 'Vuittet', '12/7/2005', '+1 (762) 523-5610', '2/8/2020', 'Student'),
('I700777657', 'Giselle', 'De Roberto', '12/13/2006', '+506 (265) 584-9831', '1/26/2020', 'Student'),
('I700777658', 'Laurens', 'Peachman', '11/30/1995', '+358 (206) 133-3093', '7/30/2019', 'Student'),
('I700777659', 'Bernita', 'Rowbotham', '1/26/2006', '+54 (184) 287-9814', '8/27/2019', 'Student'),
('I700777660', 'Dallas', 'Basterfield', '9/25/1995', '+992 (563) 607-8972', '2/20/2020', 'Student'),
('I700777661', 'Bing', 'Buckeridge', '12/31/1990', '+62 (364) 997-0110', '10/1/2019', 'Student'),
('I700777662', 'Ulric', 'Kondrachenko', '3/5/2002', '+1 (817) 654-3602', '7/13/2021', 'Student'),
('I700777663', 'Marcellina', 'Whiteoak', '3/21/2000', '+62 (465) 802-8704', '8/23/2019', 'Student'),
('I700777664', 'Celestine', 'Kirley', '8/26/1990', '+355 (139) 121-4745', '11/3/2019', 'Student'),
('I700777665', 'Catina', 'Iacomi', '4/4/1997', '+81 (832) 286-4728', '12/29/2018', 'Student'),
('I700777666', 'Mannie', 'Giffkins', '5/9/1993', '+234 (649) 230-6463', '6/8/2020', 'Student'),
('I700777667', 'Mathilde', 'Calken', '2/23/1992', '+228 (246) 648-0425', '8/26/2019', 'Student'),
('I700777668', 'Marcus', 'Lightoller', '1/26/1996', '+30 (667) 928-2155', '4/24/2020', 'Student'),
('I700777669', 'Lazarus', 'Phelips', '5/24/2008', '+62 (594) 199-6590', '7/10/2021', 'Student'),
('I700777670', 'Nicolette', 'Rakes', '3/14/1995', '+86 (897) 936-4441', '11/25/2019', 'Student'),
('I700777671', 'Raff', 'Burgoyne', '6/15/2007', '+236 (223) 839-4805', '6/30/2020', 'Student'),
('I700777672', 'Olimpia', 'Shildrake', '4/27/1996', '+351 (838) 492-6285', '11/19/2020', 'Student'),
('I700777673', 'Carmencita', 'Gaggen', '8/22/2006', '+86 (534) 520-4414', '1/25/2021', 'Student'),
('I700777674', 'Adan', 'Mattack', '5/7/2006', '+54 (784) 867-5940', '3/31/2019', 'Student'),
('I700777675', 'Charleen', 'Greetland', '10/11/2006', '+54 (388) 936-9925', '6/27/2021', 'Student'),
('I700777676', 'Ber', 'Durning', '12/3/2005', '+81 (254) 601-7552', '12/6/2018', 'Student'),
('I700777677', 'Jeanelle', 'Rentcome', '2/9/2009', '+63 (815) 374-7515', '6/27/2021', 'Student'),
('I700777678', 'Isaac', 'Jagiello', '10/19/1995', '+1 (463) 326-2900', '9/27/2021', 'Student'),
('I700777679', 'Frasier', 'Provest', '3/15/2003', '+385 (359) 298-7319', '9/24/2021', 'Student'),
('I700777680', 'Bev', 'Attersoll', '1/9/1990', '+505 (686) 715-6521', '6/16/2021', 'Student'),
('I700777681', 'Nathalie', 'Abotson', '10/31/1997', '+33 (470) 522-5380', '9/21/2019', 'Student'),
('I700777682', 'Lind', 'Amsden', '2/5/1995', '+98 (285) 532-0002', '6/19/2021', 'Student'),
('I700777683', 'Lorinda', 'Greenall', '9/17/1990', '+86 (479) 378-6098', '1/11/2019', 'Student'),
('I700777684', 'Norry', 'Casolla', '12/4/2006', '+46 (254) 146-6375', '11/5/2018', 'Student'),
('I700777685', 'Anthea', 'Wickey', '8/30/1992', '+86 (690) 449-5275', '4/8/2021', 'Student'),
('I700777686', 'Margalit', 'Vasichev', '9/13/1991', '+1 (816) 531-0762', '9/23/2021', 'Student'),
('I700777687', 'Alayne', 'Getley', '2/1/1995', '+86 (415) 258-2502', '5/3/2019', 'Student'),
('I700777688', 'Jerrie', 'Chyuerton', '9/18/2006', '+86 (933) 351-9616', '2/9/2019', 'Student'),
('I700777689', 'Dee dee', 'Roseby', '3/13/2003', '+60 (356) 895-0534', '2/13/2020', 'Student'),
('I700777690', 'Dodi', 'Dethloff', '12/31/2000', '+86 (957) 340-4653', '10/14/2019', 'Student'),
('I700777691', 'Justinn', 'Joyner', '9/25/2001', '+86 (978) 376-6997', '8/25/2021', 'Student'),
('I700777692', 'Derron', 'Fetherstan', '1/8/1991', '+62 (290) 305-2249', '2/3/2020', 'Student'),
('I700777693', 'Nolan', 'Fitchen', '2/3/2010', '+34 (998) 222-0554', '7/25/2019', 'Student'),
('I700777694', 'Helli', 'Brabban', '2/15/2001', '+98 (776) 887-1586', '11/29/2018', 'Student'),
('I700777695', 'Dasya', 'Brigge', '5/26/1995', '+46 (238) 703-5309', '2/9/2019', 'Student'),
('I700777696', 'Barbra', 'Gavozzi', '10/16/1992', '+351 (563) 718-6921', '3/6/2021', 'Student'),
('I700777697', 'Brigitta', 'Caze', '7/3/2010', '+257 (496) 282-0672', '9/2/2019', 'Student'),
('I700777698', 'Idell', 'Oriel', '2/9/2006', '+62 (279) 716-5054', '11/6/2019', 'Student'),
('I700777699', 'Honor', 'Stacy', '12/16/2009', '+86 (398) 503-9449', '5/19/2021', 'Student'),
('I700777700', 'Ianthe', 'Stempe', '12/5/1993', '+33 (780) 236-2689', '7/14/2020', 'Student'),
('I700777701', 'Katherina', 'Heaton', '10/30/1996', '+687 (813) 792-8896', '9/5/2021', 'Student'),
('I700777702', 'Karmen', 'Kopp', '9/20/2000', '+420 (980) 950-8885', '12/5/2018', 'Student'),
('I700777703', 'Madella', 'Phipson', '5/21/2007', '+61 (694) 503-4127', '8/31/2019', 'Student'),
('I700777704', 'Jermaine', 'Gardiner', '6/7/2010', '+62 (795) 677-5963', '9/22/2019', 'Student'),
('I700777705', 'Ann-marie', 'Seeviour', '5/22/1997', '+54 (152) 205-3820', '10/1/2021', 'Student'),
('I700777706', 'Anabella', 'Endersby', '10/16/1993', '+86 (778) 497-5241', '11/24/2018', 'Student'),
('I700777707', 'Arron', 'Luter', '2/4/1990', '+505 (208) 342-1168', '2/9/2021', 'Student'),
('I700777708', 'Bevan', 'Tarpey', '11/26/1996', '+27 (488) 593-2780', '10/12/2020', 'Student'),
('I700777709', 'Berke', 'Winscum', '6/14/2007', '+63 (381) 222-5798', '5/14/2020', 'Student'),
('I700777710', 'Rora', 'Cavey', '5/21/2008', '+55 (586) 849-3176', '9/25/2021', 'Student'),
('I700777711', 'Whitman', 'Kilminster', '2/23/1999', '+86 (138) 398-0115', '9/29/2020', 'Student'),
('I700777712', 'Weidar', 'Velareal', '3/3/2008', '+66 (639) 866-1344', '4/10/2021', 'Student'),
('I700777713', 'Tansy', 'Bicksteth', '11/20/1990', '+46 (960) 454-3881', '5/1/2020', 'Student'),
('I700777714', 'Russell', 'Itzkin', '3/4/1995', '+358 (379) 286-6445', '12/5/2019', 'Student'),
('I700777715', 'Alfred', 'Smallwood', '6/8/2004', '+7 (666) 646-1901', '5/16/2019', 'Student'),
('I700777716', 'Niki', 'Tyrrell', '9/4/1990', '+55 (136) 147-5036', '5/30/2021', 'Student'),
('I700777717', 'Kelvin', 'Sandercroft', '9/21/1990', '+420 (535) 177-0625', '12/10/2018', 'Student'),
('I700777718', 'Vivi', 'De Domenici', '1/17/1995', '+48 (677) 311-8589', '11/8/2018', 'Student'),
('I700777719', 'Wynn', 'Trolley', '5/27/2003', '+66 (131) 155-3254', '8/23/2021', 'Student'),
('I700777720', 'Innis', 'Libri', '7/29/2001', '+7 (667) 572-4684', '4/24/2019', 'Student'),
('I700777721', 'Oralle', 'Sone', '7/13/2003', '+81 (589) 497-7266', '5/16/2021', 'Student'),
('I700777722', 'Gabriell', 'Kenington', '9/3/1995', '+237 (760) 133-1585', '9/6/2019', 'Student'),
('I700777723', 'Tresa', 'Conboy', '2/20/2002', '+46 (366) 446-8011', '9/30/2019', 'Student'),
('I700777724', 'Suellen', 'Penman', '4/7/1993', '+355 (818) 768-3640', '5/22/2021', 'Student'),
('I700777725', 'Cecil', 'Cuddihy', '10/8/1999', '+381 (367) 695-5340', '2/12/2020', 'Student'),
('I700777726', 'Shermy', 'Andrejevic', '12/31/1990', '+359 (828) 855-2418', '5/7/2019', 'Student'),
('I700777727', 'Claudell', 'Brighouse', '2/7/2009', '+86 (472) 363-6301', '8/17/2019', 'Student'),
('I700777728', 'Ennis', 'Westgate', '10/9/2007', '+351 (494) 114-7724', '8/11/2021', 'Student'),
('I700777729', 'Tisha', 'McLelland', '7/19/2004', '+385 (999) 376-0979', '6/13/2020', 'Student'),
('I700777730', 'Brandtr', 'O\'Fallone', '12/29/2008', '+62 (905) 350-1494', '5/27/2021', 'Student'),
('I700777731', 'Emmet', 'Bende', '11/22/2001', '+55 (404) 644-5966', '12/2/2020', 'Student'),
('I700777732', 'Astrid', 'Graham', '12/26/1990', '+48 (887) 348-4663', '7/13/2019', 'Student'),
('I700777733', 'Willy', 'Harg', '9/29/1995', '+86 (683) 329-9981', '12/11/2020', 'Student'),
('I700777734', 'Arnie', 'Dudin', '2/8/2010', '+255 (959) 916-8664', '6/9/2020', 'Student'),
('I700777735', 'Jarib', 'Schreiner', '4/4/2003', '+63 (679) 620-3266', '7/15/2020', 'Student'),
('I700777736', 'Ned', 'Gammage', '5/23/2005', '+62 (554) 474-7743', '5/22/2019', 'Student'),
('I700777737', 'Hortensia', 'Hatwells', '3/21/1994', '+7 (757) 593-9732', '3/9/2019', 'Student'),
('I700777738', 'Brigit', 'Walden', '12/7/2008', '+53 (958) 166-3279', '4/8/2020', 'Student'),
('I700777739', 'Christen', 'Cheetam', '6/22/1994', '+86 (952) 139-0532', '7/31/2019', 'Student'),
('I700777740', 'Rubina', 'Snaden', '11/13/2008', '+381 (579) 743-3341', '1/2/2021', 'Student'),
('I700777741', 'Ezequiel', 'Broadnicke', '9/7/2004', '+60 (967) 906-4898', '1/6/2019', 'Student'),
('I700777742', 'Eadith', 'Ratt', '6/20/2001', '+54 (113) 927-9748', '7/31/2021', 'Student'),
('I700777743', 'Christalle', 'Trice', '12/24/1998', '+86 (246) 827-7387', '8/12/2020', 'Student'),
('I700777744', 'Neala', 'Charsley', '11/21/2009', '+55 (701) 478-3656', '12/5/2019', 'Student'),
('I700777745', 'Fielding', 'Lithgow', '4/25/2008', '+86 (808) 523-2766', '4/21/2021', 'Student'),
('I700777746', 'Jacobo', 'D\'Ambrosio', '5/7/2001', '+58 (749) 928-8841', '8/4/2021', 'Student'),
('I700777747', 'Willi', 'Stephen', '11/7/2002', '+86 (545) 103-3646', '5/27/2021', 'Student'),
('I700777748', 'Juliette', 'Boyde', '7/7/2002', '+63 (723) 532-0790', '12/19/2018', 'Student'),
('I700777749', 'Steven', 'Kindley', '7/26/2008', '+48 (617) 566-9772', '3/4/2021', 'Student'),
('I700777750', 'Norah', 'Drane', '4/29/2002', '+374 (502) 599-5917', '5/19/2019', 'Student'),
('I700777751', 'Oralee', 'Sargent', '3/26/2002', '+63 (679) 585-3570', '6/29/2019', 'Student'),
('I700777752', 'Vasilis', 'Bernadot', '12/20/2007', '+86 (885) 916-1612', '10/16/2021', 'Student'),
('I700777753', 'Danice', 'Creighton', '3/5/2007', '+62 (480) 569-7345', '7/16/2020', 'Student'),
('I700777754', 'Melissa', 'Risdale', '8/3/1994', '+503 (875) 769-9455', '1/1/2019', 'Student'),
('I700777755', 'Sawyere', 'Atyeo', '7/19/1992', '+380 (974) 192-2575', '4/4/2019', 'Student'),
('I700777756', 'Chad', 'Pettus', '11/23/2009', '+66 (256) 470-2616', '6/12/2021', 'Student'),
('I700777757', 'Aloisia', 'Gardiner', '8/19/1998', '+1 (859) 910-9820', '5/5/2020', 'Student'),
('I700777758', 'Fifine', 'Carsberg', '3/20/2002', '+1 (408) 997-2740', '3/9/2020', 'Student'),
('I700777759', 'Barrett', 'Duddle', '12/8/2000', '+48 (810) 166-1607', '3/31/2020', 'Student'),
('I700777760', 'Avrom', 'Althrope', '2/7/1996', '+47 (987) 228-4065', '8/9/2021', 'Student'),
('I700777761', 'Rosene', 'Becken', '4/7/2006', '+63 (266) 672-1338', '1/7/2019', 'Student'),
('I700777762', 'Rik', 'Enefer', '1/25/1991', '+7 (789) 678-9338', '12/22/2020', 'Student'),
('I700777763', 'Gwenora', 'Bowers', '3/27/2008', '+86 (953) 503-8773', '4/6/2019', 'Student'),
('I700777764', 'Minni', 'Le Grand', '12/20/1999', '+81 (372) 232-0533', '6/18/2019', 'Student'),
('I700777765', 'Beret', 'Bennetto', '1/6/2009', '+81 (970) 729-9587', '1/23/2019', 'Student'),
('I700777766', 'Muriel', 'Blanche', '1/8/2001', '+63 (470) 796-2870', '3/22/2019', 'Student'),
('I700777767', 'Alyss', 'Longdon', '1/4/1991', '+7 (892) 864-1817', '5/18/2021', 'Student'),
('I700777768', 'Christean', 'Haxley', '7/18/2009', '+993 (279) 977-3079', '6/25/2021', 'Student'),
('I700777769', 'Odessa', 'Whaplington', '9/17/1991', '+62 (881) 762-7288', '5/10/2020', 'Student'),
('I700777770', 'Dory', 'Heelis', '9/21/2006', '+86 (382) 860-5434', '9/22/2019', 'Student'),
('I700777771', 'Keary', 'Nunes Nabarro', '5/9/1999', '+269 (503) 461-1104', '5/6/2020', 'Student'),
('I700777772', 'Rosina', 'Grigoletti', '2/19/1991', '+57 (652) 177-1500', '12/30/2019', 'Student'),
('I700777773', 'Vivianna', 'Eseler', '11/27/1996', '+86 (146) 729-1135', '7/28/2019', 'Student'),
('I700777774', 'Mycah', 'Lauritsen', '8/10/2010', '+63 (285) 181-0445', '10/31/2020', 'Student'),
('I700777775', 'Seline', 'Ballantine', '10/9/2008', '+62 (379) 872-3183', '3/23/2020', 'Student'),
('I700777776', 'Frazier', 'Huccaby', '3/11/1996', '+503 (583) 167-2451', '6/6/2020', 'Student'),
('I700777777', 'Mareah', 'Rubinowitch', '2/18/2002', '+86 (942) 130-7518', '1/29/2020', 'Student'),
('I700777778', 'Gabbie', 'Ferry', '4/27/1990', '+81 (386) 178-4256', '6/2/2021', 'Student'),
('I700777779', 'Lynnea', 'Woonton', '5/20/1992', '+370 (374) 885-9340', '9/12/2019', 'Student'),
('I700777780', 'Brittaney', 'Tinner', '8/23/1992', '+86 (182) 519-9371', '3/3/2019', 'Student'),
('I700777781', 'Kelwin', 'Fidoe', '10/9/1995', '+63 (145) 267-4936', '6/19/2021', 'Student'),
('I700777782', 'Geordie', 'Clurow', '11/1/1990', '+7 (603) 100-6174', '3/29/2021', 'Student'),
('I700777783', 'Genovera', 'Pentelo', '11/8/1990', '+46 (872) 723-1694', '10/29/2018', 'Student'),
('I700777784', 'Locke', 'Jolliff', '10/2/1994', '+86 (359) 209-9100', '7/25/2020', 'Student'),
('I700777785', 'Letisha', 'Managh', '6/4/2009', '+51 (172) 282-1940', '10/30/2018', 'Student'),
('I700777786', 'Sandro', 'Hudghton', '1/18/1999', '+372 (205) 274-9749', '8/24/2021', 'Student'),
('I700777787', 'Mamie', 'Guisot', '8/21/1993', '+52 (796) 218-2964', '11/17/2019', 'Student'),
('I700777788', 'Benjie', 'Scholcroft', '10/21/1995', '+86 (558) 148-2182', '12/16/2019', 'Student'),
('I700777789', 'Nelia', 'Harhoff', '4/20/2010', '+48 (360) 222-9080', '1/20/2021', 'Student'),
('I700777790', 'Wit', 'Gambles', '1/9/2007', '+33 (941) 519-7098', '8/21/2019', 'Student'),
('I700777791', 'Martelle', 'Almeida', '2/27/2002', '+86 (808) 430-7396', '10/9/2021', 'Student'),
('I700777792', 'Donielle', 'Ettridge', '8/29/2001', '+216 (232) 439-7720', '11/21/2020', 'Student'),
('I700777793', 'Garnet', 'Cadwallader', '4/29/1992', '+63 (437) 773-1582', '8/3/2019', 'Student'),
('I700777794', 'Deeyn', 'Gofforth', '3/24/2000', '+386 (870) 368-0063', '5/7/2021', 'Student'),
('I700777795', 'Farr', 'Guyonnet', '7/13/1991', '+33 (125) 186-0404', '8/19/2020', 'Student'),
('I700777796', 'Jobyna', 'Brandes', '1/3/2001', '+86 (253) 211-7751', '5/20/2020', 'Student'),
('I700777797', 'George', 'Siemon', '4/2/2010', '+48 (272) 624-0878', '6/10/2021', 'Student'),
('I700777798', 'Hakeem', 'Pucknell', '5/3/1993', '+351 (215) 362-9087', '11/28/2019', 'Student'),
('I700777799', 'Judy', 'Simioli', '10/4/2001', '+420 (432) 299-5577', '5/26/2021', 'Student'),
('I700777800', 'Wilona', 'O\'Shavlan', '12/17/2001', '+374 (757) 842-7210', '3/1/2020', 'Student'),
('I700777801', 'Gweneth', 'Loxston', '12/13/1992', '+45 (822) 408-9606', '10/22/2020', 'Student'),
('I700777802', 'Jasmin', 'Cino', '6/29/2003', '+55 (616) 476-0467', '3/20/2019', 'Student'),
('I700777803', 'Garnette', 'Brozek', '12/6/1994', '+7 (250) 644-1065', '5/26/2020', 'Student'),
('I700777804', 'Simona', 'Gurnett', '10/9/1990', '+63 (555) 500-7776', '5/22/2019', 'Student'),
('I700777805', 'Olly', 'Baulk', '1/3/2003', '+423 (165) 761-3865', '7/11/2020', 'Student'),
('I700777806', 'Bil', 'Attewell', '1/26/1992', '+1 (451) 644-3658', '5/7/2021', 'Student'),
('I700777807', 'Batsheva', 'Bordman', '1/8/1999', '+92 (152) 455-2701', '6/6/2021', 'Student'),
('I700777808', 'Guglielma', 'Snepp', '2/2/1997', '+62 (730) 337-5480', '11/17/2020', 'Student'),
('I700777809', 'Harold', 'Kesten', '5/9/2002', '+81 (515) 350-7243', '4/21/2019', 'Student'),
('I700777810', 'Randall', 'Curgenuer', '7/11/1997', '+237 (348) 490-7013', '5/30/2020', 'Student'),
('I700777811', 'Marleah', 'Durbyn', '4/14/2006', '+380 (587) 814-8916', '8/22/2020', 'Student'),
('I700777812', 'Lamont', 'MacKomb', '5/29/1996', '+86 (170) 625-5424', '7/23/2021', 'Student'),
('I700777813', 'Donnajean', 'Winscomb', '11/27/2008', '+1 (944) 182-5244', '5/17/2019', 'Student'),
('I700777814', 'Minni', 'Bragge', '12/20/1998', '+55 (223) 481-8638', '3/1/2019', 'Student'),
('I700777815', 'Tristan', 'Chanders', '8/3/2003', '+46 (124) 835-0074', '10/29/2019', 'Student'),
('I700777816', 'Ophelia', 'Hurran', '10/17/1995', '+62 (810) 801-5244', '12/22/2019', 'Student'),
('I700777817', 'Rodie', 'Bendan', '6/2/1995', '+374 (742) 865-0631', '10/2/2021', 'Student'),
('I700777818', 'Nikoletta', 'Spera', '8/2/1993', '+55 (168) 986-1703', '10/18/2019', 'Student'),
('I700777819', 'Brynn', 'Fiske', '2/4/1993', '+86 (274) 280-6416', '4/1/2021', 'Student'),
('I700777820', 'Chrissy', 'Linsey', '9/11/1991', '+353 (557) 855-4156', '2/8/2020', 'Student'),
('I700777821', 'Heda', 'Lidster', '1/30/2008', '+62 (837) 517-7251', '8/17/2021', 'Student'),
('I700777822', 'Ellyn', 'Hardman', '5/2/1991', '+62 (875) 119-0421', '6/24/2019', 'Student'),
('I700777823', 'Tandi', 'Eykelhof', '5/7/2003', '+420 (341) 340-8576', '5/17/2019', 'Student'),
('I700777824', 'Jory', 'Mingotti', '3/14/2001', '+86 (371) 386-6688', '4/11/2019', 'Student'),
('I700777825', 'Dacie', 'Markus', '2/15/2010', '+256 (122) 204-6699', '7/14/2020', 'Student'),
('I700777826', 'Thornie', 'Shevels', '5/2/1994', '+351 (325) 182-6446', '12/18/2018', 'Student'),
('I700777827', 'Wileen', 'Kingsford', '12/25/2009', '+504 (133) 858-0565', '4/12/2020', 'Student'),
('I700777828', 'Harli', 'Peteri', '11/21/2008', '+48 (588) 759-7366', '3/25/2021', 'Student'),
('I700777829', 'Bethina', 'Lack', '8/31/1999', '+48 (735) 353-1044', '4/28/2020', 'Student'),
('I700777830', 'Bobbe', 'Lethbury', '5/14/2009', '+92 (876) 998-3236', '8/26/2021', 'Student'),
('I700777831', 'Waverly', 'Tollet', '7/29/1995', '+420 (414) 719-3613', '1/12/2019', 'Student'),
('I700777832', 'Allie', 'Rickwood', '1/5/1997', '+351 (234) 258-1119', '7/16/2019', 'Student'),
('I700777833', 'Valera', 'Dingivan', '12/21/2005', '+86 (125) 683-1092', '8/5/2020', 'Student'),
('I700777834', 'Vania', 'Dibbe', '2/22/2007', '+62 (137) 864-2957', '11/23/2018', 'Student'),
('I700777835', 'Quintin', 'Jailler', '10/21/1994', '+595 (977) 394-5407', '4/14/2020', 'Student'),
('I700777836', 'Ardelia', 'Wisher', '11/30/1991', '+234 (238) 859-0840', '8/7/2021', 'Student'),
('I700777837', 'Corabel', 'Fosher', '11/6/2002', '+95 (716) 785-8511', '2/22/2020', 'Student'),
('I700777838', 'Rafa', 'Tangye', '8/8/2002', '+380 (615) 996-9694', '10/31/2019', 'Student'),
('I700777839', 'Dermot', 'Grigori', '8/4/2001', '+976 (932) 930-7344', '5/22/2021', 'Student'),
('I700777840', 'Ramon', 'Batchelor', '5/27/1991', '+387 (514) 441-7408', '5/17/2021', 'Student'),
('I700777841', 'Vyky', 'Hagley', '8/12/2008', '+242 (861) 920-4732', '7/31/2019', 'Student'),
('I700777842', 'Ardine', 'Timmens', '1/7/2003', '+351 (892) 557-1924', '8/13/2019', 'Student'),
('I700777843', 'Aldo', 'Coomber', '7/30/2000', '+86 (622) 556-5491', '5/22/2019', 'Student'),
('I700777844', 'Jeana', 'Orange', '6/8/1996', '+62 (736) 380-7606', '10/12/2020', 'Student'),
('I700777845', 'Arlee', 'Dimelow', '10/27/1992', '+55 (662) 889-6746', '10/13/2021', 'Student'),
('I700777846', 'Beauregard', 'Rumbellow', '5/15/2000', '+385 (853) 170-5964', '6/12/2020', 'Student'),
('I700777847', 'Gena', 'Churches', '6/4/2010', '+7 (188) 884-2924', '12/31/2019', 'Student'),
('I700777848', 'Catha', 'Scemp', '1/28/1998', '+62 (943) 114-0176', '12/10/2019', 'Student'),
('I700777849', 'Redford', 'Marushak', '1/18/2002', '+7 (567) 553-5230', '4/17/2019', 'Student'),
('I700777850', 'Isidoro', 'Sproat', '4/28/1994', '+86 (921) 787-8045', '12/10/2019', 'Student'),
('I700777851', 'Tiffi', 'Flintiff', '8/5/1993', '+63 (108) 294-8365', '2/18/2021', 'Student'),
('I700777852', 'Ring', 'Elia', '10/4/2007', '+7 (726) 180-9735', '8/11/2020', 'Student'),
('I700777853', 'Gib', 'Marikhin', '7/17/2010', '+66 (421) 775-5773', '10/1/2019', 'Student'),
('I700777854', 'Dyanna', 'Harmant', '12/27/1994', '+55 (678) 193-4474', '7/14/2019', 'Student'),
('I700777855', 'Rosalind', 'Fonso', '12/1/2006', '+62 (426) 719-7042', '1/10/2020', 'Student'),
('I700777856', 'Elke', 'Stirrip', '7/21/1996', '+81 (119) 459-4411', '12/2/2020', 'Student'),
('I700777857', 'Pennie', 'Alban', '11/16/2008', '+33 (436) 269-1681', '12/2/2018', 'Student'),
('I700777858', 'Lainey', 'Danbury', '3/9/1991', '+86 (389) 253-9525', '11/9/2019', 'Student'),
('I700777859', 'Meggy', 'Gonnelly', '5/2/2001', '+56 (762) 701-3532', '6/22/2019', 'Student'),
('I700777860', 'Blaine', 'Sedgemore', '9/24/1995', '+86 (216) 323-8570', '9/24/2021', 'Student'),
('I700777861', 'Blayne', 'Longstreeth', '1/31/2009', '+966 (587) 213-3349', '10/24/2020', 'Student'),
('I700777862', 'Jamal', 'Chateau', '11/5/1994', '+57 (827) 667-9684', '5/11/2019', 'Student'),
('I700777863', 'Emmeline', 'McAlindon', '1/2/1996', '+234 (204) 257-2089', '2/4/2020', 'Student'),
('I700777864', 'Kirbee', 'Thomsson', '11/5/1990', '+240 (566) 282-5551', '9/5/2021', 'Student'),
('I700777865', 'Leslie', 'Hawthorn', '7/18/2009', '+52 (145) 677-3804', '1/12/2021', 'Student'),
('I700777866', 'Nichole', 'Schottli', '7/16/1998', '+48 (897) 520-4165', '7/10/2020', 'Student'),
('I700777867', 'Lionel', 'Methley', '5/9/1994', '+351 (601) 711-7257', '2/25/2021', 'Student'),
('I700777868', 'Paddy', 'Layman', '2/15/1997', '+86 (861) 142-5410', '7/19/2020', 'Student'),
('I700777869', 'Lynn', 'Bonsey', '2/22/2001', '+86 (142) 984-3193', '9/7/2021', 'Student'),
('I700777870', 'Salli', 'Lundy', '11/5/2007', '+48 (158) 932-1801', '5/3/2021', 'Student'),
('I700777871', 'Lionello', 'Webermann', '11/18/1992', '+82 (368) 355-5723', '12/20/2018', 'Student'),
('I700777872', 'Tera', 'Crehan', '1/22/2007', '+1 (918) 954-1645', '6/18/2021', 'Student'),
('I700777873', 'Hedda', 'Borrott', '8/11/2003', '+351 (804) 409-0557', '11/9/2020', 'Student'),
('I700777874', 'Giacinta', 'Hodcroft', '8/11/1994', '+7 (596) 209-4622', '4/18/2021', 'Student'),
('I700777875', 'Rosemonde', 'Banbrigge', '10/1/1999', '+33 (268) 969-7540', '10/28/2020', 'Student'),
('I700777876', 'Mattie', 'Mapston', '3/19/2001', '+62 (916) 458-0799', '2/26/2021', 'Student'),
('I700777877', 'Koo', 'Ayshford', '6/30/2008', '+353 (410) 966-7165', '10/1/2021', 'Student'),
('I700777878', 'Fredrick', 'Watman', '11/12/1996', '+86 (526) 729-5048', '4/25/2020', 'Student'),
('I700777879', 'Wilow', 'Lawleff', '2/21/1990', '+60 (247) 224-0534', '12/7/2019', 'Student'),
('I700777880', 'Jean', 'Shewry', '11/2/2002', '+372 (760) 852-6686', '9/19/2020', 'Student'),
('I700777881', 'Chryste', 'Artin', '9/13/2000', '+380 (444) 941-7951', '8/24/2020', 'Student'),
('I700777882', 'Moe', 'Dutson', '11/8/1994', '+63 (722) 245-5504', '8/8/2019', 'Student'),
('I700777883', 'Daveta', 'Alexsandrev', '11/16/2008', '+86 (919) 307-3679', '7/8/2021', 'Student'),
('I700777884', 'Codie', 'Gladhill', '7/27/2007', '+62 (551) 802-2369', '10/7/2021', 'Student'),
('I700777885', 'Martie', 'Sawney', '7/6/1992', '+61 (267) 409-1542', '4/6/2020', 'Student'),
('I700777886', 'Elfrieda', 'Bunt', '6/3/2000', '+249 (843) 907-8055', '1/2/2021', 'Student'),
('I700777887', 'Giovanna', 'Moohan', '12/29/2003', '+255 (707) 971-8866', '11/17/2020', 'Student'),
('I700777888', 'Dione', 'Stuther', '4/11/2008', '+62 (370) 458-3864', '11/19/2020', 'Student'),
('I700777889', 'Tobin', 'Foy', '3/28/1994', '+257 (352) 587-5498', '2/2/2021', 'Student'),
('I700777890', 'Yurik', 'Gadney', '12/5/2004', '+98 (437) 833-3917', '7/3/2020', 'Student'),
('I700777891', 'Charlot', 'O\'Coskerry', '11/1/2003', '+967 (990) 981-4286', '12/15/2019', 'Student'),
('I700777892', 'Jone', 'Rowthorn', '2/4/1994', '+63 (445) 870-1142', '6/15/2020', 'Student'),
('I700777893', 'Elset', 'Wandtke', '11/11/2004', '+49 (943) 982-6502', '11/21/2018', 'Student'),
('I700777894', 'Fitz', 'O\'Keeffe', '6/26/2000', '+33 (234) 544-6543', '4/2/2020', 'Student'),
('I700777895', 'Iona', 'Stoade', '8/12/1999', '+46 (667) 343-9208', '7/13/2019', 'Student'),
('I700777896', 'Kettie', 'Matthew', '12/6/1994', '+7 (754) 683-1561', '7/7/2020', 'Student'),
('I700777897', 'Bail', 'Guerrero', '4/19/1994', '+62 (178) 660-6966', '9/8/2020', 'Student'),
('I700777898', 'Del', 'Goodspeed', '3/3/2000', '+55 (546) 191-8728', '11/17/2020', 'Student'),
('I700777899', 'Ingaberg', 'Bastick', '11/23/2000', '+55 (618) 492-2596', '5/30/2021', 'Student'),
('I700777900', 'Georgeanne', 'Poynzer', '11/16/2007', '+62 (607) 889-9479', '8/14/2019', 'Student'),
('I700777901', 'Leupold', 'Aggs', '4/23/2010', '+57 (343) 853-4721', '12/11/2019', 'Student'),
('I700777902', 'Fredia', 'Kremer', '3/2/2007', '+353 (628) 122-7628', '1/2/2021', 'Student'),
('I700777903', 'Starlene', 'Crust', '12/21/1990', '+86 (545) 334-1076', '7/12/2021', 'Student'),
('I700777904', 'Coreen', 'Bridgewater', '3/19/1995', '+380 (327) 246-2773', '3/18/2019', 'Student'),
('I700777905', 'Donna', 'Job', '6/17/1992', '+7 (607) 921-0436', '1/31/2020', 'Student'),
('I700777906', 'Nadeen', 'Shall', '9/8/1993', '+62 (668) 378-9883', '9/3/2019', 'Student'),
('I700777907', 'Ralina', 'Davey', '12/18/1996', '+51 (272) 372-2602', '12/30/2020', 'Student'),
('I700777908', 'Mortie', 'Slater', '1/31/2008', '+63 (962) 778-9333', '1/13/2019', 'Student'),
('I700777909', 'Marthe', 'Patron', '4/8/2009', '+1 (360) 659-3199', '6/12/2019', 'Student'),
('I700777910', 'Andi', 'McCane', '11/11/2004', '+966 (985) 764-7132', '6/14/2019', 'Student'),
('I700777911', 'Krisha', 'Jest', '1/23/1993', '+46 (913) 359-8342', '5/3/2019', 'Student'),
('I700777912', 'Ignazio', 'Weymouth', '9/23/1991', '+257 (402) 466-1003', '4/1/2019', 'Student'),
('I700777913', 'Bentlee', 'Syddie', '12/14/1990', '+62 (758) 932-9384', '3/8/2019', 'Student'),
('I700777914', 'Anette', 'Denisard', '9/7/1994', '+86 (762) 746-8845', '4/5/2020', 'Student'),
('I700777915', 'Anna-diana', 'Gabe', '5/18/2008', '+420 (243) 202-4322', '8/24/2020', 'Student'),
('I700777916', 'Robinetta', 'Nation', '12/9/1995', '+81 (214) 919-2127', '8/4/2020', 'Student'),
('I700777917', 'Nial', 'Lukock', '4/29/1995', '+1 (309) 126-4614', '10/25/2018', 'Student'),
('I700777918', 'Conni', 'Rutty', '11/22/1998', '+86 (161) 961-3110', '2/18/2019', 'Student'),
('I700777919', 'Amos', 'Pressey', '10/26/1992', '+62 (251) 778-6107', '5/22/2019', 'Student'),
('I700777920', 'Suzanne', 'Cominoli', '9/22/2004', '+504 (244) 613-6890', '8/24/2020', 'Student'),
('I700777921', 'Salem', 'Callar', '1/30/1992', '+7 (125) 244-9850', '9/4/2020', 'Student'),
('I700777922', 'Mari', 'Wylder', '3/15/2006', '+225 (517) 546-3764', '6/21/2020', 'Student'),
('I700777923', 'Elsie', 'Melesk', '12/3/1998', '+84 (377) 801-0389', '5/19/2021', 'Student'),
('I700777924', 'Brenden', 'Debrett', '11/9/1993', '+86 (533) 626-9188', '3/20/2021', 'Student'),
('I700777925', 'Joshuah', 'Aizlewood', '1/24/2002', '+992 (959) 261-4926', '10/28/2020', 'Student'),
('I700777926', 'Saundra', 'Gonet', '6/6/2001', '+1 (856) 508-5014', '1/7/2019', 'Student'),
('I700777927', 'Samuele', 'Ellsworthe', '4/4/2000', '+63 (668) 573-0062', '5/9/2021', 'Student'),
('I700777928', 'Ase', 'Bernadon', '5/30/1999', '+46 (331) 633-8175', '1/1/2021', 'Student'),
('I700777929', 'Stephanie', 'Horrigan', '10/6/1990', '+62 (426) 851-3680', '7/17/2020', 'Student'),
('I700777930', 'Krystyna', 'Wasiela', '9/8/2002', '+62 (782) 961-4739', '2/19/2020', 'Student'),
('I700777931', 'Lem', 'Cersey', '2/8/2001', '+62 (317) 106-2461', '5/23/2021', 'Student'),
('I700777932', 'Janel', 'Letertre', '2/20/1990', '+82 (887) 142-6210', '12/14/2019', 'Student'),
('I700777933', 'Tally', 'Manis', '5/9/1990', '+86 (993) 392-6213', '5/3/2021', 'Student'),
('I700777934', 'Israel', 'Jane', '5/9/2007', '+380 (397) 713-4592', '1/2/2021', 'Student'),
('I700777935', 'Milissent', 'Camlin', '4/3/2002', '+7 (144) 430-0715', '10/16/2019', 'Student'),
('I700777936', 'Donovan', 'Huzzey', '11/27/2003', '+86 (894) 382-7086', '1/6/2019', 'Student'),
('I700777937', 'Cosetta', 'Yurtsev', '3/10/2003', '+86 (451) 439-5164', '8/11/2019', 'Student'),
('I700777938', 'Fifi', 'Hogbourne', '10/5/1997', '+420 (645) 544-3655', '8/16/2021', 'Student'),
('I700777939', 'Andonis', 'Hubert', '9/3/1993', '+33 (531) 651-9095', '3/6/2020', 'Student'),
('I700777940', 'Roscoe', 'Mussilli', '4/21/1998', '+63 (956) 933-2239', '7/6/2021', 'Student'),
('I700777941', 'Shaine', 'Pepys', '10/10/2008', '+48 (137) 773-9234', '1/18/2020', 'Student'),
('I700777942', 'Pavlov', 'Stearn', '2/18/2004', '+54 (547) 293-4237', '8/23/2020', 'Student'),
('I700777943', 'Fairlie', 'English', '5/6/2001', '+976 (777) 560-2142', '7/31/2020', 'Student'),
('I700777944', 'Giralda', 'Dean', '8/24/1990', '+86 (349) 898-2490', '11/8/2018', 'Student'),
('I700777945', 'Orsa', 'Cooper', '6/5/2010', '+52 (603) 911-5808', '7/8/2021', 'Student'),
('I700777946', 'Job', 'Bracer', '9/27/2006', '+389 (588) 196-4831', '7/17/2019', 'Student'),
('I700777947', 'Neile', 'Kenwrick', '9/25/2002', '+86 (703) 458-5287', '10/23/2019', 'Student'),
('I700777948', 'Melisandra', 'Abrahamian', '5/23/1997', '+678 (627) 555-4246', '6/15/2021', 'Student'),
('I700777949', 'Delbert', 'Dumbrall', '8/26/2002', '+51 (322) 747-8762', '4/26/2020', 'Student'),
('I700777950', 'Margot', 'Caselli', '12/16/2008', '+244 (400) 811-9941', '6/17/2019', 'Student'),
('I700777951', 'Farr', 'Lauder', '4/10/2004', '+967 (262) 895-0278', '6/28/2020', 'Student'),
('I700777952', 'Dyanne', 'Pringley', '5/12/2003', '+252 (716) 269-3741', '9/27/2019', 'Student'),
('I700777953', 'Ryann', 'McPhillimey', '5/1/2001', '+86 (195) 501-5343', '5/17/2020', 'Student'),
('I700777954', 'Gates', 'Treamayne', '1/11/2010', '+51 (553) 760-9107', '10/4/2019', 'Student'),
('I700777955', 'Ryun', 'Crafts', '2/17/1997', '+46 (859) 755-0665', '1/23/2020', 'Student'),
('I700777956', 'Gretel', 'Bennetts', '3/31/2003', '+48 (584) 613-9431', '1/25/2019', 'Student'),
('I700777957', 'Gabbey', 'Pigdon', '5/14/2010', '+86 (442) 563-3610', '11/28/2020', 'Student'),
('I700777958', 'Gwendolen', 'Bohling', '9/5/2007', '+84 (529) 938-3481', '5/9/2019', 'Student'),
('I700777959', 'Elbertine', 'Ertel', '1/9/2002', '+689 (447) 750-9312', '5/19/2021', 'Student'),
('I700777960', 'Helenka', 'Durram', '11/16/1992', '+46 (538) 455-4769', '4/22/2021', 'Student'),
('I700777961', 'Abran', 'Callander', '10/31/2004', '+54 (666) 544-3509', '2/11/2021', 'Student'),
('I700777962', 'Joey', 'Pimblett', '1/29/2007', '+86 (405) 663-9235', '3/12/2021', 'Student'),
('I700777963', 'Ruthie', 'Dearman', '3/29/2004', '+62 (170) 238-8959', '1/4/2021', 'Student'),
('I700777964', 'Anny', 'Landon', '11/17/1993', '+504 (635) 684-3629', '2/12/2021', 'Student'),
('I700777965', 'Gertrude', 'Skippings', '4/12/1999', '+66 (852) 857-1699', '12/19/2019', 'Student'),
('I700777966', 'Hilary', 'Beckitt', '3/2/2005', '+1 (912) 224-4967', '6/10/2020', 'Student'),
('I700777967', 'Willdon', 'Branwhite', '2/8/1999', '+86 (968) 284-6178', '10/15/2021', 'Student'),
('I700777968', 'Sidney', 'Walklot', '9/26/1990', '+52 (782) 828-3214', '1/21/2020', 'Student'),
('I700777969', 'Audra', 'Gutch', '11/27/1994', '+86 (929) 479-7722', '4/24/2019', 'Student'),
('I700777970', 'Vinson', 'Paulsson', '4/21/2009', '+48 (774) 496-1128', '6/14/2020', 'Student'),
('I700777971', 'Arlan', 'Philcock', '9/28/1996', '+372 (421) 343-7744', '6/11/2019', 'Student'),
('I700777972', 'Valry', 'Footitt', '8/5/2007', '+86 (892) 508-6634', '9/26/2020', 'Student'),
('I700777973', 'Audy', 'Ballingal', '5/5/1991', '+7 (529) 999-1097', '12/26/2019', 'Student');
INSERT INTO `users` (`UserID`, `F_Name`, `L_Name`, `DOB`, `Phone`, `DateCreated`, `UserType`) VALUES
('I700777974', 'Erminie', 'Rogge', '5/14/2008', '+86 (591) 744-7652', '3/2/2021', 'Student'),
('I700777975', 'Burt', 'Welbelove', '8/12/2007', '+256 (182) 428-1224', '11/21/2019', 'Student'),
('I700777976', 'Anthiathia', 'Leith', '4/27/1991', '+62 (639) 887-6414', '12/11/2018', 'Student'),
('I700777977', 'Dwayne', 'Little', '3/20/1991', '+49 (961) 449-6632', '6/30/2021', 'Student'),
('I700777978', 'Glenn', 'O\'Fairy', '6/4/1996', '+7 (899) 530-4986', '8/26/2019', 'Student'),
('I700777979', 'Cornelle', 'Crier', '8/27/1997', '+86 (601) 666-1038', '12/24/2020', 'Student'),
('I700777980', 'Ruthann', 'Northam', '5/8/1992', '+62 (432) 596-5935', '3/23/2021', 'Student'),
('I700777981', 'Mireille', 'Gornall', '5/22/1998', '+81 (742) 173-6618', '11/30/2019', 'Student'),
('I700777982', 'Irvine', 'Moorhouse', '4/2/1999', '+7 (797) 112-1606', '8/14/2020', 'Student'),
('I700777983', 'Lowell', 'Greson', '7/22/2003', '+30 (437) 789-0038', '3/22/2021', 'Student'),
('I700777984', 'Dael', 'Stit', '12/26/2008', '+66 (773) 501-2981', '7/9/2021', 'Student'),
('I700777985', 'Mel', 'Davitti', '8/24/2006', '+44 (982) 203-2810', '6/6/2020', 'Student'),
('I700777986', 'Sheila', 'Gaucher', '12/18/2008', '+55 (312) 273-2654', '7/31/2021', 'Student'),
('I700777987', 'Nerte', 'Turfin', '1/17/2010', '+62 (946) 304-4016', '1/2/2021', 'Student'),
('I700777988', 'Jemimah', 'McCrow', '7/8/1998', '+86 (181) 547-5515', '8/14/2021', 'Student'),
('I700777989', 'Fanya', 'Youthed', '11/20/2001', '+1 (812) 947-3078', '10/21/2021', 'Student'),
('I700777990', 'Hebert', 'Hooks', '3/27/2005', '+39 (754) 178-8029', '9/8/2020', 'Student'),
('I700777991', 'Parke', 'Borne', '12/17/2008', '+98 (748) 476-2470', '12/19/2018', 'Student'),
('I700777992', 'Wood', 'Gostage', '7/7/2007', '+86 (648) 167-5454', '1/16/2021', 'Student'),
('I700777993', 'Annabell', 'Nassy', '4/17/2009', '+57 (869) 767-5004', '3/10/2019', 'Student'),
('I700777994', 'Melloney', 'Bettanay', '3/15/2000', '+62 (258) 137-6276', '7/22/2019', 'Student'),
('I700777995', 'Lissie', 'Bazoche', '10/31/2000', '+234 (530) 568-4553', '8/10/2019', 'Student'),
('I700777996', 'Betteanne', 'Rief', '3/28/1995', '+63 (555) 385-8984', '12/31/2019', 'Student'),
('I700777997', 'Fawne', 'Kernell', '9/11/2007', '+46 (476) 538-7660', '5/30/2021', 'Student'),
('I700777998', 'Latia', 'Felgate', '7/9/1999', '+30 (795) 682-6119', '11/7/2020', 'Student'),
('I700777999', 'Gracia', 'Durden', '2/6/2007', '+380 (321) 311-6895', '12/27/2018', 'Student'),
('I700778000', 'Lauree', 'MacGee', '9/3/1999', '+46 (405) 940-8057', '2/3/2021', 'Student'),
('I700778001', 'Ogden', 'Simak', '10/18/1995', '+86 (972) 459-6945', '8/21/2021', 'Student'),
('I700778002', 'Koenraad', 'Juza', '1/12/1992', '+86 (787) 513-6814', '1/19/2019', 'Student'),
('I700778003', 'Olivette', 'Stiling', '8/31/2008', '+86 (231) 889-3734', '9/20/2020', 'Student'),
('I700778004', 'Mariquilla', 'Drife', '9/8/2003', '+7 (908) 783-6267', '7/1/2021', 'Student'),
('I700778005', 'Sissie', 'Eschalette', '12/27/2006', '+51 (190) 677-8287', '12/7/2019', 'Student'),
('I700778006', 'Donovan', 'Hollingshead', '12/31/1991', '+86 (712) 699-1971', '12/17/2020', 'Student'),
('I700778007', 'Kelsey', 'Hales', '8/6/1990', '+7 (997) 673-2497', '8/16/2020', 'Student'),
('I700778008', 'Ara', 'O\'Kennavain', '12/17/1994', '+33 (445) 910-3874', '7/31/2020', 'Student'),
('I700778009', 'Charlena', 'Dusting', '7/6/2002', '+55 (302) 557-2186', '4/10/2021', 'Student'),
('I700778010', 'Sidonia', 'MacBean', '3/20/1998', '+371 (694) 155-8803', '2/2/2019', 'Student'),
('I700778011', 'Friederike', 'Gilardone', '10/29/1998', '+598 (954) 620-2171', '1/13/2020', 'Student'),
('I700778012', 'Marybelle', 'Elcombe', '4/29/2007', '+54 (127) 286-5418', '12/31/2020', 'Student'),
('I700778013', 'Nathalie', 'Deaconson', '9/17/2008', '+62 (969) 767-1381', '9/2/2020', 'Student'),
('I700778014', 'Blondelle', 'Fairpool', '6/20/1990', '+351 (770) 703-9300', '1/7/2019', 'Student'),
('I700778015', 'Ulrike', 'Stiven', '12/10/2002', '+39 (513) 265-6024', '12/26/2018', 'Student'),
('I700778016', 'Prudi', 'Murford', '4/27/1999', '+33 (678) 626-8357', '12/14/2020', 'Student'),
('I700778017', 'Renata', 'Summerly', '12/25/1990', '+54 (450) 998-9162', '9/12/2019', 'Student'),
('I700778018', 'Julita', 'Bodle', '11/7/2009', '+55 (247) 143-5934', '4/1/2019', 'Student'),
('I700778019', 'Liane', 'Goulbourne', '1/12/2003', '+62 (310) 174-1993', '5/23/2021', 'Student'),
('I700778020', 'Kane', 'Kobpa', '4/20/2002', '+62 (626) 532-8010', '12/30/2019', 'Student'),
('I700778021', 'Lorianna', 'Hendriks', '7/4/2001', '+7 (273) 750-4718', '9/23/2021', 'Student'),
('I700778022', 'York', 'McKaile', '3/31/1997', '+57 (467) 155-1580', '2/23/2021', 'Student'),
('I700778023', 'Dukie', 'Galea', '11/20/1998', '+1 (124) 210-0306', '9/27/2021', 'Student'),
('I700778024', 'Nikita', 'Greenlees', '5/9/2006', '+55 (458) 127-5333', '4/28/2020', 'Student'),
('I700778025', 'Elmore', 'Chazelle', '1/3/1991', '+33 (166) 798-9662', '1/1/2019', 'Student'),
('I700778026', 'Stefania', 'Grigaut', '8/15/2002', '+291 (752) 278-8716', '3/7/2019', 'Student'),
('I700778027', 'Abbe', 'Thoresbie', '8/1/1995', '+234 (216) 308-6442', '6/9/2021', 'Student'),
('I700778028', 'Vic', 'Damarell', '7/17/2005', '+7 (543) 773-8270', '4/21/2019', 'Student'),
('I700778029', 'Lucian', 'Busse', '1/28/2001', '+48 (986) 861-2925', '6/23/2020', 'Student'),
('I700778030', 'Sena', 'Walewski', '1/7/1991', '+48 (494) 558-3957', '8/24/2020', 'Student'),
('I700778031', 'Josefa', 'Limb', '4/5/1996', '+60 (713) 995-5437', '10/6/2020', 'Student'),
('I700778032', 'Steve', 'Champney', '2/4/2000', '+27 (481) 262-8798', '10/26/2020', 'Student'),
('I700778033', 'Melita', 'Sergeaunt', '7/4/2005', '+86 (738) 638-0683', '8/11/2021', 'Student'),
('I700778034', 'Gerek', 'Barlie', '11/19/1992', '+33 (113) 544-8095', '3/14/2020', 'Student'),
('I700778035', 'Hadrian', 'Sappell', '5/30/2010', '+62 (695) 515-2302', '10/2/2019', 'Student'),
('I700778036', 'Wyndham', 'Thornthwaite', '7/20/1998', '+880 (861) 675-4990', '5/4/2019', 'Student'),
('I700778037', 'Shirley', 'Sirr', '7/17/1995', '+81 (102) 415-6309', '2/29/2020', 'Student'),
('I700778038', 'Carolina', 'Tuffs', '10/2/2004', '+55 (962) 318-6868', '3/3/2020', 'Student'),
('I700778039', 'Sybila', 'Punton', '1/29/2010', '+63 (314) 465-2544', '4/13/2021', 'Student'),
('I700778040', 'Powell', 'Ceresa', '2/20/1996', '+7 (857) 417-4344', '5/9/2019', 'Student'),
('I700778041', 'Nikos', 'Mew', '8/13/1991', '+355 (133) 515-0779', '8/6/2019', 'Student'),
('I700778042', 'Linell', 'Windsor', '1/1/2003', '+1 (614) 491-3531', '5/8/2019', 'Student'),
('I700778043', 'Consolata', 'Borless', '9/24/2000', '+385 (144) 692-0530', '1/22/2019', 'Student'),
('I700778044', 'Ramsey', 'Worms', '9/20/1998', '+86 (809) 930-9119', '2/26/2019', 'Student'),
('I700778045', 'Alard', 'Mathon', '9/11/1998', '+234 (520) 575-9364', '12/30/2020', 'Student'),
('I700778046', 'Gena', 'Andri', '1/26/2008', '+212 (576) 375-0680', '11/20/2019', 'Student'),
('I700778047', 'Hersh', 'Maltby', '4/9/1992', '+86 (308) 293-6483', '12/13/2018', 'Student'),
('I700778048', 'Leoline', 'Hinsche', '2/16/1993', '+81 (784) 740-0927', '4/28/2020', 'Student'),
('I700778049', 'Rockey', 'Delaprelle', '8/31/1991', '+86 (985) 701-4363', '1/10/2021', 'Student'),
('I700778050', 'Leonid', 'Casewell', '7/15/2007', '+30 (366) 225-7191', '5/8/2019', 'Student'),
('I700778051', 'Ari', 'Berthe', '5/15/1993', '+33 (629) 580-7753', '2/25/2020', 'Student'),
('I700778052', 'Jacinda', 'Gillmor', '10/18/1994', '+1 (205) 588-2263', '4/15/2020', 'Student'),
('I700778053', 'Rubin', 'Berlin', '1/16/2002', '+86 (588) 116-3447', '7/13/2019', 'Student'),
('I700778054', 'Ethelin', 'Dewing', '6/14/1998', '+62 (694) 401-7459', '11/6/2018', 'Student'),
('I700778055', 'Germana', 'Flay', '2/20/1994', '+242 (900) 126-3233', '6/15/2020', 'Student'),
('I700778056', 'Rhoda', 'Bellay', '5/8/2002', '+86 (797) 428-7178', '12/29/2020', 'Student'),
('I700778057', 'Melesa', 'Cloke', '7/4/1997', '+389 (785) 581-3288', '3/2/2019', 'Student'),
('I700778058', 'Wilbert', 'Blyde', '3/27/1994', '+84 (140) 666-9691', '10/16/2021', 'Student'),
('I700778059', 'Karissa', 'Yablsley', '7/12/1990', '+351 (560) 574-3886', '10/18/2019', 'Student'),
('I700778060', 'Tonia', 'Malt', '6/8/1992', '+62 (147) 715-8157', '9/28/2019', 'Student'),
('I700778061', 'Blythe', 'Besset', '7/21/1996', '+7 (460) 177-8657', '8/5/2021', 'Student'),
('I700778062', 'Felicity', 'Ablewhite', '12/16/2002', '+48 (879) 414-4395', '2/23/2021', 'Student'),
('I700778063', 'Galen', 'Elecum', '5/15/1997', '+62 (629) 638-9339', '5/15/2019', 'Student'),
('I700778064', 'Miranda', 'Verni', '9/27/1999', '+7 (665) 426-1720', '8/9/2020', 'Student'),
('I700778065', 'Manolo', 'Soppett', '10/17/2008', '+251 (450) 457-3476', '2/14/2019', 'Student'),
('I700778066', 'Dav', 'Gott', '7/17/2001', '+1 (275) 766-2132', '7/1/2020', 'Student'),
('I700778067', 'Emlen', 'Beaven', '3/26/2000', '+7 (384) 892-7086', '12/7/2019', 'Student'),
('I700778068', 'Lorne', 'Ruos', '5/4/2004', '+63 (602) 995-8020', '10/26/2020', 'Student'),
('I700778069', 'Kelwin', 'Caukill', '12/26/2004', '+84 (453) 810-1948', '1/30/2020', 'Student'),
('I700778070', 'Clarinda', 'Inglis', '9/22/2008', '+998 (282) 259-3380', '10/10/2019', 'Student'),
('I700778071', 'Henri', 'Callender', '6/4/1992', '+66 (148) 832-3074', '11/2/2020', 'Student'),
('I700778072', 'Hazel', 'Benezet', '7/7/2003', '+355 (948) 333-3194', '3/19/2021', 'Student'),
('I700778073', 'Mylo', 'Dukesbury', '7/16/2007', '+62 (183) 556-9538', '6/10/2019', 'Student'),
('I700778074', 'Carroll', 'Verlinden', '1/4/2010', '+81 (332) 980-5554', '8/16/2019', 'Student'),
('I700778075', 'Turner', 'Rowlings', '12/24/2006', '+593 (791) 795-1847', '6/21/2021', 'Student'),
('I700778076', 'Micheal', 'Sesser', '6/6/1993', '+62 (305) 430-2263', '2/2/2021', 'Student'),
('I700778077', 'Winny', 'Oakshott', '2/27/1991', '+63 (400) 861-5805', '12/15/2018', 'Student'),
('I700778078', 'Hunter', 'Kowalik', '11/23/1992', '+351 (228) 538-9257', '6/5/2020', 'Student'),
('I700778079', 'Reuven', 'Grummitt', '3/24/2000', '+382 (851) 533-0524', '12/12/2020', 'Student'),
('I700778080', 'Deny', 'Burtwell', '6/29/1994', '+1 (815) 123-1253', '7/6/2021', 'Student'),
('I700778081', 'Thorndike', 'Coode', '6/1/2007', '+972 (512) 494-6885', '4/12/2019', 'Student'),
('I700778082', 'Dannye', 'Siene', '7/20/2007', '+972 (613) 552-9840', '3/1/2021', 'Student'),
('I700778083', 'Ingrid', 'Gillatt', '8/29/1993', '+62 (128) 380-0995', '6/12/2020', 'Student'),
('I700778084', 'Trista', 'Kneafsey', '6/18/1998', '+46 (358) 814-5641', '5/7/2020', 'Student'),
('I700778085', 'Reggi', 'Greensted', '1/15/1999', '+63 (103) 614-1898', '7/5/2021', 'Student'),
('I700778086', 'Burtie', 'Rowntree', '10/10/2001', '+86 (750) 973-8761', '3/2/2020', 'Student'),
('I700778087', 'Helen-elizabeth', 'Gentzsch', '8/14/1998', '+371 (823) 292-8589', '4/25/2021', 'Student'),
('I700778088', 'Vallie', 'Varden', '7/3/2009', '+62 (923) 179-9990', '2/13/2019', 'Student'),
('I700778089', 'Christa', 'Rudeforth', '3/10/1991', '+62 (220) 323-1159', '7/13/2020', 'Student'),
('I700778090', 'Dud', 'Cawley', '3/20/1990', '+7 (153) 879-9899', '6/19/2021', 'Student'),
('I700778091', 'Padraic', 'Coppock.', '7/14/1999', '+82 (431) 742-7091', '9/25/2020', 'Student'),
('I700778092', 'Spense', 'Shafier', '11/23/2008', '+86 (324) 307-5623', '9/13/2019', 'Student'),
('I700778093', 'Marthe', 'Ollet', '6/28/2005', '+55 (692) 879-1181', '7/5/2021', 'Student'),
('I700778094', 'Sofia', 'Widd', '2/26/1996', '+86 (989) 371-0429', '4/5/2021', 'Student'),
('I700778095', 'Tim', 'Bilfoot', '9/17/1994', '+380 (602) 209-6244', '12/15/2019', 'Student'),
('I700778096', 'Jeannette', 'Hague', '4/26/1990', '+62 (653) 790-7262', '7/6/2021', 'Student'),
('I700778097', 'Fremont', 'Barclay', '7/9/1993', '+351 (171) 256-8184', '6/5/2019', 'Student'),
('I700778098', 'Kit', 'Calrow', '9/13/2002', '+351 (910) 824-5873', '11/9/2019', 'Student'),
('I700778099', 'Merle', 'McClunaghan', '1/24/1991', '+63 (737) 238-7387', '8/21/2019', 'Student'),
('I700778100', 'Beret', 'Padginton', '4/30/2003', '+62 (565) 459-7988', '6/23/2020', 'Student'),
('I700778101', 'Querida', 'Martlew', '2/25/1995', '+55 (457) 150-1812', '8/14/2021', 'Student'),
('I700778102', 'Morgan', 'Licciardi', '1/22/2010', '+262 (985) 719-1206', '9/1/2019', 'Student'),
('I700778103', 'Yolande', 'Coopland', '3/10/1993', '+48 (823) 460-1341', '3/19/2021', 'Student'),
('I700778104', 'Marlane', 'Tynan', '2/27/2004', '+1 (209) 975-2691', '2/15/2020', 'Student'),
('I700778105', 'Robinet', 'Drinnan', '4/25/1990', '+86 (824) 179-5354', '5/19/2020', 'Student'),
('I700778106', 'Amelita', 'Cooling', '9/12/1991', '+62 (413) 500-8807', '8/8/2020', 'Student'),
('I700778107', 'Deeyn', 'Plumbridge', '9/19/2009', '+33 (188) 712-5987', '2/22/2020', 'Student'),
('I700778108', 'Elna', 'Spellman', '11/22/1991', '+51 (336) 123-8094', '12/17/2020', 'Student'),
('I700778109', 'Terrel', 'Varey', '4/19/1991', '+62 (598) 552-9038', '11/9/2019', 'Student'),
('I700778110', 'Valencia', 'Defrain', '11/23/1993', '+49 (955) 160-1396', '9/24/2021', 'Student'),
('I700778111', 'Beaufort', 'Ratter', '11/6/2004', '+33 (311) 623-8668', '10/9/2020', 'Student'),
('I700778112', 'Mayor', 'Sidon', '1/1/2006', '+227 (242) 258-5722', '7/20/2019', 'Student'),
('I700778113', 'Olive', 'Dolohunty', '12/24/2003', '+504 (494) 492-2845', '12/22/2018', 'Student'),
('I700778114', 'Beniamino', 'Colclough', '7/3/2002', '+82 (448) 164-0042', '4/9/2020', 'Student'),
('I700778115', 'Fan', 'Kidman', '4/30/1998', '+33 (908) 999-1426', '1/3/2019', 'Student'),
('I700778116', 'Wynne', 'Clarycott', '8/3/2008', '+86 (909) 644-6619', '9/30/2019', 'Student'),
('I700778117', 'Valdemar', 'Greatbank', '3/15/1999', '+84 (643) 121-4869', '5/26/2020', 'Student'),
('I700778118', 'Riki', 'Ventham', '5/31/2007', '+84 (907) 901-0204', '1/26/2019', 'Student'),
('I700778119', 'Vale', 'Tann', '11/23/1997', '+1 (408) 647-9042', '1/21/2020', 'Student'),
('I700778120', 'Wayne', 'Garza', '5/15/1992', '+86 (775) 179-3829', '1/21/2020', 'Student'),
('I700778121', 'Arlyne', 'McFarlan', '3/11/1993', '+992 (789) 219-1409', '5/11/2019', 'Student'),
('I700778122', 'Wylma', 'Crotch', '4/18/2006', '+1 (994) 481-4972', '1/12/2021', 'Student'),
('I700778123', 'Davis', 'Pury', '3/5/2002', '+291 (958) 571-0661', '8/7/2020', 'Student'),
('I700778124', 'Niven', 'Pea', '10/7/1998', '+48 (479) 104-7629', '6/12/2021', 'Student'),
('I700778125', 'Hinze', 'Telfer', '1/1/2008', '+351 (163) 503-0509', '10/28/2018', 'Student'),
('I700778126', 'Trula', 'Lasseter', '3/28/1993', '+86 (942) 949-8522', '12/30/2019', 'Student'),
('I700778127', 'L;urette', 'Fettiplace', '5/18/2001', '+51 (395) 547-2126', '4/14/2019', 'Student'),
('I700778128', 'Niel', 'Ciccarelli', '10/6/2005', '+58 (439) 931-8422', '5/10/2020', 'Student'),
('I700778129', 'Cob', 'Aronovich', '5/8/2003', '+62 (238) 833-6078', '4/19/2019', 'Student'),
('I700778130', 'Alfreda', 'Frosdick', '3/17/1999', '+62 (199) 433-7577', '7/30/2021', 'Student'),
('I700778131', 'Lewiss', 'Borleace', '4/21/1990', '+86 (360) 558-6591', '5/16/2021', 'Student'),
('I700778132', 'Alwyn', 'Witter', '12/11/2004', '+63 (673) 163-6434', '10/21/2019', 'Student'),
('I700778133', 'Lea', 'Ewestace', '7/23/1990', '+63 (403) 919-6366', '2/15/2019', 'Student'),
('I700778134', 'Caril', 'Adamik', '8/21/2003', '+57 (708) 903-9398', '7/19/2020', 'Student'),
('I700778135', 'Devlin', 'Jackes', '7/22/2001', '+86 (883) 575-9175', '2/27/2019', 'Student'),
('I700778136', 'Roana', 'Dudmesh', '3/31/2004', '+506 (772) 201-5843', '9/30/2020', 'Student'),
('I700778137', 'Kayne', 'Christensen', '5/11/1999', '+30 (282) 519-6735', '7/12/2021', 'Student'),
('I700778138', 'Krishnah', 'McGurn', '10/7/1995', '+212 (552) 140-8175', '10/17/2021', 'Student'),
('I700778139', 'Aylmar', 'Trimmell', '7/16/1998', '+58 (904) 486-5642', '2/7/2020', 'Student'),
('I700778140', 'Teddy', 'Sammons', '6/17/2003', '+62 (885) 656-0673', '10/4/2020', 'Student'),
('I700778141', 'Karrie', 'Rough', '7/3/2010', '+63 (333) 189-4026', '4/26/2019', 'Student'),
('I700778142', 'Katie', 'Trusslove', '1/10/1990', '+81 (303) 502-1509', '2/9/2021', 'Student'),
('I700778143', 'Alon', 'Penna', '11/3/2008', '+86 (570) 755-2358', '10/27/2019', 'Student'),
('I700778144', 'Maribel', 'Illingworth', '4/20/2004', '+86 (369) 668-3534', '8/13/2020', 'Student'),
('I700778145', 'Fidel', 'Ilbert', '6/23/1990', '+976 (903) 188-3812', '12/14/2018', 'Student'),
('I700778146', 'Geno', 'Mossman', '12/15/1993', '+86 (929) 918-6906', '7/8/2020', 'Student'),
('I700778147', 'Kristen', 'Bertram', '1/27/2008', '+249 (734) 327-7930', '9/20/2021', 'Student'),
('I700778148', 'Mattie', 'Lau', '4/9/2010', '+1 (983) 895-8811', '1/23/2021', 'Student'),
('I700778149', 'Bonnie', 'Fryd', '8/11/1999', '+86 (331) 901-3451', '4/24/2019', 'Student'),
('I700778150', 'Ortensia', 'Greville', '9/2/1992', '+62 (185) 760-4261', '5/1/2021', 'Student'),
('I700778151', 'Jobyna', 'Gurwood', '12/18/1995', '+386 (267) 111-5329', '1/30/2019', 'Student'),
('I700778152', 'Turner', 'Nye', '10/27/2004', '+1 (493) 820-6671', '1/8/2019', 'Student'),
('I700778153', 'Vanda', 'Mendel', '2/11/2000', '+62 (383) 642-8682', '7/27/2019', 'Student'),
('I700778154', 'Tova', 'Piesold', '6/1/2002', '+420 (809) 501-2742', '2/19/2021', 'Student'),
('I700778155', 'Arleta', 'Sandercroft', '10/21/2005', '+504 (731) 160-2869', '6/12/2019', 'Student'),
('I700778156', 'Lotta', 'Duval', '5/2/1999', '+86 (481) 829-5002', '4/28/2021', 'Student'),
('I700778157', 'Trula', 'Euels', '7/22/1995', '+33 (828) 682-1379', '7/3/2021', 'Student'),
('I700778158', 'Dan', 'Olechnowicz', '3/18/1992', '+381 (242) 518-1943', '6/7/2019', 'Student'),
('I700778159', 'Conchita', 'de Quincey', '9/15/1995', '+55 (211) 711-3701', '5/28/2019', 'Student'),
('I700778160', 'Zsa zsa', 'O\'Fearguise', '9/10/2009', '+86 (383) 339-0831', '7/14/2021', 'Student'),
('I700778161', 'Bald', 'Cain', '7/15/1994', '+57 (359) 773-4178', '6/24/2021', 'Student'),
('I700778162', 'Yul', 'Widdicombe', '5/22/2004', '+48 (346) 267-1186', '3/17/2021', 'Student'),
('I700778163', 'Garrick', 'Shelmerdine', '7/29/2005', '+86 (516) 310-0664', '8/18/2019', 'Student'),
('I700778164', 'Iggy', 'Starbucke', '4/15/2000', '+86 (637) 727-9293', '2/14/2021', 'Student'),
('I700778165', 'Alfie', 'Dulinty', '6/5/2000', '+372 (363) 553-4802', '4/7/2019', 'Student'),
('I700778166', 'Nicolina', 'Garfoot', '11/30/2006', '+46 (865) 458-9688', '6/2/2019', 'Student'),
('I700778167', 'Lurleen', 'Lahrs', '10/8/2005', '+356 (268) 442-0392', '6/12/2020', 'Student'),
('I700778168', 'Garrott', 'Baillie', '9/24/2006', '+232 (309) 835-0710', '9/20/2019', 'Student'),
('I700778169', 'Farica', 'Richten', '3/27/2002', '+242 (990) 206-0367', '10/2/2021', 'Student'),
('I700778170', 'Cecil', 'Agglione', '6/4/1999', '+420 (133) 966-5428', '1/23/2021', 'Student'),
('I700778171', 'Bastian', 'Renowden', '6/7/2000', '+212 (793) 407-3014', '12/1/2018', 'Student'),
('I700778172', 'Elysha', 'Lettson', '8/22/2003', '+351 (328) 697-4380', '7/4/2020', 'Student'),
('I700778173', 'Celeste', 'Goodreid', '9/29/2009', '+1 (134) 478-9885', '11/11/2020', 'Student'),
('I700778174', 'Neile', 'Guilford', '10/30/1991', '+1 (607) 223-1166', '8/16/2021', 'Student'),
('I700778175', 'Fraze', 'Jendrassik', '6/6/2001', '+385 (813) 180-8674', '6/12/2021', 'Student'),
('I700778176', 'Bordie', 'Ollerearnshaw', '11/23/1997', '+420 (204) 315-0574', '9/21/2019', 'Student'),
('I700778177', 'Farr', 'Jurgenson', '6/11/2009', '+374 (781) 681-3762', '8/28/2021', 'Student'),
('I700778178', 'Lurline', 'Balham', '5/15/2009', '+255 (266) 371-4531', '5/17/2021', 'Student'),
('I700778179', 'Ambrose', 'Bidnall', '12/7/2004', '+55 (813) 337-3412', '8/9/2020', 'Student'),
('I700778180', 'Matty', 'Hans', '12/21/1999', '+7 (803) 440-7009', '9/15/2020', 'Student'),
('I700778181', 'Megan', 'Sockell', '7/22/1990', '+46 (552) 637-5418', '1/23/2020', 'Student'),
('I700778182', 'Cyb', 'Starford', '5/14/1996', '+54 (468) 428-9295', '2/25/2020', 'Student'),
('I700778183', 'Dulciana', 'Twaite', '12/7/2000', '+355 (279) 973-4647', '12/16/2018', 'Student'),
('I700778184', 'Prent', 'Salvadore', '8/11/2005', '+591 (250) 157-2708', '2/26/2019', 'Student'),
('I700778185', 'Bernetta', 'Westhoff', '3/24/1998', '+86 (919) 250-4368', '5/19/2019', 'Student'),
('I700778186', 'Harry', 'Laughren', '10/31/2005', '+84 (885) 980-2547', '9/27/2019', 'Student'),
('I700778187', 'Shaylah', 'Trundler', '12/10/2008', '+7 (841) 857-5391', '2/3/2021', 'Student'),
('I700778188', 'Tiffani', 'Grenkov', '10/26/1995', '+57 (658) 260-6836', '3/16/2021', 'Student'),
('I700778189', 'Randy', 'Wilber', '3/5/1998', '+44 (821) 931-9603', '6/29/2019', 'Student'),
('I700778190', 'Shae', 'Prestwich', '11/22/2002', '+95 (844) 348-5499', '9/12/2021', 'Student'),
('I700778191', 'Shanan', 'Bocke', '8/11/1998', '+55 (793) 364-9550', '3/28/2019', 'Student'),
('I700778192', 'Anstice', 'Deeks', '7/7/2001', '+86 (951) 425-0953', '6/18/2019', 'Student'),
('I700778193', 'Dory', 'Sponder', '10/23/2003', '+359 (979) 455-7861', '12/13/2019', 'Student'),
('I700778194', 'Ranna', 'Sesser', '1/23/1994', '+595 (862) 936-4695', '1/31/2020', 'Student'),
('I700778195', 'Shannon', 'Waslin', '7/11/1998', '+681 (460) 512-8640', '8/17/2020', 'Student'),
('I700778196', 'William', 'Chippendale', '7/20/1991', '+62 (948) 851-2314', '10/27/2020', 'Student'),
('I700778197', 'Kellby', 'Arundale', '11/11/2003', '+7 (578) 195-4073', '6/17/2020', 'Student'),
('I700778198', 'Mauricio', 'Copplestone', '9/18/2000', '+1 (414) 743-4471', '1/8/2021', 'Student'),
('I700778199', 'Ches', 'Karpe', '5/26/1991', '+86 (207) 225-9355', '8/26/2019', 'Student'),
('I700778200', 'Phil', 'Sickamore', '11/11/2007', '+45 (632) 434-9406', '12/27/2020', 'Student'),
('I700778201', 'Tom', 'Wyson', '9/6/2007', '+234 (726) 217-1334', '10/5/2019', 'Student'),
('I700778202', 'Ryley', 'Hovee', '10/11/2002', '+66 (576) 280-7152', '12/3/2019', 'Student'),
('I700778203', 'Sadie', 'Bohden', '12/30/1998', '+351 (989) 970-0273', '1/23/2021', 'Student'),
('I700778204', 'Korie', 'Kaye', '5/20/2009', '+389 (220) 867-2331', '4/30/2019', 'Student'),
('I700778205', 'Maggy', 'Bodd', '5/28/1991', '+33 (769) 316-2868', '10/4/2019', 'Student'),
('I700778206', 'Griffy', 'Dell \'Orto', '4/18/1997', '+7 (402) 842-5863', '1/23/2021', 'Student'),
('I700778207', 'Yolane', 'Coppeard', '6/4/2001', '+55 (870) 968-2922', '4/24/2020', 'Student'),
('I700778208', 'Angele', 'Letcher', '6/29/2005', '+380 (190) 450-0077', '10/17/2020', 'Student'),
('I700778209', 'Lemuel', 'Ambrogio', '5/14/1996', '+420 (498) 809-8514', '9/21/2021', 'Student'),
('I700778210', 'Kate', 'Matyushenko', '3/12/1996', '+62 (413) 583-7815', '1/16/2019', 'Student'),
('I700778211', 'Vincenz', 'Kopelman', '4/11/1999', '+62 (173) 937-2988', '3/8/2020', 'Student'),
('I700778212', 'Judah', 'Rubroe', '5/7/1991', '+93 (507) 910-1381', '1/1/2020', 'Student'),
('I700778213', 'Jillayne', 'Helian', '11/10/2008', '+385 (520) 253-7078', '4/13/2019', 'Student'),
('I700778214', 'Glynn', 'McCrohon', '11/8/1994', '+86 (350) 404-3644', '5/2/2021', 'Student'),
('I700778215', 'Dreddy', 'Quade', '5/11/2002', '+86 (921) 826-0843', '10/29/2020', 'Student'),
('I700778216', 'Bendite', 'Cowely', '4/11/2005', '+381 (115) 286-7604', '10/15/2021', 'Student'),
('I700778217', 'Christa', 'Stonier', '6/1/1991', '+81 (814) 126-1165', '9/20/2021', 'Student'),
('I700778218', 'Gilbert', 'Franzman', '10/13/1990', '+63 (832) 545-0070', '3/29/2019', 'Student'),
('I700778219', 'Tony', 'Wagner', '1/20/2009', '+33 (379) 443-7573', '6/2/2021', 'Student'),
('I700778220', 'Harriott', 'Purser', '12/15/2009', '+593 (307) 819-0101', '7/2/2020', 'Student'),
('I700778221', 'Emlen', 'Salery', '10/12/1999', '+92 (601) 329-9211', '10/1/2019', 'Student'),
('I700778222', 'Tanitansy', 'Chazette', '1/11/1999', '+94 (189) 490-0902', '4/17/2020', 'Student'),
('I700778223', 'Damiano', 'Zucker', '11/9/2006', '+86 (211) 418-4829', '4/4/2021', 'Student'),
('I700778224', 'Fanchon', 'Oherlihy', '9/1/1993', '+256 (240) 706-7223', '4/18/2021', 'Student'),
('I700778225', 'Cayla', 'Hart', '11/9/2000', '+55 (622) 829-1416', '6/28/2019', 'Student'),
('I700778226', 'Darb', 'Shackel', '2/20/1991', '+62 (764) 608-4037', '9/17/2019', 'Student'),
('I700778227', 'Roselin', 'Pearsall', '9/5/2005', '+7 (431) 552-7957', '5/11/2019', 'Student'),
('I700778228', 'King', 'Walkowski', '2/25/1991', '+63 (631) 870-2808', '11/26/2019', 'Student'),
('I700778229', 'Edie', 'Cassedy', '2/16/2010', '+52 (221) 991-7788', '5/22/2019', 'Student'),
('I700778230', 'Jada', 'MacKibbon', '5/19/2010', '+46 (474) 550-8365', '5/3/2020', 'Student'),
('I700778231', 'Nadya', 'Hunting', '5/18/1999', '+7 (240) 995-2679', '4/2/2019', 'Student'),
('I700778232', 'Ellery', 'Shimmin', '9/4/2004', '+7 (817) 369-9528', '4/18/2019', 'Student'),
('I700778233', 'Krispin', 'Bailles', '7/29/2004', '+81 (572) 146-5610', '4/13/2019', 'Student'),
('I700778234', 'Hyacinth', 'Oene', '4/8/2007', '+63 (271) 107-2024', '3/25/2021', 'Student'),
('I700778235', 'Jere', 'Ethington', '7/13/1995', '+7 (407) 696-3850', '9/9/2019', 'Student'),
('I700778236', 'Shari', 'MacGrath', '9/11/2002', '+52 (364) 804-4343', '6/9/2021', 'Student'),
('I700778237', 'Corrie', 'Newbatt', '4/30/1997', '+66 (106) 899-8613', '5/24/2020', 'Student'),
('I700778238', 'Burt', 'Fosdyke', '10/14/1991', '+62 (548) 450-5598', '4/28/2021', 'Student'),
('I700778239', 'Etty', 'Skarr', '8/18/1995', '+353 (797) 654-8236', '10/28/2019', 'Student'),
('I700778240', 'Janaye', 'McLinden', '6/30/2002', '+7 (331) 943-0870', '6/25/2020', 'Student'),
('I700778241', 'Bren', 'McGuinley', '7/7/1995', '+7 (962) 440-6877', '6/25/2019', 'Student'),
('I700778242', 'Dorree', 'Scotland', '11/6/1995', '+7 (360) 778-7187', '11/4/2020', 'Student'),
('I700778243', 'Cora', 'Beckenham', '4/22/2007', '+86 (575) 428-1261', '7/29/2021', 'Student'),
('I700778244', 'Melony', 'Deason', '9/19/1995', '+48 (464) 898-4326', '4/30/2021', 'Student'),
('I700778245', 'Wilek', 'Ivanuschka', '8/19/2000', '+960 (429) 550-1174', '2/18/2019', 'Student'),
('I700778246', 'Sinclare', 'Cottrell', '9/15/1990', '+233 (934) 659-9038', '1/15/2019', 'Student'),
('I700778247', 'Dora', 'Tong', '6/18/1998', '+60 (244) 558-2022', '5/16/2021', 'Student'),
('I700778248', 'Minda', 'Gulland', '6/13/2004', '+48 (214) 703-5682', '5/9/2021', 'Student'),
('I700778249', 'Laird', 'Kunc', '10/16/1992', '+242 (156) 248-6624', '1/15/2020', 'Student'),
('I700778250', 'Lynn', 'Playfoot', '11/19/1998', '+34 (319) 383-0029', '10/26/2018', 'Student'),
('I700778251', 'Marcille', 'Penman', '2/17/2001', '+27 (429) 844-5161', '4/16/2020', 'Student'),
('I700778252', 'Pincus', 'Newing', '1/16/2003', '+351 (344) 288-9587', '2/7/2019', 'Student'),
('I700778253', 'Loria', 'Sabbins', '3/23/1997', '+33 (916) 686-5063', '1/9/2021', 'Student'),
('I700778254', 'Claresta', 'Lamming', '5/6/2003', '+86 (843) 696-4899', '2/20/2019', 'Student'),
('I700778255', 'Penrod', 'De Roeck', '12/16/1999', '+62 (724) 199-7509', '5/3/2021', 'Student'),
('I700778256', 'Kelvin', 'Wannop', '1/13/2009', '+62 (225) 104-3539', '4/10/2021', 'Student'),
('I700778257', 'Arda', 'Gillitt', '9/30/1999', '+51 (487) 500-5372', '5/7/2020', 'Student'),
('I700778258', 'Baldwin', 'Grishin', '5/3/1997', '+380 (329) 497-9654', '7/27/2020', 'Student'),
('I700778259', 'Aguste', 'Fedder', '7/13/2007', '+48 (601) 817-2698', '2/22/2019', 'Student'),
('I700778260', 'Kayle', 'Baynham', '4/7/1997', '+62 (356) 277-9195', '4/10/2019', 'Student'),
('I700778261', 'Beau', 'Brimm', '7/30/2010', '+62 (843) 617-6385', '3/4/2020', 'Student'),
('I700778262', 'Jodie', 'Baptiste', '11/1/1997', '+382 (370) 680-1819', '12/14/2020', 'Student'),
('I700778263', 'Donnamarie', 'Eccleshare', '10/6/1991', '+48 (872) 868-7919', '1/11/2021', 'Student'),
('I700778264', 'Culley', 'Hardeman', '9/28/2007', '+385 (753) 707-3079', '5/19/2020', 'Student'),
('I700778265', 'Cathrin', 'Leggate', '10/18/2008', '+46 (443) 649-0289', '3/25/2019', 'Student'),
('I700778266', 'Mattie', 'Hacquoil', '8/26/2003', '+48 (864) 896-8691', '4/3/2020', 'Student'),
('I700778267', 'Hewie', 'Flowerdew', '2/23/1996', '+62 (840) 231-3818', '11/23/2018', 'Student'),
('I700778268', 'Felicity', 'Pero', '10/1/1999', '+353 (616) 468-1839', '4/28/2019', 'Student'),
('I700778269', 'Joel', 'Waddington', '10/1/1990', '+62 (615) 373-7147', '7/18/2019', 'Student'),
('I700778270', 'Ulla', 'Padden', '12/6/1993', '+86 (308) 381-3182', '7/25/2021', 'Student'),
('I700778271', 'Davon', 'Samuel', '11/20/1991', '+86 (684) 119-7045', '4/18/2019', 'Student'),
('I700778272', 'Alastair', 'Jorck', '12/22/1997', '+84 (252) 732-2969', '12/26/2019', 'Student'),
('I700778273', 'Mirabelle', 'Gladwin', '2/27/2003', '+86 (215) 972-9993', '7/16/2021', 'Student'),
('I700778274', 'Mickey', 'Conlaund', '8/24/2010', '+54 (608) 915-0878', '7/24/2020', 'Student'),
('I700778275', 'Koressa', 'McCurlye', '2/28/1990', '+31 (953) 150-3298', '12/18/2018', 'Student'),
('I700778276', 'Tarrah', 'Wilber', '11/16/2000', '+63 (339) 235-2656', '4/3/2019', 'Student'),
('I700778277', 'Rosana', 'Caldecot', '7/19/1990', '+420 (441) 596-9343', '9/18/2021', 'Student'),
('I700778278', 'Gabbi', 'Doxey', '1/26/2010', '+351 (667) 593-6474', '1/12/2021', 'Student'),
('I700778279', 'Skip', 'Lecordier', '6/2/2001', '+7 (246) 226-4969', '11/17/2018', 'Student'),
('I700778280', 'Gregor', 'Buckley', '2/2/1994', '+504 (902) 998-8316', '3/14/2021', 'Student'),
('I700778281', 'Darline', 'Durran', '8/5/1996', '+86 (987) 377-5268', '4/26/2021', 'Student'),
('I700778282', 'Brittaney', 'Artinstall', '10/31/2007', '+994 (555) 282-4016', '11/1/2019', 'Student'),
('I700778283', 'Gradeigh', 'Malshinger', '2/19/2002', '+62 (906) 413-5996', '12/11/2020', 'Student'),
('I700778284', 'Walden', 'Skeggs', '5/22/1991', '+33 (644) 137-2020', '3/14/2021', 'Student'),
('I700778285', 'Jackqueline', 'Shoebridge', '3/25/1992', '+7 (791) 267-0463', '9/2/2020', 'Student'),
('I700778286', 'Rubie', 'Bartak', '6/6/2001', '+66 (341) 671-3420', '2/2/2019', 'Student'),
('I700778287', 'Merla', 'Peron', '1/7/1999', '+62 (733) 865-1248', '7/31/2019', 'Student'),
('I700778288', 'Godfrey', 'Gatherell', '2/17/1990', '+30 (333) 146-8375', '3/30/2019', 'Student'),
('I700778289', 'Baxter', 'Jickles', '4/20/2007', '+52 (846) 999-8150', '10/8/2020', 'Student'),
('I700778290', 'Gay', 'Gaisford', '7/31/2002', '+254 (604) 980-4577', '1/29/2020', 'Student'),
('I700778291', 'Roderich', 'Cockerton', '5/8/2000', '+44 (281) 752-1290', '6/22/2020', 'Student'),
('I700778292', 'Alick', 'Meiklem', '4/25/2009', '+351 (135) 513-9551', '3/17/2020', 'Student'),
('I700778293', 'Nicolina', 'Provis', '2/24/1990', '+380 (738) 595-2718', '11/29/2018', 'Student'),
('I700778294', 'Anabelle', 'McCool', '5/16/1994', '+86 (389) 289-5813', '1/4/2020', 'Student'),
('I700778295', 'Iver', 'Gowen', '9/1/1992', '+420 (208) 557-5203', '5/28/2020', 'Student'),
('I700778296', 'Rosalie', 'Brightie', '9/4/2010', '+380 (626) 846-2993', '7/27/2019', 'Student'),
('I700778297', 'Danit', 'Krause', '6/29/1990', '+62 (247) 144-9917', '12/30/2020', 'Student'),
('I700778298', 'Tymothy', 'Collingwood', '12/24/2007', '+48 (351) 673-6036', '12/16/2020', 'Student'),
('I700778299', 'Karlens', 'Topper', '6/10/1992', '+86 (298) 238-9495', '9/20/2020', 'Student'),
('I700778300', 'Reese', 'Scotter', '2/6/1998', '+48 (587) 323-0259', '11/23/2019', 'Student'),
('I700778301', 'Blondie', 'Upton', '5/31/2003', '+996 (425) 430-4987', '11/21/2018', 'Student'),
('I700778302', 'Court', 'Karpmann', '4/13/2008', '+86 (130) 476-4174', '3/31/2019', 'Student'),
('I700778303', 'Olly', 'Castells', '3/19/2004', '+351 (616) 678-8611', '7/28/2021', 'Student'),
('I700778304', 'Wylma', 'Helix', '1/31/1991', '+86 (729) 142-7792', '11/9/2019', 'Student'),
('I700778305', 'Rhett', 'Treace', '12/27/2002', '+234 (420) 277-5862', '11/26/2019', 'Student'),
('I700778306', 'Drusy', 'Hamsley', '7/18/1996', '+86 (489) 513-4782', '7/21/2021', 'Student'),
('I700778307', 'Moses', 'Callendar', '10/7/1999', '+86 (931) 654-7290', '11/29/2020', 'Student'),
('I700778308', 'Lin', 'Van den Dael', '12/13/2004', '+55 (499) 783-1972', '4/12/2020', 'Student'),
('I700778309', 'Addia', 'Deeth', '10/3/1991', '+86 (912) 305-1798', '10/22/2018', 'Student'),
('I700778310', 'Rene', 'Dahmke', '2/2/1995', '+351 (242) 426-3371', '3/2/2019', 'Student'),
('I700778311', 'Trista', 'Orrobin', '10/18/2004', '+1 (213) 149-3694', '5/9/2021', 'Student'),
('I700778312', 'Rriocard', 'Dorning', '1/7/1997', '+84 (190) 723-7926', '1/1/2019', 'Student'),
('I700778313', 'Aime', 'De Cruce', '10/6/2010', '+86 (328) 363-8366', '8/31/2020', 'Student'),
('I700778314', 'Dmitri', 'Terren', '11/23/1992', '+62 (811) 647-3565', '12/2/2020', 'Student'),
('I700778315', 'Theodora', 'Rosie', '5/13/1999', '+86 (141) 613-3444', '9/2/2020', 'Student'),
('I700778316', 'Adam', 'Ollie', '12/8/2006', '+55 (577) 691-1304', '10/25/2018', 'Student'),
('I700778317', 'Gunter', 'Lehr', '1/25/2010', '+1 (405) 862-6357', '9/14/2020', 'Student'),
('I700778318', 'Radcliffe', 'Jonk', '1/11/1998', '+86 (310) 773-8970', '1/18/2020', 'Student'),
('I700778319', 'Consolata', 'Clorley', '9/19/1995', '+62 (499) 449-0108', '7/1/2019', 'Student'),
('I700778320', 'Jolene', 'Keling', '8/29/2005', '+81 (884) 955-3607', '3/3/2020', 'Student'),
('I700778321', 'Heidi', 'Cumber', '7/22/1994', '+62 (478) 439-8319', '5/11/2021', 'Student'),
('I700778322', 'Larisa', 'Fibbitts', '4/14/1998', '+375 (432) 155-3227', '9/15/2019', 'Student'),
('I700778323', 'Meg', 'MacCracken', '5/25/1990', '+46 (551) 750-9742', '10/17/2021', 'Student'),
('I700778324', 'Corty', 'Van den Velden', '12/31/2005', '+86 (892) 906-3045', '6/9/2019', 'Student'),
('I700778325', 'Waldo', 'Kittel', '7/21/2009', '+63 (561) 666-3299', '3/25/2019', 'Student'),
('I700778326', 'Ali', 'Holbarrow', '1/27/2009', '+351 (369) 900-6998', '4/28/2019', 'Student'),
('I700778327', 'Aliza', 'Torregiani', '10/3/2005', '+86 (664) 352-4963', '11/23/2019', 'Student'),
('I700778328', 'Vergil', 'Deval', '5/3/2000', '+62 (115) 945-8869', '10/21/2019', 'Student'),
('I700778329', 'Sella', 'Ivanishin', '3/6/2003', '+86 (890) 434-8514', '11/21/2018', 'Student'),
('I700778330', 'Germaine', 'Musk', '5/4/2003', '+62 (663) 615-4217', '9/12/2021', 'Student'),
('I700778331', 'Ignacio', 'Dibdale', '7/22/1994', '+84 (503) 133-5774', '6/13/2021', 'Student'),
('I700778332', 'Arnie', 'Sizzey', '4/19/1995', '+252 (746) 921-8570', '5/18/2020', 'Student'),
('I700778333', 'Darill', 'Andreolli', '3/25/2005', '+968 (814) 261-5438', '9/23/2020', 'Student'),
('I700778334', 'Florida', 'Westmoreland', '9/12/1990', '+1 (404) 217-7635', '11/6/2020', 'Student'),
('I700778335', 'Felizio', 'Vellacott', '6/15/2006', '+51 (476) 733-8759', '1/6/2019', 'Student'),
('I700778336', 'Darby', 'Fouracres', '12/16/1991', '+506 (166) 947-0514', '7/19/2020', 'Student'),
('I700778337', 'Sascha', 'Diehn', '3/21/1993', '+47 (116) 341-1019', '11/19/2020', 'Student'),
('I700778338', 'Luke', 'Meineking', '8/23/1994', '+52 (410) 285-9655', '8/22/2019', 'Student'),
('I700778339', 'Hermon', 'Espinel', '4/7/2000', '+62 (814) 658-1292', '7/20/2021', 'Student'),
('I700778340', 'Tan', 'Sudran', '8/15/2001', '+62 (105) 438-1811', '8/13/2020', 'Student'),
('I700778341', 'Clerkclaude', 'Rickaby', '4/28/2004', '+1 (737) 326-2874', '7/8/2020', 'Student'),
('I700778342', 'Lynette', 'Radmore', '6/29/2007', '+63 (762) 949-9671', '12/15/2020', 'Student'),
('I700778343', 'Yorgo', 'Lamplugh', '4/27/1993', '+55 (403) 289-5032', '6/3/2021', 'Student'),
('I700778344', 'Didi', 'Beningfield', '10/28/1992', '+86 (642) 924-1545', '12/17/2020', 'Student'),
('I700778345', 'Estel', 'Tunnicliffe', '10/20/1994', '+230 (771) 390-9922', '1/16/2020', 'Student'),
('I700778346', 'Una', 'Ingerfield', '7/3/1992', '+86 (842) 553-6370', '4/26/2019', 'Student'),
('I700778347', 'Bari', 'Pendlington', '5/20/2002', '+66 (583) 924-5289', '9/13/2021', 'Student'),
('I700778348', 'Vic', 'Szachniewicz', '8/6/2003', '+62 (905) 639-5039', '2/20/2020', 'Student'),
('I700778349', 'Lori', 'Willingham', '8/20/2009', '+46 (846) 565-9713', '3/8/2020', 'Student'),
('I700778350', 'Ev', 'Copper', '6/22/2008', '+359 (873) 720-1141', '5/26/2020', 'Student'),
('I700778351', 'Vidovik', 'Micklewright', '1/31/2001', '+351 (132) 213-7924', '6/3/2020', 'Student'),
('I700778352', 'Evelina', 'Larret', '12/17/1999', '+57 (481) 758-3422', '6/7/2019', 'Student'),
('I700778353', 'Myrta', 'Lease', '4/14/2007', '+249 (645) 564-5991', '11/22/2020', 'Student'),
('I700778354', 'Osborn', 'Pahlsson', '12/2/1996', '+62 (592) 683-8127', '7/27/2021', 'Student'),
('I700778355', 'Freeland', 'O\'Rodane', '4/2/1993', '+972 (499) 678-1921', '1/5/2020', 'Student'),
('I700778356', 'Yehudit', 'Fludgate', '4/11/2001', '+86 (395) 398-3697', '10/20/2020', 'Student'),
('I700778357', 'Cull', 'Masedon', '9/1/2007', '+261 (829) 749-1571', '4/27/2020', 'Student'),
('I700778358', 'Catlee', 'Mithun', '5/23/1990', '+62 (373) 234-5284', '7/25/2019', 'Student'),
('I700778359', 'Alana', 'Alloisi', '7/21/1997', '+55 (528) 799-5362', '5/5/2019', 'Student'),
('I700778360', 'Gladys', 'Duffree', '6/6/1991', '+86 (128) 983-1469', '1/26/2021', 'Student'),
('I700778361', 'Avril', 'Rooke', '11/4/1990', '+593 (410) 588-1794', '3/20/2021', 'Student'),
('I700778362', 'Adella', 'Shearwood', '1/12/1995', '+598 (752) 709-1523', '10/22/2019', 'Student'),
('I700778363', 'Edgardo', 'Goggey', '6/9/2005', '+62 (315) 305-6172', '1/25/2019', 'Student'),
('I700778364', 'Estelle', 'Airdrie', '8/9/1994', '+502 (261) 558-7236', '10/6/2020', 'Student'),
('I700778365', 'Albertine', 'Drewery', '8/7/2008', '+86 (879) 848-7965', '3/6/2019', 'Student'),
('I700778366', 'Darrel', 'Mangin', '3/20/1999', '+62 (707) 602-5730', '2/8/2020', 'Student'),
('I700778367', 'Buck', 'Kleinmintz', '10/1/1999', '+420 (429) 291-7116', '5/3/2021', 'Student'),
('I700778368', 'Gratia', 'Brown', '7/22/1992', '+55 (349) 751-5355', '11/19/2018', 'Student'),
('I700778369', 'Maurizia', 'Caw', '5/13/2009', '+55 (134) 471-6706', '3/12/2020', 'Student'),
('I700778370', 'Nady', 'Sprowle', '2/25/1996', '+976 (314) 581-8543', '5/29/2021', 'Student'),
('I700778371', 'Corly', 'Semorad', '6/3/2002', '+54 (844) 137-2384', '3/11/2019', 'Student'),
('I700778372', 'Issi', 'Wilcockes', '6/8/1994', '+7 (489) 512-5852', '12/11/2020', 'Student'),
('I700778373', 'Catharina', 'Metherell', '2/9/1991', '+86 (769) 518-8892', '3/31/2021', 'Student'),
('I700778374', 'Antin', 'Andric', '11/6/2009', '+62 (156) 823-2537', '10/18/2019', 'Student'),
('I700778375', 'Quincy', 'Altimas', '4/15/2008', '+82 (458) 739-2520', '9/19/2019', 'Student'),
('I700778376', 'Faydra', 'Haddeston', '9/18/1990', '+967 (927) 218-3825', '10/10/2019', 'Student'),
('I700778377', 'Ryann', 'Overnell', '8/24/1998', '+92 (216) 419-5988', '4/4/2021', 'Student'),
('I700778378', 'Hurley', 'Challens', '6/18/1991', '+63 (477) 630-7835', '5/13/2019', 'Student'),
('I700778379', 'Dominique', 'Matteoni', '3/14/1995', '+46 (871) 410-7682', '7/3/2019', 'Student'),
('I700778380', 'Mariana', 'Ruslin', '2/24/1999', '+7 (808) 101-6019', '6/20/2021', 'Student'),
('I700778381', 'Falkner', 'Gadeaux', '10/6/2009', '+262 (272) 336-1769', '2/9/2019', 'Student'),
('I700778382', 'Yetty', 'Siene', '4/11/2007', '+385 (969) 863-7756', '7/25/2019', 'Student'),
('I700778383', 'Agneta', 'Penburton', '11/4/2000', '+216 (430) 865-5044', '1/23/2020', 'Student'),
('I700778384', 'Alysa', 'Karpushkin', '5/31/1990', '+7 (424) 388-6239', '8/19/2020', 'Student'),
('I700778385', 'Sherwin', 'Sewall', '10/17/1999', '+62 (201) 311-7855', '5/16/2021', 'Student'),
('I700778386', 'Izak', 'Camerana', '5/2/2009', '+86 (333) 125-5463', '1/21/2021', 'Student'),
('I700778387', 'Bordy', 'Braga', '9/6/1995', '+63 (200) 657-8293', '6/4/2021', 'Student'),
('I700778388', 'Peirce', 'Frankcombe', '5/9/2005', '+86 (293) 846-9156', '9/19/2019', 'Student'),
('I700778389', 'Fulton', 'Volett', '6/9/2001', '+48 (352) 578-3634', '2/5/2021', 'Student'),
('I700778390', 'Davine', 'Burnel', '9/23/1997', '+56 (629) 667-9415', '4/19/2019', 'Student'),
('I700778391', 'Darrin', 'Gravenell', '7/14/2005', '+381 (748) 799-7709', '6/24/2021', 'Student'),
('I700778392', 'Torrance', 'Beecheno', '2/22/2002', '+48 (886) 729-5227', '10/23/2019', 'Student'),
('I700778393', 'Cariotta', 'Harvison', '6/13/2009', '+1 (607) 224-0328', '11/27/2019', 'Student'),
('I700778394', 'Shaine', 'Gabites', '11/21/2009', '+359 (993) 949-9028', '2/15/2021', 'Student'),
('I700778395', 'Marylinda', 'Rizzardo', '9/22/2007', '+1 (709) 426-2312', '2/11/2019', 'Student'),
('I700778396', 'Natalina', 'Wisdish', '9/17/1995', '+55 (929) 462-8080', '6/12/2021', 'Student'),
('I700778397', 'Zola', 'Burchfield', '7/7/2000', '+7 (582) 204-5478', '1/25/2020', 'Student'),
('I700778398', 'Jessica', 'Lyall', '3/22/2002', '+7 (615) 536-2064', '12/17/2020', 'Student'),
('I700778399', 'Martynne', 'Sorro', '8/5/2004', '+86 (552) 872-9399', '7/7/2021', 'Student'),
('I700778400', 'Celina', 'Shillinglaw', '8/19/1998', '+86 (174) 933-5294', '7/9/2019', 'Student'),
('I700778401', 'Issi', 'Lissaman', '12/7/2007', '+221 (837) 949-9076', '6/24/2019', 'Student'),
('I700778402', 'Derwin', 'Kibby', '11/27/1997', '+7 (541) 418-4192', '4/20/2019', 'Student'),
('I700778403', 'Katee', 'Banke', '4/16/1990', '+63 (276) 707-9481', '1/24/2019', 'Student'),
('I700778404', 'Heddi', 'Marchant', '3/26/1993', '+46 (916) 285-3472', '4/29/2021', 'Student');

-- --------------------------------------------------------

--
-- Table structure for table `user_login`
--

CREATE TABLE `user_login` (
  `Email` varchar(100) NOT NULL,
  `Password` varchar(100) DEFAULT NULL,
  `UserID` varchar(10) DEFAULT NULL
) ENGINE=InnoDB DEFAULT CHARSET=latin1;

--
-- Dumping data for table `user_login`
--

INSERT INTO `user_login` (`Email`, `Password`, `UserID`) VALUES
('AarenMacFayden@iiu.edu', '1KiawIqGln', 'I700777289'),
('AbagailBoich@iiu.edu', 'kXPKFtYGVmW', 'I700777594'),
('AbbeRignold@iiu.edu', '9kDGpbXJ9', 'I700776449'),
('AbbeThoresbie@iiu.edu', 'OQkLPbRIna', 'I700778027'),
('AbbiFoulks@iiu.edu', '1bnhM9eWf', 'I700776972'),
('AbbottSommerville@iiu.edu', '2LbnxI', 'I700776756'),
('abdulhannanzarrar001@gmail.com', '8504605', '23'),
('AbeGrovier@iiu.edu', 'BrAZNgxc', 'I700777318'),
('AbnerCourteney@iiu.edu', 'GXPY6Q', 'I700777286'),
('AbrahamWheal@iiu.edu', 'IgvLaOB', 'I700777166'),
('AbrahanMassow@iiu.edu', 'lQVYu9g', 'I700776772'),
('AbranCallander@iiu.edu', '6DTmvhmSoP', 'I700777961'),
('AbranCullum@iiu.edu', 'BAZdlNnz', 'I700776515'),
('AdamOllie@iiu.edu', 'EmEM14IL', 'I700778316'),
('AdamoSyddon@iiu.edu', 'iHn8oFALxn', 'I700777161'),
('AdanMattack@iiu.edu', 'UqcOsMz', 'I700777674'),
('AddiaDeeth@iiu.edu', 'fCCSCBUm', 'I700778309'),
('AddyHenrichs@iiu.edu', 'z9XyYDCD56zq', 'I700776516'),
('AdellaShearwood@iiu.edu', 'BqcnAY', 'I700778362'),
('AdelleHowsin@iiu.edu', 'Hl4eZWtrCUh', 'I700777421'),
('AdrianaTrimble@iiu.edu', 'h0Q7MA8vC', 'I700776687'),
('AdrianneZecchini@iiu.edu', 'RtHZVHiXR6c', 'I700776862'),
('AgaceTrenear@iiu.edu', 'ZY10gH', 'I700776869'),
('AgathaLerven@iiu.edu', '2OCROyYc1r', 'I700776463'),
('AgnetaPenburton@iiu.edu', 'l1HL9b', 'I700778383'),
('AgusteFedder@iiu.edu', 'Rf2TXCn', 'I700778259'),
('AimeDe Cruce@iiu.edu', '39BWpAUVD', 'I700778313'),
('AimeFollitt@iiu.edu', 'mfXmht', 'I700776785'),
('AinslieDymock@iiu.edu', 'RNq4tE', 'I700777122'),
('AkselJansie@iiu.edu', 'QggPJgWw1mK', 'I700776902'),
('AlamedaHoward@iiu.edu', 'eMoPzVUo', 'I700777360'),
('AlanaAlloisi@iiu.edu', 'eIJwjrOz', 'I700778359'),
('AlanoBaudinot@iiu.edu', 'RrXGR34dCok', 'I700776484'),
('AlansonBrome@iiu.edu', 'Oi5YtP81YkJ3', 'I700776466'),
('AlardMathon@iiu.edu', 'kACsm3sFMYoa', 'I700778045'),
('AlastairJorck@iiu.edu', 'omoxs4mL0LJ', 'I700778272'),
('AlasteirPitts@iiu.edu', 'qdRy1GA', 'I700777215'),
('AlayneGetley@iiu.edu', 'Q9K4z6e20plN', 'I700777687'),
('AlbertineDrewery@iiu.edu', 'CDnY86uaism', 'I700778365'),
('AldenScawen@iiu.edu', '9aGiyNrwh', 'I700777121'),
('AldoCoomber@iiu.edu', 'h58XqOo3z', 'I700777843'),
('AldonEdwards@iiu.edu', 'J6NPSth', 'I700776793'),
('AldrichOrto@iiu.edu', 'l7jF4a0Sa', 'I700776476'),
('AldricWickstead@iiu.edu', 'sWweWTkDGd3', 'I700777034'),
('AldusMapston@iiu.edu', 'Bf2Fcegy0W', 'I700776814'),
('AldwinKibby@iiu.edu', 'hzYrKFLy', 'I700776771'),
('AleneBrea@iiu.edu', 'LolAOaGur', 'I700777133'),
('AleneWinney@iiu.edu', 'ov5KAFLw', 'I700777348'),
('AlexanderTowersey@iiu.edu', 'VNc0dMmjDb', 'I700776970'),
('AlfieDulinty@iiu.edu', 'ZT5t5kV6B', 'I700778165'),
('AlfonseBostock@iiu.edu', 'tVzhRS', 'I700776956'),
('AlfredaFrosdick@iiu.edu', 'v5wD9AWeJ', 'I700778130'),
('AlfredFellgate@iiu.edu', 'RNCCBcqZ', 'I700777254'),
('AlfredSmallwood@iiu.edu', '0zDsdGcUCz', 'I700777715'),
('AliceO\'Dreain@iiu.edu', 'uKjQMcuxz', 'I700776441'),
('AlickMeiklem@iiu.edu', 'CJGekJrXQdC', 'I700778292'),
('AliHolbarrow@iiu.edu', '6KNe11A', 'I700778326'),
('AlixTreece@iiu.edu', 'QRxghoxOG9X', 'I700776626'),
('AlizaTorregiani@iiu.edu', 'fNRdsTsdLIVk', 'I700778327'),
('AllaDeare@iiu.edu', 'sJSsUNgpGfsl', 'I700777339'),
('AllanSteet@iiu.edu', 'HbQZIiHCu', 'I700777499'),
('AllayneThornbarrow@iiu.edu', 'UGfiXuKoBK', 'I700776941'),
('AllieRickwood@iiu.edu', 'HWKrrCF7rx', 'I700777832'),
('AllysonBampkin@iiu.edu', 'XOMr23M4', 'I700776849'),
('AlmireRussi@iiu.edu', 'MtBHgraI9fU', 'I700777422'),
('AloisiaGardiner@iiu.edu', 'H27rRGF2', 'I700777757'),
('AlonPenna@iiu.edu', '0MFloF6n', 'I700778143'),
('AlonzoCatcheside@iiu.edu', 'pxkGef', 'I700777377'),
('AltheaGravell@iiu.edu', 'UjA2uE4', 'I700776690'),
('AlwynWitter@iiu.edu', 'aEEapLaE', 'I700778132'),
('AlysaKarpushkin@iiu.edu', 'Fzdh4nO', 'I700778384'),
('AlyseRoberts@iiu.edu', 'Hgi7wbWpe2YC', 'I700777487'),
('AlysiaPeert@iiu.edu', 'YvpypiIKiE', 'I700777172'),
('AlyssaSlevin@iiu.edu', 'ufpBfcTIv', 'I700776566'),
('AlyssaStood@iiu.edu', 'EOndhrOWezY', 'I700776582'),
('AlyssLongdon@iiu.edu', 'cbgOx6Fo5B', 'I700777767'),
('AmaleaStranieri@iiu.edu', 'JgHa9ta9m', 'I700777153'),
('AmaleeJouannin@iiu.edu', 'CH5WlihL5pw', 'I700777621'),
('AmandieAbramsky@iiu.edu', 'NkE4XkoM', 'I700777138'),
('AmandieBarhams@iiu.edu', 'IgC5ZRNQ9ZOw', 'I700777188'),
('AmberGosforth@iiu.edu', 'rAClduf37i1I', 'I700777495'),
('AmbroseBidnall@iiu.edu', 'roRq7fB', 'I700778179'),
('AmelieFulham@iiu.edu', 'YT4hYDU697', 'I700776403'),
('AmelieSey@iiu.edu', '3KDY8zd', 'I700776930'),
('AmelineBoardman@iiu.edu', 'PDIzGL', 'I700776955'),
('AmelitaCooling@iiu.edu', 'sSR4zQqqFPk', 'I700778106'),
('AmerigoPhillott@iiu.edu', '5sP3TxOSwDe', 'I700777075'),
('AmosPressey@iiu.edu', 'DTY0ULjASpi2', 'I700777919'),
('AnabellaEndersby@iiu.edu', '8xbGpw', 'I700777706'),
('AnabelleMcCool@iiu.edu', 'OZbrBv2SB0', 'I700778294'),
('AnalleseGribbon@iiu.edu', 'TrsHx91ly', 'I700776953'),
('AnalleseSimonazzi@iiu.edu', 'a8fIxf', 'I700776843'),
('AndeeVeivers@iiu.edu', 'KYeIOK', 'I700777249'),
('AndersKatzmann@iiu.edu', 'NnZT3hRT', 'I700776618'),
('AndiMcCane@iiu.edu', 'KURFhN31T', 'I700777910'),
('AndonisHubert@iiu.edu', 'TJU1VfkLylX', 'I700777939'),
('AndrianaHearthfield@iiu.edu', 'yp07t1kJOtH8', 'I700776452'),
('AndriaWabersich@iiu.edu', '', 'I700776401'),
('AndromacheFeldberg@iiu.edu', 'BSQRSlIrl8r8', 'I700776472'),
('AndrosMcAndrew@iiu.edu', 'mjFrkaf', 'I700777641'),
('AnetteDenisard@iiu.edu', 'qyCEUX', 'I700777914'),
('AngelaLocock@iiu.edu', 'yNXqUL4', 'I700776781'),
('AngeleLetcher@iiu.edu', 'y8reXdX6', 'I700778208'),
('AngelicoFolland@iiu.edu', 'TCw20oKo', 'I700776721'),
('AngelicoPaddy@iiu.edu', 'DXOZdZ', 'I700776649'),
('AngeliqueVenney@iiu.edu', 'uQtRC2IVgc', 'I700776408'),
('AngelitaOdhams@iiu.edu', 'e2QrciFTC0PC', 'I700776569'),
('AngusDradey@iiu.edu', 'QhRDn55m7j', 'I700776556'),
('Ann-marieSeeviour@iiu.edu', 'zG9VdjRCfGf', 'I700777705'),
('Anna-dianaGabe@iiu.edu', 'SevNirPk', 'I700777915'),
('Anna-mariaChancelier@iiu.edu', '2TZU00', 'I700777046'),
('AnnabelaAbbotts@iiu.edu', 'BVpgeud', 'I700777378'),
('AnnabelCoulbeck@iiu.edu', 'huIwrUPPip', 'I700776752'),
('AnnabellNassy@iiu.edu', 'oPqRE7g', 'I700777993'),
('AnnamariaShoubridge@iiu.edu', 'BR7LvQA', 'I700776999'),
('AnnemarieOrrow@iiu.edu', 'VkBWEo', 'I700776662'),
('AnnemarieSpeakman@iiu.edu', 'eEmC2t', 'I700776603'),
('AnnyLandon@iiu.edu', 'h0g1Qwpr', 'I700777964'),
('AnsticeDeeks@iiu.edu', '7s37Aq', 'I700778192'),
('AntheaSimenot@iiu.edu', 'UPZbfsbSMZJ', 'I700776974'),
('AntheaWickey@iiu.edu', 'k8bOpC09iI9', 'I700777685'),
('AnthiathiaLeith@iiu.edu', 'yShjccZl', 'I700777976'),
('AntinAndric@iiu.edu', 'B6IMypPXLJ1', 'I700778374'),
('AntoninaSurmeyer@iiu.edu', 'qlotVbOskVI', 'I700777054'),
('AntoniusAndrzejczak@iiu.edu', 'B8BRJEKa9o', 'I700777131'),
('ArabelOcheltree@iiu.edu', 'wJbt1iJkkDW4', 'I700776896'),
('AraldoFilipiak@iiu.edu', '2JRGuRhagmWe', 'I700776788'),
('AraO\'Kennavain@iiu.edu', 'VwDqGmn1qX', 'I700778008'),
('ArcherGalero@iiu.edu', '4aEp3MJFoyx', 'I700777486'),
('ArdaGillitt@iiu.edu', 'JzQxUkoo5b', 'I700778257'),
('ArdathNorris@iiu.edu', 'v7lwAYvZyL', 'I700777397'),
('ArdeliaWisher@iiu.edu', '66mGb2', 'I700777836'),
('ArdineTimmens@iiu.edu', 'JVly8jAfeEG', 'I700777842'),
('AriadneHaresnaip@iiu.edu', 'yANokOu', 'I700777267'),
('AriBerthe@iiu.edu', 'oelMbIRIWu2Z', 'I700778051'),
('ArinBaseley@iiu.edu', 'S3Iz4m8bc', 'I700777175'),
('ArlanPhilcock@iiu.edu', '7D6uIuFqF', 'I700777971'),
('ArleeDimelow@iiu.edu', '1afEqgU', 'I700777845'),
('ArletaSandercroft@iiu.edu', 'oy0IJsozxF4F', 'I700778155'),
('ArletteDanilin@iiu.edu', 'U0vuyO', 'I700777217'),
('ArleyBricklebank@iiu.edu', 'YAtTSaP', 'I700777366'),
('ArlyneMcFarlan@iiu.edu', 'dQcvcgPrW', 'I700778121'),
('ArmandoFlori@iiu.edu', 'kONASyO7CQm', 'I700777127'),
('ArneyPlackstone@iiu.edu', '6pf8LBR', 'I700776573'),
('ArnieDudin@iiu.edu', '0nCQ8gx1V0', 'I700777734'),
('ArnieSizzey@iiu.edu', 'Upl9a07MUw', 'I700778332'),
('ArronBignal@iiu.edu', 'mlnnpuvKfN', 'I700777062'),
('ArronLuter@iiu.edu', 'L8tTVO', 'I700777707'),
('ArtemisGytesham@iiu.edu', 'JycM3WOj4D7S', 'I700776491'),
('ArtemisKunc@iiu.edu', 'rl8ZI7SCuh', 'I700776920'),
('ArtemisTantum@iiu.edu', 'ZBxaGBbyKD', 'I700776659'),
('AseBernadon@iiu.edu', 'E3PKgB', 'I700777928'),
('AshlanGong@iiu.edu', '9V61BE3', 'I700776419'),
('AshlieFreiburger@iiu.edu', 'h6CWlH', 'I700776589'),
('AshtonThebe@iiu.edu', '72a8e3t9h', 'I700776655'),
('AstridGraham@iiu.edu', 'OJmQEAa7sHn1', 'I700777732'),
('AstridHerrema@iiu.edu', 'qc6dhoMiCm0n', 'I700777056'),
('AstrixBlonden@iiu.edu', '8EpO2zv5Ut', 'I700776973'),
('AthenaPapaccio@iiu.edu', 'f4SXsprVu', 'I700777315'),
('AubineLeetham@iiu.edu', 'wFobrpT', 'I700777404'),
('AudieVickerstaff@iiu.edu', 'YNpodE', 'I700777409'),
('AudraGutch@iiu.edu', 'ZJ563W', 'I700777969'),
('AudyBallingal@iiu.edu', 'b6TupjFb', 'I700777973'),
('AugustePatrone@iiu.edu', 'PNehi4Zny0', 'I700777025'),
('AugustineAntoney@iiu.edu', 'Wjlkp1Ap', 'I700776445'),
('AugustinWigg@iiu.edu', 'oqAFNHrWJ', 'I700776660'),
('AuriaGoulbourne@iiu.edu', '3sxqgly7ju', 'I700777537'),
('AuriliaBeardsdale@iiu.edu', 'xrwKkVJ', 'I700777297'),
('AuroreArblaster@iiu.edu', 'NfXfnIkH', 'I700777464'),
('AustinaSothern@iiu.edu', 'doxACy10u', 'I700777474'),
('AvrilGallamore@iiu.edu', 'ySCmnjGnMeB', 'I700776520'),
('AvrilRooke@iiu.edu', 'ddi9YN', 'I700778361'),
('AvromAlthrope@iiu.edu', 'ub4yelX8', 'I700777760'),
('AylmarTrimmell@iiu.edu', 'otpbYzOR', 'I700778139'),
('BabbieFache@iiu.edu', 'mUwbCTd', 'I700777078'),
('BailGuerrero@iiu.edu', 'KcFESU7mTp', 'I700777897'),
('BaldCain@iiu.edu', '2LefaNMusKG', 'I700778161'),
('BalduinStorie@iiu.edu', 'p0So5OklWq', 'I700776906'),
('BaldwinGrishin@iiu.edu', 'fEHRUfgUPx7Q', 'I700778258'),
('BankBricklebank@iiu.edu', 'wC3cfZCz', 'I700777447'),
('BarbraGavozzi@iiu.edu', 'ycxIiF', 'I700777696'),
('BardeSima@iiu.edu', 'Br45pzVxW', 'I700777058'),
('BariPendlington@iiu.edu', '8oQgmNgA36', 'I700778347'),
('BarnabyBeals@iiu.edu', 'jFRlOrO', 'I700776889'),
('BarnettPauley@iiu.edu', 'zF6aMN0', 'I700777053'),
('BarnHryskiewicz@iiu.edu', 'MXuJbzPJpV', 'I700777306'),
('BarnieFelix@iiu.edu', 'YtS8NVjp', 'I700777467'),
('BarrettDuddle@iiu.edu', 'URo9ZxiorcZ', 'I700777759'),
('BarryOsburn@iiu.edu', 'OK8DdTULpF4', 'I700776777'),
('BartlettFruchon@iiu.edu', 'mmmF2K4Y', 'I700777558'),
('BartolemoNorthridge@iiu.edu', 'Y6uvHSkCsIZ', 'I700777323'),
('BastianRenowden@iiu.edu', 'sFuj4pbHnP6q', 'I700778171'),
('BastienRomero@iiu.edu', 'fMqIpazTIc', 'I700777154'),
('BatshevaBordman@iiu.edu', 'dM2VfTUvHU', 'I700777807'),
('BaxterJickles@iiu.edu', 'tfZFfwpDZ', 'I700778289'),
('BeauBrimm@iiu.edu', 'giqmYYyF', 'I700778261'),
('BeaufortRatter@iiu.edu', '9yTvZbEfKF', 'I700778111'),
('BeauregardRumbellow@iiu.edu', 'QF9TtgQOiCJ', 'I700777846'),
('BelMeert@iiu.edu', '2f76csx5Wl7', 'I700777568'),
('BeltranShawcross@iiu.edu', 'Rj6wsJTufhnI', 'I700776865'),
('BenditeCowely@iiu.edu', '5xSZH0D', 'I700778216'),
('BenedettoMoreno@iiu.edu', 'YwHKkj9au', 'I700776450'),
('BenedictoVasyukhichev@iiu.edu', 'FQIPVLjV', 'I700776429'),
('BeniaminoColclough@iiu.edu', 'Og2Z4btG', 'I700778114'),
('BeniaminoToland@iiu.edu', 'OavYwYmhnE', 'I700776948'),
('BenitoRicart@iiu.edu', '7zOond55DS', 'I700777334'),
('BenjieScholcroft@iiu.edu', '5KtQn1X1GYVx', 'I700777788'),
('BentleeSyddie@iiu.edu', 'YVRw5Rkd', 'I700777913'),
('BerDurning@iiu.edu', 'h8FC2N', 'I700777676'),
('BeretBennetto@iiu.edu', 'UjnXMsy', 'I700777765'),
('BeretPadginton@iiu.edu', 'FFyz9k', 'I700778100'),
('BerkeWinscum@iiu.edu', '0dwIjMb', 'I700777709'),
('BernadetteAspinell@iiu.edu', 'Y7bjBlYlNCro', 'I700777593'),
('BernettaWesthoff@iiu.edu', 'W4c7Df0', 'I700778185'),
('BernitaRowbotham@iiu.edu', 'ULehAclV', 'I700777659'),
('BerPegden@iiu.edu', 'WMOpOA11WPrr', 'I700776477'),
('BerrieCurtis@iiu.edu', '0uAxmdQO', 'I700776574'),
('BertrandLindbergh@iiu.edu', 'MTEVpA8jD', 'I700777012'),
('BertyGrubb@iiu.edu', 'QRPZT88aNh', 'I700777336'),
('BeryleHatchette@iiu.edu', 'TXisFn1wn', 'I700776819'),
('BethinaLack@iiu.edu', 'MLw0ageL', 'I700777829'),
('Bette-annOdam@iiu.edu', '5PrUTtg', 'I700777468'),
('BetteanneDumsday@iiu.edu', 'EIuo7sq4ym', 'I700777239'),
('BetteanneRief@iiu.edu', 'uYDskHw4zUM', 'I700777996'),
('BettineDommerque@iiu.edu', '8xSsWQ', 'I700776475'),
('BevanFoot@iiu.edu', 'U0PvPYLLS', 'I700777275'),
('BevanTarpey@iiu.edu', 'iQuGvSx5Z84J', 'I700777708'),
('BevAttersoll@iiu.edu', 'a8SRCEgN', 'I700777680'),
('BeverleeDmitrievski@iiu.edu', 'AFgZE2e', 'I700777382'),
('BeverlieSt. Quentin@iiu.edu', 'pSyKcFIcCK6', 'I700776872'),
('BiankaHunston@iiu.edu', 'lTc398pdmT', 'I700776519'),
('BilAttewell@iiu.edu', 'Pp0ExyBU4', 'I700777806'),
('BingBuckeridge@iiu.edu', '1j2qbek8', 'I700777661'),
('BironPrestland@iiu.edu', 'x06QUOnfzJ', 'I700776695'),
('BlaineSedgemore@iiu.edu', 'i2vwCtKy', 'I700777860'),
('BlakeFlintiff@iiu.edu', 'SQNmlb', 'I700777521'),
('BlakeSoar@iiu.edu', '45dPtg', 'I700777465'),
('BlayneLongstreeth@iiu.edu', '3EiQz6hFr', 'I700777861'),
('BlondelleFairpool@iiu.edu', '5ovBp93Dn', 'I700778014'),
('BlondieUpton@iiu.edu', 'CdL3GpSx', 'I700778301'),
('BlytheBesset@iiu.edu', '6ljetIfn41', 'I700778061'),
('BobbeePirdue@iiu.edu', 'YfC6oXBLD', 'I700776462'),
('BobbeLethbury@iiu.edu', 'Uwvt0kRT', 'I700777830'),
('BobbieTetlow@iiu.edu', 'y6BUDVIAAz', 'I700776709'),
('BobbiIngleby@iiu.edu', 'Miij4fl6', 'I700777083'),
('BobinaSwaden@iiu.edu', 'mG07L0uUiP', 'I700777575'),
('BondyHamber@iiu.edu', 'NTiCJPzpy', 'I700777105'),
('BonnieFryd@iiu.edu', 'AesAqNrComvf', 'I700778149'),
('BonnyVuittet@iiu.edu', 'Dx56CCGe77', 'I700777656'),
('BordieOllerearnshaw@iiu.edu', 'kmmAYCh1', 'I700778176'),
('BordyBettleson@iiu.edu', 'YTchXEWjR', 'I700777195'),
('BordyBraga@iiu.edu', 'iBEGBV4iJM', 'I700778387'),
('BradlyFerriere@iiu.edu', 'Vox2HrB83', 'I700777650'),
('BradneyPenwell@iiu.edu', 'bzvZ3dK', 'I700777438'),
('BrandtrO\'Fallone@iiu.edu', 'GtAFr2j', 'I700777730'),
('BrendenArni@iiu.edu', '4Q4b9OUt', 'I700777110'),
('BrendenDebrett@iiu.edu', '5NA9yjrI', 'I700777924'),
('BrenMcGuinley@iiu.edu', 'BpnvX2', 'I700778241'),
('BrianPratton@iiu.edu', 'oZiZFg', 'I700777198'),
('BriaStanfield@iiu.edu', 'PCQyHNRd9f', 'I700776505'),
('BrigittaCaze@iiu.edu', 'zNqiFrXLTP6g', 'I700777697'),
('BrigitWalden@iiu.edu', 'VEFUhQIo3', 'I700777738'),
('BritaNorthidge@iiu.edu', '8jeKTSq986', 'I700777518'),
('BrittaneyArtinstall@iiu.edu', 'j23qN940PAnW', 'I700778282'),
('BrittaneyTinner@iiu.edu', 'rk0bvXC', 'I700777780'),
('BrittaniGriffen@iiu.edu', 'zfxfUCv8', 'I700776888'),
('BrodyBatram@iiu.edu', 'pidkyQ7DizmU', 'I700777112'),
('BrookStallworthy@iiu.edu', 'xPnJ5UB1y0Cf', 'I700776703'),
('BryanDenes@iiu.edu', 'aqZ3dPVOHbuB', 'I700777285'),
('BrynnFiske@iiu.edu', 'z7KR54RL', 'I700777819'),
('BuckKleinmintz@iiu.edu', '1TNP2SlSE', 'I700778367'),
('BuckSkains@iiu.edu', 'eksaqFZ', 'I700776751'),
('BuddJosephy@iiu.edu', 'UVhj5LH', 'I700777245'),
('BuddyDudden@iiu.edu', 's98ECNgHk', 'I700777546'),
('BunnieMangan@iiu.edu', 'VxQDtaM', 'I700776856'),
('BurchMunn@iiu.edu', 'QsNWF3D9Uh', 'I700777201'),
('BurkeThurlby@iiu.edu', 'H4BmixE5Fq', 'I700776558'),
('BurtFosdyke@iiu.edu', 'L1FpSpOB07', 'I700778238'),
('BurtieRowntree@iiu.edu', 'WQqGPjMF5vc', 'I700778086'),
('BurtWelbelove@iiu.edu', 'j7dwSV97VW', 'I700777975'),
('CacilieIskower@iiu.edu', 'p3ch6PsT5Wlw', 'I700777169'),
('CallaGabotti@iiu.edu', 'YSBik3Yh', 'I700777181'),
('CalvinEstcourt@iiu.edu', 'srsyXM5lqOa', 'I700777269'),
('CalypsoMcGilvra@iiu.edu', '0gG6BP', 'I700777386'),
('CamelRikard@iiu.edu', '1WkNUH', 'I700777148'),
('CammyBeams@iiu.edu', 'dUFIai4i', 'I700777293'),
('CandieMacNeilly@iiu.edu', 'oaQHzAlK77', 'I700776643'),
('CaralieDurak@iiu.edu', 'MSemtt7WiFx3', 'I700777431'),
('CareyTenny@iiu.edu', 'iVKy7HtG', 'I700776641'),
('CariCullabine@iiu.edu', 'v7ClMvfUL', 'I700776725'),
('CarilAdamik@iiu.edu', 'usvUK5RH', 'I700778134'),
('CariottaHarvison@iiu.edu', 'yXd0pwbcj', 'I700778393'),
('CarleyAveries@iiu.edu', 'LETJx2phIPr', 'I700777383'),
('CarlieSage@iiu.edu', '0O7ZXs', 'I700777416'),
('CarlinaKernar@iiu.edu', 'B3ySfYlh', 'I700777333'),
('CarlotaPhlippsen@iiu.edu', 'MfqSwpkJVW', 'I700777511'),
('CarlynneBolderoe@iiu.edu', 'CIlb27vci87', 'I700776877'),
('CarlynneMeeks@iiu.edu', 'RDp8hXj', 'I700777283'),
('CarmelitaHindes@iiu.edu', '0gCBry7KmRo', 'I700776802'),
('CarmencitaGaggen@iiu.edu', 'YClTaqy3ifYR', 'I700777673'),
('CarminaViger@iiu.edu', 'ox4adZV', 'I700777208'),
('Carol-jeanGulleford@iiu.edu', 'M39x37Ia', 'I700777212'),
('CarolinaTuffs@iiu.edu', 'AF0xToE3p', 'I700778038'),
('CarrollVerlinden@iiu.edu', 'hdo63I0', 'I700778074'),
('CarverBaudouin@iiu.edu', 'DDIHGzjsGjG', 'I700777036'),
('CarylSlowgrove@iiu.edu', 'pQr0W2ErZYb', 'I700777485'),
('CaseyRowat@iiu.edu', 'QterWrxb', 'I700776420'),
('CasperGasperi@iiu.edu', 'ckJCj9n9hos', 'I700777483'),
('CassyFillgate@iiu.edu', 'zwbxtfVRj', 'I700776588'),
('CatharinaMetherell@iiu.edu', '8aEgjD', 'I700778373'),
('CathaScemp@iiu.edu', 'skzzhJO5Ask', 'I700777848'),
('CatherinaBortolini@iiu.edu', 'WlswFAhV', 'I700776480'),
('CatherinClaiden@iiu.edu', 'qQv2zfvWW', 'I700776509'),
('CathiKarpf@iiu.edu', 'XKlqC0', 'I700776540'),
('CathiMorten@iiu.edu', 'ATzEYsxnEj', 'I700777328'),
('CathleneBiaggetti@iiu.edu', 'X8VRyI', 'I700776646'),
('CathrinLeggate@iiu.edu', 'VCImQxXOb', 'I700778265'),
('CatinaIacomi@iiu.edu', 'ylm1v0PGSGp', 'I700777665'),
('CatlainaCaush@iiu.edu', 'Y9n55Zc', 'I700777655'),
('CatleeHaswall@iiu.edu', '1JEvhW4jG', 'I700777590'),
('CatleeMithun@iiu.edu', 'cLQ4fDgWq', 'I700778358'),
('CaylaHart@iiu.edu', 'oHJKRo5', 'I700778225'),
('CeceBurbidge@iiu.edu', 'mKLsUI6M8vw', 'I700776818'),
('CeceliaInwood@iiu.edu', 'Ye8CxICofuh3', 'I700777298'),
('CecilAgglione@iiu.edu', 'ADHZZuKz', 'I700778170'),
('CecilCuddihy@iiu.edu', '4OpjP0Cc3', 'I700777725'),
('CeciliusWhitta@iiu.edu', 'Q3i3rDCA4jPL', 'I700777577'),
('CelesteDearle-Palser@iiu.edu', 'RRWppvX72', 'I700776461'),
('CelesteGoodreid@iiu.edu', 'xjp2pkOsI3oT', 'I700778173'),
('CelestineKirley@iiu.edu', 'RhePls', 'I700777664'),
('CeliaHeber@iiu.edu', 'aHBi6Z', 'I700777457'),
('CelinaAssel@iiu.edu', 'ONXl6V', 'I700776632'),
('CelinaShillinglaw@iiu.edu', 'pxHq40', 'I700778400'),
('CelkaAustwick@iiu.edu', 'tr1hlulca', 'I700776599'),
('CesarMathy@iiu.edu', 'SuER3w', 'I700776402'),
('CesarPadly@iiu.edu', 'RqS4kjkwr', 'I700776510'),
('ChaddieCorneille@iiu.edu', 'c1dvij', 'I700777102'),
('ChadPettus@iiu.edu', 'ciFmhyosFF0', 'I700777756'),
('ChaimDodds@iiu.edu', 'FBIaYOCAS', 'I700777338'),
('CharisseBolver@iiu.edu', 'dDExPm1n', 'I700777253'),
('CharleenGreetland@iiu.edu', 'x4klIczqQfks', 'I700777675'),
('CharlenaDusting@iiu.edu', 'zIXFqGcaqL', 'I700778009'),
('CharleyBuckthought@iiu.edu', 'UTkXcedRrix', 'I700776653'),
('CharlotO\'Coskerry@iiu.edu', 'jRortHzkehm', 'I700777891'),
('CharltonTrundle@iiu.edu', 'xqdsTri00', 'I700776543'),
('CharmianGreves@iiu.edu', 'gdKHsapnj', 'I700777278'),
('ChelseaCopelli@iiu.edu', 'cqjEvuU', 'I700776787'),
('ChenDymick@iiu.edu', 'caD4lso4', 'I700777335'),
('CherishSimons@iiu.edu', 'UA1xdF7mi', 'I700777005'),
('CherlynIvanovic@iiu.edu', 'qatoT2zFtM', 'I700777003'),
('ChesKarpe@iiu.edu', 'W5n22t', 'I700778199'),
('ChiarraSymondson@iiu.edu', 'vLF17A8qKypM', 'I700777114'),
('ChickyBielfelt@iiu.edu', 'h21b2x8xASVO', 'I700776712'),
('ChickyGarstan@iiu.edu', 'lEuLHUa', 'I700776951'),
('ChickyNewtown@iiu.edu', 's0orze6', 'I700776681'),
('ChickyRowlson@iiu.edu', 'LRkeiCL5DQp', 'I700777389'),
('ChloeJonin@iiu.edu', '6Eymngt', 'I700777639'),
('ChrissyClulow@iiu.edu', 'uvm9Om4bu', 'I700777002'),
('ChrissyLinsey@iiu.edu', 'ErCWEkf', 'I700777820'),
('ChrissyYurevich@iiu.edu', 'gHNCN1nqMQ', 'I700776425'),
('ChristalleTrice@iiu.edu', 'GJujkz', 'I700777743'),
('ChristaRudeforth@iiu.edu', 'qpuvDnd9i', 'I700778089'),
('ChristaStonier@iiu.edu', 'UI6wT3KGxN0k', 'I700778217'),
('ChristeanHaxley@iiu.edu', 'nofHDcl', 'I700777768'),
('ChristenCheetam@iiu.edu', 'uWUUPILCZQDv', 'I700777739'),
('ChristianoTullett@iiu.edu', 'xyfgrjSn', 'I700777463'),
('ChristofferTripean@iiu.edu', '229ZIumlyIqE', 'I700776635'),
('ChristyeStubley@iiu.edu', '2g0hYWmU', 'I700777098'),
('ChryslerCeles@iiu.edu', '8CH830gx', 'I700777354'),
('ChrystalBeasleigh@iiu.edu', 'DdmMYv48FvMV', 'I700777455'),
('ChrystalChesman@iiu.edu', '1F6cyaG', 'I700776967'),
('ChrysteArtin@iiu.edu', 'XSCL9XQu9tl9', 'I700777881'),
('ChuchoDrysdale@iiu.edu', '6t9eVq', 'I700776749'),
('ChuchoYearron@iiu.edu', 'gdiA6unD', 'I700777473'),
('CindieMeltetal@iiu.edu', 'iwr7iEC3f', 'I700777143'),
('CindraMcCaskill@iiu.edu', 'LBF1xFECA8z5', 'I700777345'),
('ClaraBrook@iiu.edu', 'j78ZXPHuxIse', 'I700776488'),
('ClarestaLamming@iiu.edu', 'hxsrLXEJdoFt', 'I700778254'),
('ClarestaPlace@iiu.edu', 'DlUIULJL', 'I700777180'),
('ClaretaKeighley@iiu.edu', '7TD2FGlbzFxB', 'I700776958'),
('ClarieWeber@iiu.edu', '43rwQxx77', 'I700777526'),
('ClarindaInglis@iiu.edu', '2Y4BON1r50Sp', 'I700778070'),
('ClaritaJeroch@iiu.edu', 'lBg9X0', 'I700776937'),
('ClariWrangle@iiu.edu', 'frSVo5', 'I700777353'),
('ClaryFenney@iiu.edu', 'jYSnNv', 'I700777602'),
('ClaudellBrighouse@iiu.edu', 'zGd8pW6Sx', 'I700777727'),
('ClaudineCollocott@iiu.edu', '5QelLVXgpq0', 'I700777186'),
('ClayborneImore@iiu.edu', 'Kjh816t0T', 'I700776782'),
('ClaybornLawless@iiu.edu', '6dLyTydewxRg', 'I700777164'),
('ClayChiese@iiu.edu', '2U2a84UP7', 'I700777023'),
('CleaFranciskiewicz@iiu.edu', 'DOtBisbJpJ', 'I700776727'),
('ClemenceBarbery@iiu.edu', 'hmcJnpo0Rkw', 'I700777557'),
('ClerkclaudeRickaby@iiu.edu', 'icBA2r0ITCKg', 'I700778341'),
('ClerkclaudeWitard@iiu.edu', 'ZeF2UQj1pY', 'I700777042'),
('CletisDulton@iiu.edu', 'RO0LnTBc', 'I700776669'),
('CliffordGlasman@iiu.edu', 'S2AXXIoGeq', 'I700777250'),
('ClywdPietrasik@iiu.edu', '2zKkCb', 'I700776496'),
('CobAronovich@iiu.edu', 'CQdMXO', 'I700778129'),
('CodiAcland@iiu.edu', 'tX15jgL1', 'I700777450'),
('CodieGladhill@iiu.edu', 'r0PskUC', 'I700777884'),
('CodiPlimmer@iiu.edu', 'zZ0A4syB', 'I700776661'),
('CointonRitzman@iiu.edu', 'MXSP6cfLB', 'I700776645'),
('ColeMulleary@iiu.edu', 'CUqacDg3Rw7', 'I700777263'),
('ColetteBorrett@iiu.edu', 'IK7gz4tjpKbo', 'I700777630'),
('Conchitade Quincey@iiu.edu', 'L4oxwOBr', 'I700778159'),
('ConniRutty@iiu.edu', 'fp1Ypv', 'I700777918'),
('ConradLaxen@iiu.edu', 'IJxRnQ', 'I700776544'),
('ConroyO\'Suaird@iiu.edu', '2TY0xMhnKBi', 'I700776835'),
('ConsolataBorless@iiu.edu', 'rttSGyYOqjH', 'I700778043'),
('ConsolataClorley@iiu.edu', 'JUPIqkh1qs', 'I700778319'),
('ConstantinaCasellas@iiu.edu', 'HX9fKP', 'I700776554'),
('ConsuelaMichelin@iiu.edu', 'ShCaKPfb49', 'I700777237'),
('CoraBeckenham@iiu.edu', 'TGgS1VVKiLwz', 'I700778243'),
('CorabelFosher@iiu.edu', 'McRMcUqG3', 'I700777837'),
('CoralLeitch@iiu.edu', 'BXXUYgJyBh3D', 'I700776900'),
('CorbettAlessandrelli@iiu.edu', 'cDkfsbwy', 'I700776504'),
('CoreenBridgewater@iiu.edu', 'F776YTffMVnA', 'I700777904'),
('CorlySemorad@iiu.edu', 'png4OY4GA', 'I700778371'),
('CornelleCostan@iiu.edu', 'P4cGJWR', 'I700777375'),
('CornelleCrier@iiu.edu', 'diYJbMjmm', 'I700777979'),
('CornieSaffen@iiu.edu', '5zJhqyqvzz', 'I700776427'),
('CorrieNewbatt@iiu.edu', 'trWjYDc0b', 'I700778237'),
('CorryPowney@iiu.edu', 'Ly9FVcs6v', 'I700777636'),
('CortyVan den Velden@iiu.edu', 'Ow3ZlyOx1C', 'I700778324'),
('CosettaYurtsev@iiu.edu', 'XpnDgh', 'I700777937'),
('CourtKarpmann@iiu.edu', 'm3VdhrJ48Xv', 'I700778302'),
('CreighMathewson@iiu.edu', '40dv1L1t8auF', 'I700776754'),
('CreightTrousdale@iiu.edu', '302lK3lM', 'I700776913'),
('CrisLa Batie@iiu.edu', 'mmbnF9CxT', 'I700777011'),
('CristianBrixey@iiu.edu', 'f1xWxSUCdR1', 'I700777470'),
('CrosbyRonchka@iiu.edu', 'QrjXDSsrndhO', 'I700777489'),
('CrystaHeinel@iiu.edu', 'L02l4QS5aMW', 'I700777466'),
('CullanSilk@iiu.edu', 'yG3ng6yelMG', 'I700777433'),
('CulleyHardeman@iiu.edu', 'O7WnvaR', 'I700778264'),
('CullinTipens@iiu.edu', 'zOto5Pt3', 'I700777448'),
('CullMasedon@iiu.edu', 'nlq9UIyWL', 'I700778357'),
('CurranJerams@iiu.edu', 'tvndsD9i5X', 'I700777243'),
('CurtisSkellen@iiu.edu', '65PVeN', 'I700776905'),
('CybStarford@iiu.edu', 'dMuEOjo', 'I700778182'),
('CynthiaGallear@iiu.edu', 'PFufmDAeMgy', 'I700777277'),
('CynthiaKlejin@iiu.edu', 'sJ8j4FQ', 'I700777591'),
('CynthyKivelle@iiu.edu', '783ZV3e6og', 'I700777205'),
('DacieMarkus@iiu.edu', '71AEdyFzeDP', 'I700777825'),
('DaelGrabiec@iiu.edu', 'oi7BrP', 'I700776734'),
('DaelStit@iiu.edu', 'F6Cex4w93XS', 'I700777984'),
('DailePesak@iiu.edu', 'wMPE2zaE3SE', 'I700777469'),
('DallasBasterfield@iiu.edu', 'fvLWOVag7', 'I700777660'),
('DaltNorster@iiu.edu', 'a6GjK0WkI', 'I700776915'),
('DamarisBerrick@iiu.edu', '4Qg04VkhI', 'I700777578'),
('DamianoZucker@iiu.edu', 'ZtO1tBOnW', 'I700778223'),
('DamienGrason@iiu.edu', '89weDhP', 'I700777507'),
('DaneRounding@iiu.edu', 'DWV54fHAWXgC', 'I700776786'),
('DanicaMullineux@iiu.edu', 'AXgl5P', 'I700777200'),
('DaniceCreighton@iiu.edu', 'HI3AzlV2Ircj', 'I700777753'),
('DanitaBaldin@iiu.edu', 'gMUQOVl0XXD', 'I700777393'),
('DanitKrause@iiu.edu', 'Iw1TZ9SP', 'I700778297'),
('DannyeSiene@iiu.edu', '1H3RhKInL', 'I700778082'),
('DanOlechnowicz@iiu.edu', 'C78nHXpexBf', 'I700778158'),
('DanyaWincom@iiu.edu', '0McXnq', 'I700776795'),
('DarbShackel@iiu.edu', 'UBmLdDPze5', 'I700778226'),
('DarbyFouracres@iiu.edu', 'NAbMPuAZbh', 'I700778336'),
('DarceeLavell@iiu.edu', 'VsG1tKARe', 'I700776711'),
('DarcyGrahl@iiu.edu', 'jTadbnB', 'I700777291'),
('DariceMeins@iiu.edu', 'woNyyNop', 'I700776671'),
('DarillAndreolli@iiu.edu', '1isStE', 'I700778333'),
('DariSerman@iiu.edu', 'MSyC6Tf', 'I700777367'),
('DariusMaletratt@iiu.edu', 'JscjUC', 'I700776555'),
('DarleneFridaye@iiu.edu', '3PhaoVLu', 'I700777524'),
('DarlineDurran@iiu.edu', 'XnJpOSn3', 'I700778281'),
('DarrellGamlen@iiu.edu', 'yDGtNp4', 'I700776539'),
('DarrelMangin@iiu.edu', '1E3Gqu8o', 'I700778366'),
('DarrickMenault@iiu.edu', 'RGWLAJx5kfoj', 'I700777604'),
('DarrinGravenell@iiu.edu', 'RLmLq9TNP', 'I700778391'),
('DarrinLydster@iiu.edu', 'nF6An3', 'I700777441'),
('DarrylItzkov@iiu.edu', '34UOzkIUgrVG', 'I700777149'),
('DarsieDe Haven@iiu.edu', '5tjJBrGl9nB', 'I700777588'),
('DasyaBrigge@iiu.edu', '999cUXovEhuZ', 'I700777695'),
('DavetaAlexsandrev@iiu.edu', 'tMgFv7uXK4L4', 'I700777883'),
('DaveyLoidl@iiu.edu', 'cJvYXYd7', 'I700776595'),
('DavGott@iiu.edu', '4irlGR', 'I700778066'),
('DavidaSkippen@iiu.edu', 'WyNF6TX', 'I700777064'),
('DavidCancott@iiu.edu', 'uvUGF9RR', 'I700776464'),
('DavinaMcDougle@iiu.edu', 'rXPF5Xh6', 'I700777287'),
('DavineBurnel@iiu.edu', '9ibg1cp0o', 'I700778390'),
('DavineChaise@iiu.edu', 'QsHAFA', 'I700777067'),
('DavisPury@iiu.edu', '2hcKL99f3', 'I700778123'),
('DavisTooze@iiu.edu', 'ToZnSiSieTp', 'I700777396'),
('DavonSamuel@iiu.edu', 'blqyhB0dPS6', 'I700778271'),
('DeanaStivens@iiu.edu', 'X4PiWdXir5Xj', 'I700776990'),
('DebbiHekkert@iiu.edu', 'eTU9KGZ7KY', 'I700777129'),
('Dee deeRoseby@iiu.edu', 'lv44God', 'I700777689'),
('DeeannTock@iiu.edu', 'HUCV6pKODbIr', 'I700777055'),
('DeedeeDe la Perrelle@iiu.edu', 'XicD3iM80d', 'I700777116'),
('DeeynGofforth@iiu.edu', 'BQG0XBSMwHU', 'I700777794'),
('DeeynGoutcher@iiu.edu', 'NFhs2NklnT', 'I700776825'),
('DeeynPlumbridge@iiu.edu', 'JDZnFL', 'I700778107'),
('DeinaGribbin@iiu.edu', 'JShdM1', 'I700776453'),
('DeinaNobriga@iiu.edu', 'A1rm9fllgLg', 'I700776413'),
('DelaHambers@iiu.edu', 'ewah0e2', 'I700776630'),
('DelanoBarlace@iiu.edu', '8Ep6IBqtKGdF', 'I700776423'),
('DelbertDumbrall@iiu.edu', 'ODnb1KP', 'I700777949'),
('DelGoodspeed@iiu.edu', 'WADSTei', 'I700777898'),
('DelHuish@iiu.edu', 'XGxghDzclV', 'I700776551'),
('DelorisRoan@iiu.edu', 'byyFpclh', 'I700777106'),
('DemetriusIanne@iiu.edu', 'uFaltV9', 'I700776608'),
('DeniGodbert@iiu.edu', 'dAIHHN', 'I700777529'),
('DenisNewcomen@iiu.edu', 'RMccdq36OpfS', 'I700776417'),
('DenyBurtwell@iiu.edu', 'RJCrW1cUg', 'I700778080'),
('DeonneBedrosian@iiu.edu', 'aJaWKDEXv', 'I700776428'),
('DerbyPhoenix@iiu.edu', 'GlI3goh', 'I700777631'),
('DerkIvanchin@iiu.edu', '8m98Ds', 'I700777330'),
('DermotGrigori@iiu.edu', 'LRoBZ6q', 'I700777839'),
('DerrekGull@iiu.edu', 'MmIg9iNyuhr', 'I700777357'),
('DerrickDurbridge@iiu.edu', '3dFjSvV76', 'I700777574'),
('DerronFetherstan@iiu.edu', '2Q4yZpYb7FY', 'I700777692'),
('DerryTolhurst@iiu.edu', 'VU54V3CWxcB1', 'I700777009'),
('DerwardDaniel@iiu.edu', 'htXdmQPtq', 'I700777496'),
('DerwinKibby@iiu.edu', 'NbRScG4', 'I700778402'),
('DesiraeBavin@iiu.edu', 'xRx6E3G9D', 'I700776684'),
('DesmondVolcker@iiu.edu', 'bdrfgubTzn6', 'I700777130'),
('DevlinGutsell@iiu.edu', '1B7B2Gzk', 'I700776686'),
('DevlinJackes@iiu.edu', '9vkSxZOBgM', 'I700778135'),
('DevonPilpovic@iiu.edu', 'aUTg9coi', 'I700776508'),
('DexLightoller@iiu.edu', 'fPaPOcjwsLc', 'I700776964'),
('DianePinfold@iiu.edu', 'A0y4EG85MrY', 'I700777415'),
('DianHurne@iiu.edu', 'Q9KPHS1fAka', 'I700777500'),
('DianMoat@iiu.edu', 'yU3hY3l', 'I700777407'),
('DickieMurricanes@iiu.edu', 'cCca9o8az', 'I700777165'),
('DidiBeningfield@iiu.edu', 'h4wPLGOp', 'I700778344'),
('DillieFarlamb@iiu.edu', 'hh9Gyf9N', 'I700776977'),
('DinaFollin@iiu.edu', 'ilmPmX', 'I700776706'),
('DioneStuther@iiu.edu', 'uEVNsD8EKB', 'I700777888'),
('DixiePilling@iiu.edu', 'YcS7FIkyTE', 'I700776961'),
('DmitriTerren@iiu.edu', 's8KUxrZPS', 'I700778314'),
('DodiDethloff@iiu.edu', 'eTxYLXshpS', 'I700777690'),
('DolliCaraher@iiu.edu', 'o0v7Jfd', 'I700776492'),
('DollyJosephi@iiu.edu', '3fFw5e', 'I700776878'),
('DomingaCunah@iiu.edu', 'WyEgCtP8p3', 'I700777596'),
('DomingaStillgoe@iiu.edu', 'sqRTCuYqV4', 'I700777512'),
('DominicaMcKernon@iiu.edu', 'bzXjylQkAheP', 'I700776909'),
('DominikLamming@iiu.edu', 'EkKZ51xUTk', 'I700777580'),
('DominiqueMatteoni@iiu.edu', 'WRtrtSM', 'I700778379'),
('DonielleEttridge@iiu.edu', 'AArn8b5Z0jO', 'I700777792'),
('DonnajeanWinscomb@iiu.edu', '36pplpI7KGe', 'I700777813'),
('DonnaJob@iiu.edu', 'E35MW3YIR', 'I700777905'),
('DonnamarieEccleshare@iiu.edu', 't7x3jShrkL1', 'I700778263'),
('DonnamarieWeddell@iiu.edu', 'DFYjzT23', 'I700777187'),
('DonnaPaladino@iiu.edu', '8LN3WQx', 'I700777145'),
('DonnParsand@iiu.edu', '7BdcvHQs7', 'I700776959'),
('DonnyDevlin@iiu.edu', 'S0eIrwf7Vvb', 'I700776415'),
('DonovanHollingshead@iiu.edu', '4Wurf6Dp', 'I700778006'),
('DonovanHuckle@iiu.edu', 'MdVH9VK', 'I700777026'),
('DonovanHuzzey@iiu.edu', '3RCY9WCQr', 'I700777936'),
('DoraButchart@iiu.edu', 'TGvRAlnUnR', 'I700777014'),
('DoraTong@iiu.edu', 'kVWArM2l', 'I700778247'),
('DoreenAlenikov@iiu.edu', '6Kva2209bo7Z', 'I700776933'),
('DoreliaGooday@iiu.edu', '5rrMA1f6yV', 'I700776513'),
('DorenaHandy@iiu.edu', 'ps1hbGqZjn', 'I700777337'),
('DorianKingwell@iiu.edu', 'Ofk1sJ9gMOd3', 'I700777268'),
('DoriMarquiss@iiu.edu', 'qYMHICZo22E6', 'I700777063'),
('DorisCrysell@iiu.edu', 'FZp0fIruEaHI', 'I700776585'),
('DorreeScotland@iiu.edu', 'ORKrZP', 'I700778242'),
('DoryHeelis@iiu.edu', 'POAuH7pf5A', 'I700777770'),
('DorySponder@iiu.edu', 'oU1OmCWWTk', 'I700778193'),
('DotiJansson@iiu.edu', '8fUHEpvl', 'I700777271'),
('DottieHearmon@iiu.edu', 'YfJi0FGlFRvm', 'I700777542'),
('DreddyQuade@iiu.edu', 'hcpiP1Nl4Q', 'I700778215'),
('DrusyHamsley@iiu.edu', 'MDO8SYVS2', 'I700778306'),
('DudCawley@iiu.edu', 'vXjPWqVL4KG', 'I700778090'),
('DuffBoddymead@iiu.edu', 'Qvbe5LkTJLV', 'I700776702'),
('DukieGalea@iiu.edu', 'bXNMgmgXs', 'I700778023'),
('DulceaLe Sieur@iiu.edu', 'HCYeW9rc', 'I700776616'),
('DulcianaTwaite@iiu.edu', 'Rpw2UeFzI', 'I700778183'),
('DuncanWainer@iiu.edu', 'tYaBXXw', 'I700777219'),
('DunCornbell@iiu.edu', 'TWFvUX', 'I700776936'),
('DunstanYashaev@iiu.edu', 'htitxC1wJi', 'I700776768'),
('DwainEspada@iiu.edu', '5VSSLA7TsvX', 'I700776549'),
('DwainMcTurley@iiu.edu', 'uSDZDLdt6', 'I700777032'),
('DwayneLittle@iiu.edu', 'Xrv4WXUqM', 'I700777977'),
('DyannaHarmant@iiu.edu', 'gVDNf8REiHq', 'I700777854'),
('DyannePringley@iiu.edu', 'r1SyaRwmiVbQ', 'I700777952'),
('DynaSwancock@iiu.edu', 'y0ES2LyV', 'I700777429'),
('EadithRatt@iiu.edu', 'knjV3AgLmdB', 'I700777742'),
('EbenSinton@iiu.edu', 'NbbfEgwTK', 'I700776670'),
('EbRivard@iiu.edu', 'RyNXxrbd', 'I700776994'),
('EdaTwycross@iiu.edu', 'vCdGvbc', 'I700777598'),
('EdgarBaskwell@iiu.edu', 'joYhYfx6XbE4', 'I700776535'),
('EdgardoBerka@iiu.edu', 'XoTyFSM42fK', 'I700777638'),
('EdgardoGoggey@iiu.edu', 'K7ynqlPMimO', 'I700778363'),
('EdieCassedy@iiu.edu', 'YAc6Jj9l8PD', 'I700778229'),
('EdlinWilbor@iiu.edu', 'tS5ktFi7Rb', 'I700777384'),
('EdnaElmhirst@iiu.edu', '9CjZP7fBk', 'I700776794'),
('EdwinaVlach@iiu.edu', 'BeBog2x', 'I700777206'),
('EganMerlin@iiu.edu', 'ktnbJgpJqkG', 'I700776957'),
('EganPele@iiu.edu', '6ukBYti', 'I700777158'),
('EgonFawloe@iiu.edu', 'cE2g4S9dL', 'I700777001'),
('ElbertaGrainger@iiu.edu', 'MCu7Pyk', 'I700776736'),
('ElbertineErtel@iiu.edu', 'hRHFoo', 'I700777959'),
('EleonoreLe Fleming@iiu.edu', 'dGlg8h29tv', 'I700777414'),
('ElfriedaBunt@iiu.edu', 'Kq6jNc', 'I700777886'),
('ElizabethMoukes@iiu.edu', 'qqm7xG3EG', 'I700776963'),
('ElkeOrys@iiu.edu', '347LfX0VhoJZ', 'I700777647'),
('ElkeStirrip@iiu.edu', 'jxXQ9d', 'I700777856'),
('ElleryShimmin@iiu.edu', 'EDUHKrQ7', 'I700778232'),
('ElliottAddington@iiu.edu', 'xQc6VW', 'I700777111'),
('EllynHardman@iiu.edu', '3PnTC6gB', 'I700777822'),
('ElmiraTwiddy@iiu.edu', 'XtB6pX', 'I700776991'),
('ElmoBardnam@iiu.edu', '3igVhJWS1YJf', 'I700777150'),
('ElmoreChazelle@iiu.edu', 'PtSyCjWPb9', 'I700778025'),
('ElnaSpellman@iiu.edu', '7Px8VY', 'I700778108'),
('EloiseNewark@iiu.edu', 'WnLJubeP1OS', 'I700776404'),
('EloisePetr@iiu.edu', 'jCLZWpJA', 'I700777308'),
('ElsetWandtke@iiu.edu', 'qosJ4cf', 'I700777893'),
('ElsieMelesk@iiu.edu', 'T1fK3U9J77qR', 'I700777923'),
('ElspethLyngsted@iiu.edu', 'fl7qmwltkPK', 'I700776783'),
('ElvinLabat@iiu.edu', 'E13XAKJTY4Y', 'I700777312'),
('ElyshaLettson@iiu.edu', 'zLXHK2G', 'I700778172'),
('EmeliaHuyghe@iiu.edu', 'DBczI0', 'I700777109'),
('EmilineRevie@iiu.edu', 'Pdsd8PUGG8T', 'I700776760'),
('EmlenBeaven@iiu.edu', 'u5sKluk', 'I700778067'),
('EmlenSalery@iiu.edu', 'aqwZMiodR8Ts', 'I700778221'),
('EmlynBrigham@iiu.edu', 'JTQVsioymh', 'I700777475'),
('EmmalynGeertje@iiu.edu', 'UKCAmP6cM7', 'I700777418'),
('EmmelineMcAlindon@iiu.edu', 'h7qNbM', 'I700777863'),
('EmmetBende@iiu.edu', 'bYBX0n1EQi5b', 'I700777731'),
('EmmyUndrell@iiu.edu', 'e35StGfz9KkU', 'I700776658'),
('EnnisWestgate@iiu.edu', 'LRkapKA1', 'I700777728'),
('EranDomaschke@iiu.edu', 'Jci7JFDW', 'I700776668'),
('ErasmusDear@iiu.edu', 'BsreaBaH', 'I700777387'),
('ErekFraney@iiu.edu', 'wfq32X', 'I700777265'),
('ErenaMcGeaney@iiu.edu', 'dZ2IYZJFH', 'I700777296'),
('ErinCullimore@iiu.edu', 'JsSl0T2', 'I700777319'),
('ErinnHonnicott@iiu.edu', 'Ip521NMWH', 'I700776481'),
('ErminiaLeverich@iiu.edu', 'OR2ucr55Cu', 'I700777547'),
('ErminieCasiroli@iiu.edu', 'pOdtRkxb', 'I700776627'),
('ErminieRogge@iiu.edu', 'MPA9dRoc3', 'I700777974'),
('EsmaFullun@iiu.edu', 'Bn41NPBx5vqx', 'I700777013'),
('EssaGhiraldi@iiu.edu', 'KEpY7Wl13', 'I700776656'),
('EssieMissenden@iiu.edu', 'cCCR0Z', 'I700776861'),
('EsteleTattershall@iiu.edu', 'RGhmzhKM5L', 'I700777579'),
('EstelleAirdrie@iiu.edu', 'L7b32I8QTg', 'I700778364'),
('EstelTunnicliffe@iiu.edu', '8gkX9Zic9kF0', 'I700778345'),
('EthelinDewing@iiu.edu', '8irZgo8IxAY', 'I700778054'),
('EthelynMora@iiu.edu', 'y1rmAUOj', 'I700777216'),
('EthylBassill@iiu.edu', 'PIusRkSCSZ7x', 'I700777325'),
('EthylTomich@iiu.edu', 'PLQ7jIPMdy', 'I700777290'),
('EttySkarr@iiu.edu', '0JSoOsmS4zIL', 'I700778239'),
('EugenioGodar@iiu.edu', 'K13ibfvHQd', 'I700777088'),
('EustaceWinterton@iiu.edu', 'ZedB6l', 'I700777653'),
('EvCopper@iiu.edu', 'QZ1GWjttMJ', 'I700778350'),
('EveKeyho@iiu.edu', '5os2mmZO', 'I700776704'),
('EvelinaLarret@iiu.edu', 'vhdCBV', 'I700778352'),
('EvelinaMartusov@iiu.edu', 'xVbfpPqj4OR', 'I700777065'),
('EverardGrundy@iiu.edu', 'r6ImnJAXg', 'I700776729'),
('EveyDakers@iiu.edu', '5RbhAMNV', 'I700777146'),
('EveyWaggatt@iiu.edu', 'oZzLsW29Z', 'I700776870'),
('EvieGuillard@iiu.edu', 'EJRssZvo', 'I700776942'),
('EvvyTrelease@iiu.edu', 'tsCpx4', 'I700776917'),
('EvySyne@iiu.edu', 'w09wFWnts4', 'I700777222'),
('EzechielBalsdon@iiu.edu', 'Sp6i5OnEf9rb', 'I700777520'),
('EzequielBroadnicke@iiu.edu', 'le3vX01', 'I700777741'),
('EzraPattullo@iiu.edu', 'fTUia2msb', 'I700776883'),
('FabianoFleg@iiu.edu', 'DeUdCdk', 'I700777595'),
('FaeTonge@iiu.edu', 'WqIYPDj', 'I700777425'),
('FairlieEnglish@iiu.edu', '0jjqqwudI', 'I700777943'),
('FalitoMattia@iiu.edu', 'JPbFQyPUu', 'I700776605'),
('FalknerGadeaux@iiu.edu', '10cTqA', 'I700778381'),
('FanchonBrazelton@iiu.edu', 'pjo1GppUs', 'I700776815'),
('FanchonOherlihy@iiu.edu', 'A5FD8hYsD7', 'I700778224'),
('FanKidman@iiu.edu', 'v5okenX8Y', 'I700778115'),
('FanniGrzegorek@iiu.edu', 'dg0X5Zmxs', 'I700776617'),
('FanyaYouthed@iiu.edu', 'aqYCjdY', 'I700777989'),
('FaricaBarthelmes@iiu.edu', 'joVm1xQX2V6', 'I700777050'),
('FaricaRichten@iiu.edu', '46H1f5i', 'I700778169'),
('FarrAlabaster@iiu.edu', 'kvlsogheZfOt', 'I700776523'),
('FarrelPask@iiu.edu', 'Akm6Ap32', 'I700776776'),
('FarrGuyonnet@iiu.edu', 'TEyq21', 'I700777795'),
('FarrJurgenson@iiu.edu', 'nvoRafleEqi', 'I700778177'),
('FarrLauder@iiu.edu', 'mcHHXT5daKt9', 'I700777951'),
('FawneKernell@iiu.edu', 'bTow0SSro8P', 'I700777997'),
('FaydraHaddeston@iiu.edu', 'oGhyGT0vVw', 'I700778376'),
('FedericoBubbear@iiu.edu', 'ytYgRp3OtGz9', 'I700777020'),
('FeeCromwell@iiu.edu', 'PpWac3jlw', 'I700777257'),
('FeliciaDibner@iiu.edu', 'vGpwhbQ3B', 'I700777140'),
('FelicityAblewhite@iiu.edu', 'Bm8NWmZ', 'I700778062'),
('FelicityPero@iiu.edu', '6PAla94hvYY', 'I700778268'),
('FelipeAshborne@iiu.edu', '6yeOFqniYO', 'I700776638'),
('FelizioVellacott@iiu.edu', 'w5F0MJmtpxzS', 'I700778335'),
('FideliaCampling@iiu.edu', 'ZfDUyTlXqeQ', 'I700777136'),
('FidelIlbert@iiu.edu', 'sPQBxIcrlDKA', 'I700778145'),
('FieldingLithgow@iiu.edu', 'NTbzhLJpi3I', 'I700777745'),
('FieldingSilverman@iiu.edu', '07XG0j9I1rfu', 'I700776584'),
('FifiHogbourne@iiu.edu', 'iMG65kWe', 'I700777938'),
('FifineCarsberg@iiu.edu', '3hPvS6TVUx8k', 'I700777758'),
('FionnaMattecot@iiu.edu', 'kDlYCnxOA', 'I700776483'),
('FitzO\'Keeffe@iiu.edu', 'Py80LXKeTvYg', 'I700777894'),
('FleuretteOulner@iiu.edu', 'zWuI2kLtLO', 'I700776986'),
('FloreJonk@iiu.edu', 'AkuUjFx', 'I700777506'),
('FlorenceClibbery@iiu.edu', 'wLKMUEi', 'I700777451'),
('FlorenzaEdwinson@iiu.edu', 'Ku38Kj', 'I700776458'),
('FloretteCritchell@iiu.edu', 'VAVWNnC', 'I700777082'),
('FloriaFlipek@iiu.edu', 'wMwdUITtPwOF', 'I700777229'),
('FloridaWestmoreland@iiu.edu', 'uFbYp2Mj', 'I700778334'),
('FlorinaRuncieman@iiu.edu', 'gzwnLn53', 'I700777204'),
('FlorindaDanieli@iiu.edu', 'wWkIFA', 'I700776764'),
('FonziePavolillo@iiu.edu', 'wCRnpSs', 'I700777041'),
('FrancineEgdell@iiu.edu', 'jALUSPKVi', 'I700776615'),
('FrancoiseLeahair@iiu.edu', 'zcd3I1nJy', 'I700776965'),
('FrankyLurriman@iiu.edu', 'cKMwonYUCRM5', 'I700776675'),
('FranniSalack@iiu.edu', 'eFkh6m', 'I700777585'),
('FransDunstan@iiu.edu', 'noacad5g', 'I700776586'),
('FranzHucker@iiu.edu', 'khA9rr', 'I700776418'),
('FrasierProvest@iiu.edu', 'evzzjxnS6', 'I700777679'),
('FrazeJendrassik@iiu.edu', 'n3ziT9o0', 'I700778175'),
('FrazerDecourt@iiu.edu', '4C9rMhFq', 'I700776848'),
('FrazierHuccaby@iiu.edu', 'xLsVlUIbiH', 'I700777776'),
('FredeliaShurman@iiu.edu', 'Q3OJ3e1mt', 'I700777006'),
('FredericoMcKimm@iiu.edu', '8ELHCdOEzX6I', 'I700777343'),
('FrediaKremer@iiu.edu', 'SpFfbhrF', 'I700777902'),
('FredrickWatman@iiu.edu', 'UJxXJOwS00tf', 'I700777878'),
('FreelandLuckett@iiu.edu', 'eoN3EWBAQm', 'I700776591'),
('FreelandO\'Rodane@iiu.edu', '88IR4utN', 'I700778355'),
('FremontBarclay@iiu.edu', '4eMIY5p', 'I700778097'),
('FremontBraunton@iiu.edu', 'SeROVp', 'I700777516'),
('FriederikeErington@iiu.edu', 'SGzCBRV7D', 'I700776903'),
('FriederikeGilardone@iiu.edu', '5mYWXa8xw0je', 'I700778011'),
('FultonVolett@iiu.edu', 'WYhJagtmZw', 'I700778389'),
('GabbeyPigdon@iiu.edu', 'mRihlt6IF3I', 'I700777957'),
('GabbiDoxey@iiu.edu', 'biZq9M6W3YZk', 'I700778278'),
('GabbiDudney@iiu.edu', 'nhFO52', 'I700776648'),
('GabbieFerry@iiu.edu', '8eDXxuj', 'I700777778'),
('GabbieHuddy@iiu.edu', 'Y9JiC9vg8rC6', 'I700776925'),
('GabriellKenington@iiu.edu', 'FmNjFaIP', 'I700777722'),
('GaelTrundler@iiu.edu', 'IXziFK2eO', 'I700777030'),
('GaileMitcham@iiu.edu', '0aW2f9CFf', 'I700777162'),
('GalenElecum@iiu.edu', 'OeBtbWceSZp', 'I700778063'),
('GarekReek@iiu.edu', 'LOaHjuYwz', 'I700776572'),
('GarikOsbidston@iiu.edu', '34Npg8N2KMP', 'I700777242'),
('GarnerMeugens@iiu.edu', '58hHTCg7RC', 'I700776874'),
('GarnetCadwallader@iiu.edu', 'cOrF3YmqR', 'I700777793'),
('GarnetteBrozek@iiu.edu', 'WHjUynkti8QE', 'I700777803'),
('GarnetteNockolds@iiu.edu', 'H79PhGaoPUma', 'I700776918'),
('GarReisen@iiu.edu', 'cyl3c4ZaL', 'I700777626'),
('GarrekAllwood@iiu.edu', 'c5eyj3LI', 'I700777207'),
('GarrickShelmerdine@iiu.edu', 'Dg2i6rAj2bd', 'I700778163'),
('GarrottBaillie@iiu.edu', '8iq4e1KX', 'I700778168'),
('GarryLetts@iiu.edu', 'gwdNnvJVn', 'I700776907'),
('GasparoChetwind@iiu.edu', 'mQtMcl3vNEx', 'I700776575'),
('GasparWillden@iiu.edu', 'CQ13U0S5tri', 'I700777654'),
('GatesTreamayne@iiu.edu', 'ly7YvG', 'I700777954'),
('GayGaisford@iiu.edu', '4XnQrq', 'I700778290'),
('GaylaMcAvey@iiu.edu', 'zurPpYx', 'I700777461'),
('GayleRicci@iiu.edu', 'RA9rUhhHlgHM', 'I700777612'),
('GaylorAleksich@iiu.edu', 'ltSSGXWq', 'I700777168'),
('GearaltBeglin@iiu.edu', 'zMzAMhX', 'I700776622'),
('GearaltGarrison@iiu.edu', '6Qxz1JOOF3', 'I700776534'),
('GenaAndri@iiu.edu', 'fjkQJNE7ng', 'I700778046'),
('GenaChurches@iiu.edu', '9gsXriXoX', 'I700777847'),
('GeneGilding@iiu.edu', 'iYJcjbpxzmZl', 'I700776774'),
('GeniaConyer@iiu.edu', '5qHEu1ckZFiK', 'I700776871'),
('GennieInde@iiu.edu', 'Cef9dclOS0', 'I700776623'),
('GenoMossman@iiu.edu', 'y8NhMv', 'I700778146'),
('GenoveraPentelo@iiu.edu', 'szDgtZCEe', 'I700777783'),
('GeordieClurow@iiu.edu', 'rMKSbUchuOfZ', 'I700777782'),
('GeorgeannePoynzer@iiu.edu', 'uI2jvL7WtBz', 'I700777900'),
('GeorgeSiemon@iiu.edu', 'jBaUuEA9Dnzu', 'I700777797'),
('GeorgiaBertholin@iiu.edu', 'kk9REGjRl', 'I700777027'),
('GeorginaStrangman@iiu.edu', 'HuijBOE7QsF', 'I700776845'),
('GerekBarlie@iiu.edu', '3gQhXE8Nw', 'I700778034'),
('GerhardtKemmish@iiu.edu', 'ee43VD', 'I700777584'),
('GermaineBurgyn@iiu.edu', 'veB4KqYHQ', 'I700776624'),
('GermaineMusk@iiu.edu', 'qEcFTzTe', 'I700778330'),
('GermainYetton@iiu.edu', 'NISGEb5jRxr', 'I700777052'),
('GermanaFlay@iiu.edu', 'XeKSXhMpF', 'I700778055'),
('GermanaNell@iiu.edu', 'BqmF3octM', 'I700776455'),
('GerrileeHearle@iiu.edu', 'RaptCd', 'I700777236'),
('GertieCoote@iiu.edu', '282zSXVV', 'I700776984'),
('GertrudeFenty@iiu.edu', 'yZ1Uzpek', 'I700777101'),
('GertrudeHamelyn@iiu.edu', 'nhJFdMI', 'I700777107'),
('GertrudeSkippings@iiu.edu', '4zTgSNJd', 'I700777965'),
('GertyToppin@iiu.edu', 'wdcqXiLAg', 'I700777090'),
('GiacintaHodcroft@iiu.edu', '5C3GZW', 'I700777874'),
('GibbieSpong@iiu.edu', 'jkp0Pm0ien', 'I700776637'),
('GibbMcNab@iiu.edu', 'BmKtmXKi', 'I700776810'),
('GibMarikhin@iiu.edu', '1LOKPADhf', 'I700777853'),
('GiffieShakelady@iiu.edu', 'OE2B82RT', 'I700776628'),
('GigiTeese@iiu.edu', 'ZgLXE1PGQN', 'I700777550'),
('GilberteSelburn@iiu.edu', 'Ul0g8x', 'I700777458'),
('GilbertFranzman@iiu.edu', 'mhwgHy', 'I700778218'),
('GingerMacAfee@iiu.edu', 'EQND7qIXU', 'I700776867'),
('GinniferNutt@iiu.edu', 'EfIjnnz3', 'I700777503'),
('GinoStilwell@iiu.edu', 'JeU4mQ99', 'I700777614'),
('GiordanoGwinnett@iiu.edu', 'CiOhTHofOW', 'I700776490'),
('GiovannaMoohan@iiu.edu', 'YK69N7X9RfGR', 'I700777887'),
('GiovannaZecchii@iiu.edu', '86DDguiS', 'I700777420'),
('GiraldaDean@iiu.edu', 'PuWn8bMCWJi', 'I700777944'),
('GiraldaHedde@iiu.edu', '57JyA3SjG', 'I700776954'),
('GiraldoBastiman@iiu.edu', 'PJ2IGd', 'I700776733'),
('GiselaStack@iiu.edu', 'dkzlh9lq', 'I700776747'),
('GiselleDe Roberto@iiu.edu', 'dhmilagho06', 'I700777657'),
('GiulioBampkin@iiu.edu', '3BNIhn4', 'I700776619'),
('GiustinaGritsaev@iiu.edu', 'V6ttw3', 'I700777446'),
('GladysDuffree@iiu.edu', 'A6Lz0kpe', 'I700778360'),
('GlennBeckworth@iiu.edu', 'pv2h237aYeiD', 'I700777434'),
('GlennO\'Fairy@iiu.edu', 'KLRgTZGAQ1S', 'I700777978'),
('GlynnMcCrohon@iiu.edu', 'OBnBmqTFHd', 'I700778214'),
('GodfreyGatherell@iiu.edu', '3zfD2vp6MVZo', 'I700778288'),
('GoldinaMalan@iiu.edu', 'XL76csphbx47', 'I700776732'),
('GoranDobkin@iiu.edu', 'A4WhezgmiY', 'I700777251'),
('GordenPelham@iiu.edu', 'unYmZWD1o8', 'I700777380'),
('GothartBartke@iiu.edu', 'jdUN07tc', 'I700776691'),
('GraciaDurden@iiu.edu', '1iKj90f', 'I700777999'),
('GradeighMalshinger@iiu.edu', 'NxxMIerglzGr', 'I700778283'),
('GraemeO\'Sesnane@iiu.edu', 'XEto5x', 'I700776460'),
('GratiaBrown@iiu.edu', '3RPSG5fD', 'I700778368'),
('GrayMacGillacolm@iiu.edu', 'yAtvcQ', 'I700777519'),
('GreggoryKruse@iiu.edu', 'QjBJjdCWBTTJ', 'I700777430'),
('GregorBuckley@iiu.edu', 'LtO4Z2S', 'I700778280'),
('GregorFronek@iiu.edu', 'Aj42Dhm', 'I700776938'),
('GregoryAspy@iiu.edu', 'lhGqwTquz3E', 'I700776893'),
('GretelBennetts@iiu.edu', '9GyL7Q', 'I700777956'),
('GreteReinisch@iiu.edu', 'dVNHccK', 'I700777240'),
('GrethelShyres@iiu.edu', 'MOqfmVJcDh5', 'I700777371'),
('GrettaJinkinson@iiu.edu', 'TI93fexL', 'I700777648'),
('GriffyDell \'Orto@iiu.edu', 'VRDv9q5', 'I700778206'),
('GuenevereProctor@iiu.edu', 'MIkL6t', 'I700776576'),
('GuglielmaSnepp@iiu.edu', 'FiLW3Xa7Qi', 'I700777808'),
('GunterCunio@iiu.edu', 'ttOnSPZ', 'I700777538'),
('GunterLehr@iiu.edu', 'vObLAafVfI', 'I700778317'),
('GussJizhaki@iiu.edu', 'Jzvm4qEL', 'I700776542'),
('GussyWhitter@iiu.edu', 'yAJfUsNndlQC', 'I700777126'),
('GustavNerheny@iiu.edu', '5CnBQw', 'I700777057'),
('GuyAfield@iiu.edu', 'UbJXO1', 'I700776812'),
('GwendolenBohling@iiu.edu', 'WuWFNEqWhg4B', 'I700777958'),
('GwenethLoxston@iiu.edu', 'epcIR0', 'I700777801'),
('GwenoraBowers@iiu.edu', '2ooHUv', 'I700777763'),
('GwynIvatt@iiu.edu', '81hgiLZIrSQJ', 'I700777523'),
('HadriaDmytryk@iiu.edu', 'YNdlHc9abn', 'I700777091'),
('HadrianSappell@iiu.edu', '7SHTkGZkR', 'I700778035'),
('HakeemPucknell@iiu.edu', '6sL2ezr5I5R', 'I700777798'),
('HaletteCuniam@iiu.edu', 'aCQPGhGoP0uK', 'I700777623'),
('HaleyCardinal@iiu.edu', 'oxnXLZrOu', 'I700777295'),
('HallBaggiani@iiu.edu', '1lIdIhM', 'I700776932'),
('HallieMintoff@iiu.edu', '9swSnv6pro', 'I700777021'),
('HamelDumphry@iiu.edu', '2MkmvswSVqzv', 'I700776766'),
('HamelMedendorp@iiu.edu', 'ZygAN2Vl', 'I700777399'),
('HamelMinnock@iiu.edu', 'GWK5zWOO12GQ', 'I700777226'),
('HardyEverleigh@iiu.edu', 'ddrTujLa', 'I700777211'),
('HarlanAllbut@iiu.edu', 'DRbHQkkUr', 'I700776824'),
('HarliPeteri@iiu.edu', 'B3xinF', 'I700777828'),
('HarmoniaBoughton@iiu.edu', '77nuiqMy', 'I700777364'),
('HarmonyWhitwam@iiu.edu', 'KBM2Wcz57fi', 'I700776939'),
('HaroldKesten@iiu.edu', 'KKIZRjp', 'I700777809'),
('HarounWolpert@iiu.edu', 'tvDqVQixwj', 'I700777352'),
('HarrieGierok@iiu.edu', '9Nvkgs5v', 'I700776742'),
('HarrietHardinge@iiu.edu', 'vPkbm8', 'I700776642'),
('HarriettJarmain@iiu.edu', 'cTLRPlpDZ', 'I700776487'),
('HarriottPurser@iiu.edu', 'sYSN6sLT8I', 'I700778220'),
('HarryLaughren@iiu.edu', 'aSslgtKE', 'I700778186'),
('HasheemPavis@iiu.edu', 'r0C7EGpO0Pc', 'I700776998'),
('HaywardFerrant@iiu.edu', 'yM6zogaOOm', 'I700776985'),
('HazelBenezet@iiu.edu', 'Bhnc0orTxKR', 'I700778072'),
('HebertHooks@iiu.edu', 'rWjs9n', 'I700777990'),
('HebertTassell@iiu.edu', 'LvXBvHe', 'I700776997'),
('HedaLidster@iiu.edu', 'nqd7ctkdq4OI', 'I700777821'),
('HeddaBorrott@iiu.edu', 'E35BZoGIeZZc', 'I700777873'),
('HeddiMarchant@iiu.edu', 't8KDwxfh2n', 'I700778404'),
('HediBorn@iiu.edu', 'GFKczVDIT', 'I700777142'),
('HedwigBengall@iiu.edu', 'gT06ii29i', 'I700777582'),
('HedyWisham@iiu.edu', 'UgOhWqI', 'I700776580'),
('HeidiCumber@iiu.edu', 'lSUe0O9w4Q3z', 'I700778321'),
('HelainaKingwell@iiu.edu', 'WYtowS0', 'I700776503'),
('Helen-elizabethGentzsch@iiu.edu', 'vha0W6aXOxT', 'I700778087'),
('HelenkaDurram@iiu.edu', 'pKNbtFxJ', 'I700777960'),
('HelliBrabban@iiu.edu', 'bE8FoCtSS', 'I700777694'),
('HenriCallender@iiu.edu', 'hFTHiw', 'I700778071'),
('HenriettaAdamovitz@iiu.edu', 'vHcvkc', 'I700776922'),
('HerbieOverbury@iiu.edu', 'zfosU4', 'I700776412'),
('HermonEspinel@iiu.edu', 'vVEoLCs', 'I700778339'),
('HeroldLardez@iiu.edu', '8tRM7G', 'I700777225'),
('HershMaltby@iiu.edu', 'uQ5qIQUFw', 'I700778047'),
('HesterDewett@iiu.edu', 'qdVny1Vu', 'I700776578'),
('HestiaLaidler@iiu.edu', 'apDB0LSbF', 'I700777282'),
('HewieFlowerdew@iiu.edu', 'pFEHdS3hPQj8', 'I700778267'),
('HilaryBeckitt@iiu.edu', 'wySwDmc', 'I700777966'),
('HillaryBaal@iiu.edu', 'Qw0EH2Km4dA3', 'I700777534'),
('HillieCyson@iiu.edu', 'gI8b8rIe', 'I700777320'),
('HillyMains@iiu.edu', 'TwDGxhb', 'I700776676'),
('HiltonStrooband@iiu.edu', 'JHH7D5nBo0K', 'I700776421'),
('HinzeTelfer@iiu.edu', '8Uz5wYlG', 'I700778125'),
('HobardPeppard@iiu.edu', 'K36FxOAPR1', 'I700776672'),
('HobieMewhirter@iiu.edu', 'yHlWCxZ83YU', 'I700776879'),
('HodgeStollmeier@iiu.edu', '8jSpLUiRi0', 'I700777199'),
('Holly-anneEastes@iiu.edu', 'b1lGjPvVBJgU', 'I700776744'),
('HomerusKiss@iiu.edu', 'rMbNLJYh', 'I700777322'),
('HonoriaFellow@iiu.edu', 'jtknkZshpHj', 'I700776497'),
('HonorStacy@iiu.edu', 'zGmj1XwSQYTU', 'I700777699'),
('HopeGoodship@iiu.edu', 'HcT1SaJ3j', 'I700776969'),
('HoratioBroddle@iiu.edu', 'GhO70qWQ2BD', 'I700776911'),
('HortensiaHatwells@iiu.edu', 'sRKt40', 'I700777737'),
('HortonPolley@iiu.edu', '4Ydf9YJ', 'I700776714'),
('HowieHaily@iiu.edu', 'BnJ6UiwD2', 'I700777321'),
('HoytOldfield-Cherry@iiu.edu', 'cXIVd1EZeW', 'I700777554'),
('HughieIanniello@iiu.edu', 'RPXgqn', 'I700777079'),
('HughiePosse@iiu.edu', 'CG6aiRUA4b', 'I700777423'),
('HunterKowalik@iiu.edu', 'ozb7KcWWP', 'I700778078'),
('HurleyChallens@iiu.edu', 'rbOj5qF', 'I700778378'),
('HuseinCompston@iiu.edu', 'JlDJAVPBYMcH', 'I700776612'),
('HyacinthiaHeimann@iiu.edu', 'rdGWN86P', 'I700776433'),
('HyacinthOene@iiu.edu', 'OoNMHR', 'I700778234'),
('IantheStempe@iiu.edu', 'JhJEVMnh5N', 'I700777700'),
('IdalineTerry@iiu.edu', 'QbIueZGx9bQ4', 'I700776486'),
('IdelleChinnery@iiu.edu', 'CoLT7EF9', 'I700777372'),
('IdellOriel@iiu.edu', 'ORns0jE', 'I700777698'),
('IggyStarbucke@iiu.edu', 'Mq4Hb1t8m', 'I700778164'),
('IgnacioDibdale@iiu.edu', '2drxrMczK', 'I700778331'),
('IgnazioWeymouth@iiu.edu', 'BlmPFA3', 'I700777912'),
('IlkaNorthover@iiu.edu', 'gMGZrBHn', 'I700776598'),
('InessaDuester@iiu.edu', '5mBlAZ7mthL', 'I700776904'),
('IngabergBastick@iiu.edu', 'ZhdTWqg', 'I700777899'),
('IngabergJerrans@iiu.edu', 'I4VkTc', 'I700777528'),
('IngarGlaisner@iiu.edu', 'A63OjIcZSfdF', 'I700776947'),
('IngridGillatt@iiu.edu', '4XeE7z', 'I700778083'),
('InnisLibri@iiu.edu', 'E0AYBwPX1V', 'I700777720'),
('IonaStoade@iiu.edu', 'OZ59Hxr6S', 'I700777895'),
('IraLinggood@iiu.edu', 'eGN4XmkzZL', 'I700776724'),
('IraPrenty@iiu.edu', 'QnmRbK0RyxUt', 'I700777545'),
('IrvineEndle@iiu.edu', 'NtIhLmc5aL', 'I700777259'),
('IrvineMoorhouse@iiu.edu', '5053iB4ZX4oV', 'I700777982'),
('IrwinnBeccero@iiu.edu', 'HVlpsz', 'I700776966'),
('IrwinnStilling@iiu.edu', 'pcPPwbThjk3R', 'I700777015'),
('IsaacJagiello@iiu.edu', 'JxqeS6Mh0G', 'I700777678'),
('IsabelleRand@iiu.edu', 'P0Nzl4vry', 'I700777417'),
('IsadoraAxton@iiu.edu', 'KIVAhdZm', 'I700776587'),
('IsaiahMcIlharga@iiu.edu', 'o1Exm19Z', 'I700777436'),
('IsaYaldren@iiu.edu', '5HrbHdZj', 'I700776596'),
('IsiahiMacCurtain@iiu.edu', 'XXyYEmvv4', 'I700777299'),
('IsidoraGermon@iiu.edu', '3SvTnrs', 'I700777539'),
('IsidoroSproat@iiu.edu', 'AvpzVY3FMcEG', 'I700777850'),
('IsraelJane@iiu.edu', '7Ea0BbfMO', 'I700777934'),
('IsraelJarrel@iiu.edu', '25Av6r', 'I700776577'),
('IssiLissaman@iiu.edu', 'yaZgPDMAI', 'I700778401'),
('IssiWilcockes@iiu.edu', 'sQuRaK8', 'I700778372'),
('IssyGouldsmith@iiu.edu', 'hlzMywZQMf', 'I700776406'),
('IveAndreev@iiu.edu', 'xeH69Ua4', 'I700776680'),
('IverGowen@iiu.edu', 'Lk1D0gJITUt', 'I700778295'),
('IzakCamerana@iiu.edu', 'MkekQ8XfK', 'I700778386'),
('JabezHathaway@iiu.edu', 'V6CvHddgxJ', 'I700776789'),
('JacindaGillmor@iiu.edu', 'ngzD0ZEpHwe', 'I700778052'),
('JackelynMagnus@iiu.edu', 'fIOSm6kb', 'I700777095'),
('JackquelineShoebridge@iiu.edu', 'tDtEkoc2PMw', 'I700778285'),
('JacksonTredwell@iiu.edu', 'vmNoKZ4eP', 'I700776976'),
('JaclynM\'cowis@iiu.edu', 'OBdMEoW', 'I700777176'),
('JacoboD\'Ambrosio@iiu.edu', 'Z7rWYkKM', 'I700777746'),
('JacquelinCristofalo@iiu.edu', '71xC5HtlP', 'I700776527'),
('JacynthConti@iiu.edu', 'Skheqfq', 'I700777231'),
('JadaMacKibbon@iiu.edu', 'H3QaG7S', 'I700778230'),
('JamalChateau@iiu.edu', 'VYElpK', 'I700777862');
INSERT INTO `user_login` (`Email`, `Password`, `UserID`) VALUES
('JanayeMcLinden@iiu.edu', '5JBURkAo', 'I700778240'),
('JanelLetertre@iiu.edu', 't69f8oDfH', 'I700777932'),
('JanessaAcland@iiu.edu', '2RWW5PMou', 'I700777395'),
('JanetPattie@iiu.edu', 'XyEqRbZ0', 'I700777244'),
('JanettaZuan@iiu.edu', '6FZMtK4fRu', 'I700777609'),
('JanevaWoodman@iiu.edu', 'HPnSSwEKt', 'I700777044'),
('JaneyHoneyghan@iiu.edu', 'T8Uk3e', 'I700776568'),
('JanithSt. Pierre@iiu.edu', 'jzcXKcY0C', 'I700777066'),
('JannaVittori@iiu.edu', 'QzXgMh', 'I700776438'),
('JannelleSotworth@iiu.edu', '9pWXyjJgOIF', 'I700776435'),
('JaquenettaPhilippault@iiu.edu', 'ApZRVm', 'I700777177'),
('JaquenetteArmin@iiu.edu', '0QEQDk4KLVM', 'I700777292'),
('JaribSchreiner@iiu.edu', '6UX28Km1', 'I700777735'),
('JasminaGoreway@iiu.edu', 'NgNUf628', 'I700777152'),
('JasminCino@iiu.edu', 'CB4AnbvCrtR', 'I700777802'),
('JeanaOrange@iiu.edu', '1UZDV86FQ', 'I700777844'),
('JeanelleJollands@iiu.edu', '7kQO2R', 'I700777324'),
('JeanelleRentcome@iiu.edu', 'fdLoAkCk8UiJ', 'I700777677'),
('JeanetteBroster@iiu.edu', 'UB4LnZA9dv', 'I700776816'),
('JeannaDyson@iiu.edu', 'fu3QYGQCOTU8', 'I700776809'),
('JeannaFabri@iiu.edu', 'ngpo6jXDpvo', 'I700777562'),
('JeannetteHague@iiu.edu', 'QomLmPm', 'I700778096'),
('JeanShewry@iiu.edu', 'iDnkJIqvnkMN', 'I700777880'),
('JechoKlisch@iiu.edu', 'CnVqHmQCFd', 'I700777178'),
('JedediahGarci@iiu.edu', 'zSBmDnV', 'I700776921'),
('JeffieKlainman@iiu.edu', 'i76QBBMrg', 'I700776901'),
('JemimahMcCrow@iiu.edu', 'g41OTZ9nR', 'I700777988'),
('JenniferSansome@iiu.edu', '3s4y4uOG', 'I700776439'),
('JereEthington@iiu.edu', 'bQ2k6Nb8y4', 'I700778235'),
('JermaineGardiner@iiu.edu', 'wplz8A', 'I700777704'),
('JerrieChyuerton@iiu.edu', 'JuHSlXpn', 'I700777688'),
('JerriYeend@iiu.edu', 'jr2i99VK2g', 'I700776409'),
('JerromeDorning@iiu.edu', 'Gi7Qb2MJMryJ', 'I700777374'),
('JessicaLyall@iiu.edu', 'WtydX5w5r5JB', 'I700778398'),
('JewellBernardot@iiu.edu', 'Njuwlk1R', 'I700776934'),
('JillayneHelian@iiu.edu', 'Hr6FfUGOe', 'I700778213'),
('JoanaScarman@iiu.edu', 'o8HIqZ8wpYG', 'I700776629'),
('JoaneLegging@iiu.edu', 'YTzZMROydIp', 'I700777071'),
('JoannOlczyk@iiu.edu', 'DP2x65qZvYhL', 'I700776980'),
('JobBracer@iiu.edu', 'PaqC8VVK', 'I700777946'),
('JoBroxis@iiu.edu', 'b7T5HQOS', 'I700776908'),
('JobynaBrandes@iiu.edu', '2AHHDg4', 'I700777796'),
('JobynaGurwood@iiu.edu', 'E0lfQlPEfzdN', 'I700778151'),
('JodieBaptiste@iiu.edu', '5Hx7xVyHYCsu', 'I700778262'),
('JodyBrunker@iiu.edu', 'K9DtlC9iqisY', 'I700776654'),
('JoeCianni@iiu.edu', 'yeRYawsQe', 'I700777476'),
('JoellynKohlert@iiu.edu', '6PNzmpB5D', 'I700777081'),
('JoelWaddington@iiu.edu', 'Gm1IGxBD9GlK', 'I700778269'),
('JoeyEfford@iiu.edu', 'WUk7vZvnd3O7', 'I700776914'),
('JoeyPimblett@iiu.edu', 'sPIiOM', 'I700777962'),
('JohnDow@iiu.edu', 'DCNfedriKL', 'I700777043'),
('JojoCullinan@iiu.edu', 'UWzLtUwhu', 'I700776710'),
('JoleneKeling@iiu.edu', 'EiElhd5JX', 'I700778320'),
('JoliRapaport@iiu.edu', '4lvUqf', 'I700777190'),
('JoneRowthorn@iiu.edu', 'aMV3Rn', 'I700777892'),
('JordanEastes@iiu.edu', 'pH0xa8', 'I700776606'),
('JordonFasson@iiu.edu', 'mCuv47IneOH', 'I700777388'),
('JordonTompion@iiu.edu', 'zB2njCtnFljB', 'I700777115'),
('JorrieBeauman@iiu.edu', 'mX1meWrBE6n', 'I700776971'),
('JoryMingotti@iiu.edu', 'dQwE0xOI', 'I700777824'),
('JosefaLimb@iiu.edu', '5aHQt7MhC', 'I700778031'),
('JosefinaMickleburgh@iiu.edu', 'VtCFJNTkuE', 'I700777478'),
('JosephinaCuttell@iiu.edu', 'qOe2zQzBad90', 'I700776808'),
('JoShallcrass@iiu.edu', '0IQsWKfq31', 'I700776678'),
('JoshiaBettington@iiu.edu', 'LNXichy0w0', 'I700776846'),
('JoshIngleston@iiu.edu', 'xNB1L4wcH', 'I700776829'),
('JoshuahAizlewood@iiu.edu', 'F2K1W6Q6g', 'I700777925'),
('JourdanHeardman@iiu.edu', 'qxks43je', 'I700777017'),
('JoyanHindrich@iiu.edu', 'FCou9c9WQyuR', 'I700777583'),
('JsandyeChiene@iiu.edu', 'jrvphfrc', 'I700777029'),
('JudahBamlett@iiu.edu', '4JWdHKu4', 'I700777553'),
('JudahRubroe@iiu.edu', 'yId8mp', 'I700778212'),
('JuddDunkirk@iiu.edu', '5VXzi4V97xS', 'I700777264'),
('JudonLavalde@iiu.edu', 'iOQ1oYgrH', 'I700777508'),
('JudonMacLleese@iiu.edu', 'jpNzlXn3jG', 'I700776767'),
('JudySimioli@iiu.edu', 'EsDFMiq', 'I700777799'),
('JulietteBoyde@iiu.edu', 'SMVSNlHbP', 'I700777748'),
('JulioPitblado@iiu.edu', 'a6qi2YN', 'I700776858'),
('JulitaBodle@iiu.edu', '4DwFWDJY', 'I700778018'),
('JuniaBradie@iiu.edu', '2IhsJsY6J', 'I700777605'),
('JustenHindenburg@iiu.edu', 'jV5pad5n', 'I700776560'),
('JustinnJoyner@iiu.edu', 'nvIb6i3jsw', 'I700777691'),
('JyotiDuigan@iiu.edu', 'qwajd4', 'I700776613'),
('JyotiHuxster@iiu.edu', 'AoisVtXCX5', 'I700776410'),
('KaiDumpleton@iiu.edu', 'dmkF4Fh', 'I700776524'),
('KaileHarome@iiu.edu', 'rgyYxsjy', 'I700777194'),
('KaitlinGorden@iiu.edu', 'PJuD0LHF6', 'I700777156'),
('KaleLeil@iiu.edu', '97SqM9TIp', 'I700777340'),
('KalilaSmithyman@iiu.edu', '', 'I700776405'),
('KalilRaffeorty@iiu.edu', 'PQg9EUw', 'I700777541'),
('KalilRoma@iiu.edu', 'BZP6oXUwgNR', 'I700776604'),
('KalliMillan@iiu.edu', '9NOaLwJJZCS', 'I700777643'),
('KaneKobpa@iiu.edu', 'VBaPoD4hS8Th', 'I700778020'),
('KaniaRasmus@iiu.edu', 'IxXOtn', 'I700776610'),
('KaraleeCluelow@iiu.edu', 'EWGXMbb1zuMb', 'I700777119'),
('KarelOppie@iiu.edu', 'CFnGMI4EMia', 'I700777104'),
('KariaDerisly@iiu.edu', 'nMEvl54s', 'I700777256'),
('KarimSabben@iiu.edu', 'zhpBRi', 'I700777454'),
('KarisaWhimpenny@iiu.edu', '3RXtaScGtEvb', 'I700776526'),
('KarissaYablsley@iiu.edu', 'rWuzJkuGExy7', 'I700778059'),
('KarlensTopper@iiu.edu', 'nlAo4wrfYgN', 'I700778299'),
('KarlyJervoise@iiu.edu', '2BDoTJQz', 'I700777610'),
('KarmenKopp@iiu.edu', 'Audlmx2', 'I700777702'),
('KarolaGunston@iiu.edu', 'BEo8irwC', 'I700776518'),
('KarrieRough@iiu.edu', 'NbAnokH', 'I700778141'),
('KateeBanke@iiu.edu', 'wWN6veB', 'I700778403'),
('KateMatyushenko@iiu.edu', 'NzNy9TrCWGy', 'I700778210'),
('KatGoodreid@iiu.edu', '7zsqYUJYJsy', 'I700776451'),
('KatherinaHeaton@iiu.edu', 'kqshF0uvkv', 'I700777701'),
('KatiConstantinou@iiu.edu', 'xX6UpSiV', 'I700777304'),
('KatieTrusslove@iiu.edu', '0nGeukwCb', 'I700778142'),
('KayleBaynham@iiu.edu', 'DP4ebf7yeMUf', 'I700778260'),
('KayleeDrissell@iiu.edu', 'J9nDthUt', 'I700777527'),
('KayleyKirkby@iiu.edu', 'zlT9dfAviTg', 'I700776968'),
('KayneChristensen@iiu.edu', '1szN2uDtCXBR', 'I700778137'),
('KearyDuckerin@iiu.edu', 'iUzMM9', 'I700776833'),
('KearyNunes Nabarro@iiu.edu', 'CIPR6xziRi', 'I700777771'),
('KelilaGatcliff@iiu.edu', 'QIJkptfJF2P', 'I700777238'),
('KelilaMac@iiu.edu', '8S8IOzlfEE', 'I700777341'),
('KellbyArundale@iiu.edu', 'hbny9GD', 'I700778197'),
('KellyFernely@iiu.edu', 'cP1KxZrY', 'I700777535'),
('KelseyHales@iiu.edu', 'VDN4YG', 'I700778007'),
('KelvinSandercroft@iiu.edu', 'LxyrTG1DGKu', 'I700777717'),
('KelvinWannop@iiu.edu', 'dVznkXnFEGk', 'I700778256'),
('KelwinCaukill@iiu.edu', 'qMRcPrPiBN', 'I700778069'),
('KelwinFidoe@iiu.edu', 'dd28tGSVUaPK', 'I700777781'),
('KendreJanovsky@iiu.edu', 'utfKzn3', 'I700776834'),
('KeriannLidgertwood@iiu.edu', '3h1Lr19TDjQa', 'I700776944'),
('KerryClue@iiu.edu', 'oJDXly72N', 'I700777144'),
('KerwinMangham@iiu.edu', 'L5svf9yTrsKm', 'I700776457'),
('KettieMatthew@iiu.edu', '5QKNSByD8K', 'I700777896'),
('KieleGoldberg@iiu.edu', 'ePUROJ', 'I700776511'),
('KimberliScherme@iiu.edu', 'MEd6lxSJ', 'I700776705'),
('KimbleCamell@iiu.edu', 'veXRbzI', 'I700776873'),
('KimbraBouch@iiu.edu', 'eafOzngwz', 'I700777179'),
('KimO\'Finan@iiu.edu', 'GFi4fkGU', 'I700776876'),
('KingWalkowski@iiu.edu', 'z2JfvTDRRGvW', 'I700778228'),
('KippiePerham@iiu.edu', 'PfZrwo', 'I700776910'),
('KirbeeThomsson@iiu.edu', 'HcvF5Q', 'I700777864'),
('KitCalrow@iiu.edu', 'SOisrXkf4Q', 'I700778098'),
('KitFriman@iiu.edu', 'DA2cemlwNlt', 'I700776538'),
('KitGuppie@iiu.edu', 'wX0EYz', 'I700776440'),
('KittiePhare@iiu.edu', 'DgrUpbAlBH4', 'I700776499'),
('KizzieBaudone@iiu.edu', '4XJ9K4paM', 'I700776602'),
('KlarikaAshingden@iiu.edu', 'GdWv8M', 'I700777627'),
('KoenraadJuza@iiu.edu', '5Ujnhb', 'I700778002'),
('KonstanzeBoys@iiu.edu', 'koT9a4Y7O8WO', 'I700777077'),
('KooAyshford@iiu.edu', 'j0nQdor', 'I700777877'),
('KordulaMollindinia@iiu.edu', 'wg5tqfujsgg', 'I700777412'),
('KorenCockle@iiu.edu', 'RFLTe5uzI', 'I700777060'),
('KoressaMcCurlye@iiu.edu', '83Gk8Aw8rqC2', 'I700778275'),
('KoreStrethill@iiu.edu', 'n7kzN1Q', 'I700777076'),
('KorieKaye@iiu.edu', 'BYAgdpfQDoS', 'I700778204'),
('KoriKenyon@iiu.edu', 'aAV0gI1uS', 'I700777439'),
('KrishaJest@iiu.edu', 'GmOFLHosV', 'I700777911'),
('KrishnahArmitage@iiu.edu', 'lz6MDL39UoJK', 'I700776552'),
('KrishnahMcGurn@iiu.edu', 'Lv4CE4z6ro4S', 'I700778138'),
('KrispinBailles@iiu.edu', 'HEf2v6o', 'I700778233'),
('KristaTavernor@iiu.edu', 'uQqSVS77pYaW', 'I700776841'),
('KristeLongbone@iiu.edu', 'yjgWK9Wd', 'I700776960'),
('KristenBertram@iiu.edu', '7i6C78U', 'I700778147'),
('KristenIvan@iiu.edu', 'slXkXI', 'I700776996'),
('KristianMeakin@iiu.edu', 'H1mjDX3cu', 'I700777049'),
('KristofferVon Gladbach@iiu.edu', 'hFMk67bEYkS', 'I700776600'),
('KristosGrund@iiu.edu', 'SoHcwfnTY6nD', 'I700776741'),
('KrystynaWasiela@iiu.edu', 'A4BTYq3W0', 'I700777930'),
('L;uretteFettiplace@iiu.edu', 'bgjYqQwt', 'I700778127'),
('La verneCicullo@iiu.edu', 'GRraQy489jk', 'I700776614'),
('La verneWigfall@iiu.edu', 'D0Rjlz6P8h', 'I700776650'),
('LacyEubank@iiu.edu', 'LuvgtoPA', 'I700777405'),
('LaineyDanbury@iiu.edu', 'kCFqnTGMJ', 'I700777858'),
('LairdKunc@iiu.edu', 'qavzfpeG', 'I700778249'),
('LaloBurnie@iiu.edu', 'lVYpBFg', 'I700777555'),
('LaloMedeway@iiu.edu', 'LAxMgbRRUxxF', 'I700776581'),
('LamontMacKomb@iiu.edu', 'ITEK72RL', 'I700777812'),
('LandLowensohn@iiu.edu', 'zHpTwxioPMEi', 'I700777273'),
('LarisaFibbitts@iiu.edu', '97DiMIzDFyB', 'I700778322'),
('LatiaFelgate@iiu.edu', 'zXZuv1bRrB', 'I700777998'),
('LaureeMacGee@iiu.edu', 'Z7OnlYqYwot', 'I700778000'),
('LaurenEloy@iiu.edu', 'lPOq04', 'I700777184'),
('LaurensPeachman@iiu.edu', 'ghvgAAJWGSv9', 'I700777658'),
('LaviniaHatliffe@iiu.edu', 'O3zUsMuk', 'I700776780'),
('LawtonDiplock@iiu.edu', 'KyollvgY', 'I700776890'),
('LayMeiner@iiu.edu', 'LyY06VdLKrkV', 'I700777031'),
('LayneyFairholme@iiu.edu', 'N0vc8FFnlJ4y', 'I700777080'),
('LazarusPhelips@iiu.edu', 'pXFoMol', 'I700777669'),
('LeaEwestace@iiu.edu', '00PftHnQh', 'I700778133'),
('LemarSolloway@iiu.edu', 'hn3eyZUq', 'I700776728'),
('LemCersey@iiu.edu', '643PGWbMXDm2', 'I700777931'),
('LemuelAmbrogio@iiu.edu', 'ObNXTSTo', 'I700778209'),
('LenetteAnstead@iiu.edu', '0oZamps1Lfo', 'I700777183'),
('LeolineHinsche@iiu.edu', 'Y1405S', 'I700778048'),
('LeonelleBroschke@iiu.edu', 'YRFkdD4XvXM3', 'I700777092'),
('LeonelleWotherspoon@iiu.edu', 'nTvk2tDPJnjp', 'I700777135'),
('LeonerdValerio@iiu.edu', 'XejxYpsMxPz', 'I700777170'),
('LeonidCasewell@iiu.edu', 'fbAoWFE', 'I700778050'),
('LeslieHawthorn@iiu.edu', 'jVNlryCPQS', 'I700777865'),
('LesliVerrill@iiu.edu', 'bN1Y8wi0eXkB', 'I700776698'),
('LetishaManagh@iiu.edu', 'WC5aHLUii', 'I700777785'),
('LetiziaIngilson@iiu.edu', 'Pgmkaqzs2', 'I700777569'),
('LeupoldAggs@iiu.edu', 'Z6bbQz', 'I700777901'),
('LeviCoveny@iiu.edu', 'rd7bHDIro', 'I700776880'),
('LevonPetrasch@iiu.edu', '7Y7ueVaQE', 'I700777494'),
('LewissBorleace@iiu.edu', 'sG94c9h3tY', 'I700778131'),
('LexineTilne@iiu.edu', '5IFoFceOE', 'I700777443'),
('LezleyWerendell@iiu.edu', 'wvRi1B9', 'I700777100'),
('LianeBarensky@iiu.edu', '1FYJcFkyXm1', 'I700777171'),
('LianeGoulbourne@iiu.edu', '5NpLqR7NE27', 'I700778019'),
('LibbeyMcDiarmid@iiu.edu', 'SpKfQEffBs', 'I700777394'),
('LiesaEnterlein@iiu.edu', 'HN8wSBw', 'I700777642'),
('LiliaColler@iiu.edu', 'u6xVXg', 'I700777234'),
('LilianGodbold@iiu.edu', '9AdiDIU', 'I700776478'),
('LillianCereceres@iiu.edu', 'TziwoZKJ', 'I700777137'),
('LindAmsden@iiu.edu', 'tO47Mtjek', 'I700777682'),
('LinellWindsor@iiu.edu', 'gMhyNpG', 'I700778042'),
('LinnieDuny@iiu.edu', 'QyjcSW2fH', 'I700777048'),
('LinnieJakeman@iiu.edu', '1i7yG3odcK', 'I700777038'),
('LinVan den Dael@iiu.edu', '76uRr5IV', 'I700778308'),
('LionelloWebermann@iiu.edu', 'NA2nHYUILK', 'I700777871'),
('LionelMethley@iiu.edu', 'Jy7Frnu7', 'I700777867'),
('LisetteMidner@iiu.edu', 'STxxGH', 'I700776801'),
('LiseWillacot@iiu.edu', 'I23hFhjnLTLq', 'I700776495'),
('LissieBazoche@iiu.edu', 'EnAbDoA9T8', 'I700777995'),
('LivvyAtyea@iiu.edu', 'JEEQjgMO', 'I700777502'),
('LizabethDreigher@iiu.edu', 'GSifAr', 'I700777398'),
('LockeJolliff@iiu.edu', 'UKJT2zev8', 'I700777784'),
('LolitaRatter@iiu.edu', 'qitTbuD', 'I700777471'),
('LonnyGravenell@iiu.edu', 'lPUJvJX', 'I700776839'),
('LoraleeMedley@iiu.edu', 'CB6T68vboiD', 'I700776830'),
('LoralieKamiyama@iiu.edu', '89jjrqe2', 'I700776561'),
('LoralynTott@iiu.edu', 'tQchzs076', 'I700776847'),
('LoreeMcLeish@iiu.edu', 'e2Xm3lZP7m', 'I700776916'),
('LorelleCowpe@iiu.edu', '7KE1OaWveV', 'I700777274'),
('LoriannaHendriks@iiu.edu', 'WXcr60', 'I700778021'),
('LoriaSabbins@iiu.edu', 'O668TkQl5Y12', 'I700778253'),
('LorieParkman@iiu.edu', 'qnPRr2vMN2', 'I700776469'),
('LorindaGreenall@iiu.edu', '4egE2wA', 'I700777683'),
('LorindaLockhart@iiu.edu', 'dJcjrjbg', 'I700776715'),
('LoriWillingham@iiu.edu', 'KLEP1DlLX', 'I700778349'),
('LorneRuos@iiu.edu', '4EKFgcS', 'I700778068'),
('LorriDraycott@iiu.edu', 'ZTwm8Jw7r', 'I700777649'),
('LorrieButt@iiu.edu', 'ykBcLioH', 'I700776993'),
('LottaDuval@iiu.edu', 'm5AL5m', 'I700778156'),
('LottyCaudle@iiu.edu', 'VtkXNS', 'I700777481'),
('LouiseSpencers@iiu.edu', 'zP384B9cXBM', 'I700777125'),
('LowellGreson@iiu.edu', '9CTq7KIhvR', 'I700777983'),
('LucasBlaxill@iiu.edu', 'y8JkewfW2bV', 'I700776666'),
('LucianBusse@iiu.edu', 'e2iKLXHpu', 'I700778029'),
('LucinaMcCormick@iiu.edu', '3JVpeCs', 'I700777370'),
('LuigiAtyea@iiu.edu', '8aE3mB3', 'I700776537'),
('LuisJoannidi@iiu.edu', '6QEX9C', 'I700776840'),
('LukeMeineking@iiu.edu', 'hEB4lV0A', 'I700778338'),
('LurleenLahrs@iiu.edu', 'GZeIVM6v7WgH', 'I700778167'),
('LurlineBalham@iiu.edu', 'A5zG1vsX', 'I700778178'),
('LyndaOboy@iiu.edu', 'O6BkQHOF3', 'I700776850'),
('LyneaHestrop@iiu.edu', '1bkWxj4', 'I700777369'),
('LynetteRadmore@iiu.edu', 'jaqpfj2', 'I700778342'),
('LynKayser@iiu.edu', 'z8tUExQKI', 'I700776882'),
('LynnBonsey@iiu.edu', 'UwAkQDAV', 'I700777869'),
('LynneaWoonton@iiu.edu', 'LCEJXu7', 'I700777779'),
('LynnelleNaish@iiu.edu', 'tBcwzT534Q', 'I700777347'),
('LynnPlayfoot@iiu.edu', 'T23KPVzQqaOU', 'I700778250'),
('MaddiPixton@iiu.edu', 'MboWMZrrF9a', 'I700776465'),
('MadelenaStrond@iiu.edu', 'OQPmRDwKtEbN', 'I700776531'),
('MadellaPhipson@iiu.edu', 'wFYeG0HmY', 'I700777703'),
('MagdaiaMcKeller@iiu.edu', 'rnIoihM', 'I700776485'),
('MagdaleneSparshett@iiu.edu', 'Ddp3Q3xMG', 'I700776707'),
('MaggieMartinat@iiu.edu', 'BI3uczM', 'I700777151'),
('MaggyBodd@iiu.edu', 'kC0Xohn0', 'I700778205'),
('MaiaTappor@iiu.edu', 'S5khis', 'I700777459'),
('MaigaTurbard@iiu.edu', 'Lsa1WKKwM7', 'I700777484'),
('MalchySlowan@iiu.edu', 'HFcR60', 'I700777363'),
('MamieGuisot@iiu.edu', 'wkBiYoHb', 'I700777787'),
('MandaSnare@iiu.edu', 'KKePQnlVTU', 'I700777597'),
('MandieSevery@iiu.edu', 'l6pwnGQA', 'I700777646'),
('ManFranzelini@iiu.edu', 'qvfQtd', 'I700776983'),
('ManfredRobbs@iiu.edu', 'n2UpBxso3gL', 'I700777094'),
('MannieGiffkins@iiu.edu', 'tvvNmYVc', 'I700777666'),
('ManoloSoppett@iiu.edu', '972CL5Uz', 'I700778065'),
('ManonYgo@iiu.edu', 'XbSFXrPSl', 'I700777606'),
('MarcellinaRentalll@iiu.edu', 'Vr0kNS3U63ij', 'I700777196'),
('MarcellinaWhiteoak@iiu.edu', '7Q7nbmks', 'I700777663'),
('MarcillePenman@iiu.edu', 'OMyS97', 'I700778251'),
('MarcusLightoller@iiu.edu', 'PLPUt2', 'I700777668'),
('MarcyAffleck@iiu.edu', 'kSGQt1', 'I700777355'),
('MareahRubinowitch@iiu.edu', 'jTIZFJMSl7EN', 'I700777777'),
('MargalitVasichev@iiu.edu', 'l7EPDj9', 'I700777686'),
('MargarettaHurdiss@iiu.edu', 'at005attWt7b', 'I700776696'),
('MargoPeckham@iiu.edu', 'vX5OZIP1M', 'I700777159'),
('MargotCaselli@iiu.edu', 'M6bLsAvW8o', 'I700777950'),
('MarianaRuslin@iiu.edu', '8oODoL9zMSf', 'I700778380'),
('MaribelIllingworth@iiu.edu', '5hrwaXGtbf', 'I700778144'),
('MariejeanneCortin@iiu.edu', 'iNqqw9aEEV', 'I700776761'),
('MariettaBerrow@iiu.edu', 'i1GNqeAHIzwi', 'I700776863'),
('MariettaGreenhow@iiu.edu', 'g5ysx29Q', 'I700777613'),
('MarinnaSidsaff@iiu.edu', 'IYpLmB', 'I700777329'),
('MariquillaDrife@iiu.edu', 'rXRyquF', 'I700778004'),
('MarisaMedcalf@iiu.edu', 'VJFTO9GF', 'I700777281'),
('MariWylder@iiu.edu', 'ypRwajO', 'I700777922'),
('MarjyGinty@iiu.edu', 'CThdIiX', 'I700777589'),
('MarlaneTynan@iiu.edu', 'ewsfz7', 'I700778104'),
('MarleahDurbyn@iiu.edu', 'KErGP0Z', 'I700777811'),
('MarleahVader@iiu.edu', 'XlVGMAT', 'I700776792'),
('MarlinMunning@iiu.edu', '0cKr9C', 'I700777141'),
('MarlonMcAlarney@iiu.edu', 'Hz9GFX91', 'I700777435'),
('MarshaBanner@iiu.edu', 'QzhrYZTz', 'I700776831'),
('MartelleAlmeida@iiu.edu', 'I3IGWp9', 'I700777791'),
('MartheOllet@iiu.edu', '8XWQ1tJfb', 'I700778093'),
('MarthePatron@iiu.edu', 'bYJXUSjvkyQu', 'I700777909'),
('MartieSawney@iiu.edu', 'SKg8cE', 'I700777885'),
('MartynneSorro@iiu.edu', 'F4tHHTcOnu', 'I700778399'),
('MarveCaush@iiu.edu', 'lFeCBe', 'I700777551'),
('MaryannaSarre@iiu.edu', 'KjHfemr', 'I700777479'),
('MaryannaStearnes@iiu.edu', 'T0ljPHs', 'I700777218'),
('MaryanneSherer@iiu.edu', 'sd10oNd', 'I700776414'),
('MarybelleElcombe@iiu.edu', 'M76c3uPsfm', 'I700778012'),
('MarylHeard@iiu.edu', 'sJA5tRqPj', 'I700777173'),
('MarylindaGifford@iiu.edu', 'tuLkM3B5cmu', 'I700777576'),
('MarylindaRizzardo@iiu.edu', 'zrRXcnJ', 'I700778395'),
('MarylinHenker@iiu.edu', 'RvODdw0Z', 'I700777611'),
('MarysaFilochov@iiu.edu', 'LCjRvmn8', 'I700777618'),
('MathianGabbetis@iiu.edu', 'eIGTXrxEuAu', 'I700776593'),
('MathildeCalken@iiu.edu', '804Yqcz7y', 'I700777667'),
('MatiasBubbear@iiu.edu', 'xIIw6XrMV3', 'I700777449'),
('MatthaeusAdshede@iiu.edu', 'pMbkOIDsct5b', 'I700776945'),
('MattHawkyens@iiu.edu', 'DVAQfr', 'I700777233'),
('MatthiewLathan@iiu.edu', 't2koZKx94pwE', 'I700777497'),
('MattieHacquoil@iiu.edu', 'eoKhHOA', 'I700778266'),
('MattieLau@iiu.edu', 'vI0gsGgLc2', 'I700778148'),
('MattieMapston@iiu.edu', 'GiU34n', 'I700777876'),
('MattyHans@iiu.edu', 'rDpX8hZGp1', 'I700778180'),
('MauricioCopplestone@iiu.edu', 'aC4ZLIatk', 'I700778198'),
('MauriziaCaw@iiu.edu', 'ArKW9iMymD3C', 'I700778369'),
('MauriziaPlante@iiu.edu', 'OLKsUB', 'I700776987'),
('MavraBirtwell@iiu.edu', '9qgBWjLH1', 'I700777192'),
('MavraMorritt@iiu.edu', 'CbjvtAHMF', 'I700777406'),
('MaximilianRudeforth@iiu.edu', 'MRdfl3KAX', 'I700777051'),
('MaximilianusLatchmore@iiu.edu', 'pSqzMGH', 'I700777202'),
('MaximilienMelliard@iiu.edu', 'byzdtoa7r2', 'I700776895'),
('MaximoHassekl@iiu.edu', 'gE0yd9pEF2xp', 'I700777428'),
('MayorSidon@iiu.edu', 'yFJjxeFZ7', 'I700778112'),
('MeadCello@iiu.edu', 'z3c45vVKOPZ', 'I700776832'),
('MeganSockell@iiu.edu', 'zgWKnz', 'I700778181'),
('MeggyGonnelly@iiu.edu', 'jykAr3Kf4V2h', 'I700777859'),
('MegMacCracken@iiu.edu', 'mi337Lp', 'I700778323'),
('MeiMurname@iiu.edu', 'afhNp1whhdcF', 'I700776579'),
('MeirTroyes@iiu.edu', 'TGDnOO', 'I700776634'),
('MelanthaCisneros@iiu.edu', 'dKCy8sHC', 'I700777303'),
('MelDavitti@iiu.edu', 'wBWy7Ci', 'I700777985'),
('MelesaCloke@iiu.edu', 'hNpz3Z', 'I700778057'),
('MelesaEmma@iiu.edu', 'k7fb0VRSpYnz', 'I700776494'),
('MelisandraAbrahamian@iiu.edu', 'STNSyYvCW', 'I700777948'),
('MelissaRisdale@iiu.edu', 'AYl8Jv9y58', 'I700777754'),
('MelitaSergeaunt@iiu.edu', 'fgrUBePxRrzZ', 'I700778033'),
('MellisaPhilot@iiu.edu', '9rKrGRfBj0NA', 'I700776851'),
('MellisentMcNeish@iiu.edu', 'xvDzO9oT', 'I700777358'),
('MelloneyBettanay@iiu.edu', 'qaUFBmn6', 'I700777994'),
('MelonyDeason@iiu.edu', 'mvpao1CdLlxb', 'I700778244'),
('MelvaGaggen@iiu.edu', '8IqhLB', 'I700776844'),
('MerielMattersey@iiu.edu', 'VFEVak6zZh7', 'I700776482'),
('MerisGrinov@iiu.edu', 'MngsHQQD', 'I700777601'),
('MerlaPeron@iiu.edu', '9tok74I', 'I700778287'),
('MerleManuaud@iiu.edu', '13Xh2P6', 'I700777513'),
('MerleMcClunaghan@iiu.edu', '5ve1Pc', 'I700778099'),
('MerrickNawton@iiu.edu', 'wNKmvw0EiO', 'I700777573'),
('MichaelinaBurstow@iiu.edu', 'pKW19n1VAY', 'I700776820'),
('MichealSesser@iiu.edu', 'jmEDj9sC', 'I700778076'),
('MicheleDeerr@iiu.edu', 'LqBZ2gR', 'I700777160'),
('MicheleKersting@iiu.edu', 'nfrIpXI2z9', 'I700776562'),
('MickeyConlaund@iiu.edu', 'NNsBtVAF', 'I700778274'),
('MickGather@iiu.edu', '4I357cpoR', 'I700777533'),
('MickieGrimwad@iiu.edu', 'uCtirCCsOR', 'I700776988'),
('MickieSeeborne@iiu.edu', 'qsNLwh8hL', 'I700776811'),
('MignonnePressdee@iiu.edu', 'sWz30C6H6w', 'I700776571'),
('MiguelHunte@iiu.edu', 'ysNFXQ', 'I700777213'),
('MikaelaGutcher@iiu.edu', 'GRFOwnBKWbbF', 'I700776769'),
('MikeKemshell@iiu.edu', 'zKEurnZ', 'I700776701'),
('MilCottom@iiu.edu', '72dsO6KqNmZ', 'I700776471'),
('MilissentCamlin@iiu.edu', 'EzojWmopxm', 'I700777935'),
('MinBour@iiu.edu', 'ZzvGmrYemN', 'I700777028'),
('MindaGulland@iiu.edu', 'QDqGhMFwwXl', 'I700778248'),
('MinniBragge@iiu.edu', 'CZRtrK', 'I700777814'),
('MinniLe Grand@iiu.edu', 'sQDnoP5Kr', 'I700777764'),
('MirabelleGladwin@iiu.edu', 'sfirLZQAdOTS', 'I700778273'),
('MirabelleHurton@iiu.edu', '7VQVhe2l9bM', 'I700777408'),
('MirandaVerni@iiu.edu', 'J30nWc', 'I700778064'),
('MiranYansons@iiu.edu', 'gfaG3IGW1BDT', 'I700777530'),
('MireielleBrockhouse@iiu.edu', 'iWG2lXMNJ', 'I700777651'),
('MireilleGornall@iiu.edu', 'MSoPl5NgAt6Z', 'I700777981'),
('MireilleKiddye@iiu.edu', 'b6ZAd3schtze', 'I700776837'),
('MirellaSweatman@iiu.edu', 'tGdWIEX', 'I700776836'),
('MistiGinity@iiu.edu', 'DbiBvAXfq5V', 'I700776718'),
('ModestaAdam@iiu.edu', 'czHORIGqSe', 'I700777608'),
('MoeDutson@iiu.edu', 'Q2ko4aKq0KsW', 'I700777882'),
('MohammedRebanks@iiu.edu', 'Ivb7GbdJ4W', 'I700776679'),
('MohandisAttwoul@iiu.edu', 'IiTmS8Wx', 'I700777563'),
('MonicaRadclyffe@iiu.edu', 'qiEJ5X4i2S', 'I700777403'),
('MordecaiWestrope@iiu.edu', 'AYR0gAFH', 'I700777103'),
('MordyGerin@iiu.edu', 'OLLeNqHRu', 'I700777084'),
('MoreyStanman@iiu.edu', 'YdJhycke', 'I700777019'),
('MorganLicciardi@iiu.edu', 'sCD9ulZJ', 'I700778102'),
('MorissaTobin@iiu.edu', 'FXMswxlj', 'I700777505'),
('MoritzD\'Orsay@iiu.edu', '1gv7rX8oK', 'I700776528'),
('MorseGittoes@iiu.edu', 'R2CRPUY', 'I700776636'),
('MortenKettel@iiu.edu', '9TqtLre9', 'I700776927'),
('MortGalloway@iiu.edu', 'BSY02od', 'I700777093'),
('MortieSlater@iiu.edu', 'qIY6BB8D', 'I700777908'),
('MortonPaoletto@iiu.edu', 'lIGC4EW', 'I700776533'),
('MortyMechic@iiu.edu', 'Cwei3TjStnv6', 'I700777261'),
('MosesCallendar@iiu.edu', 'VgYLGwlK', 'I700778307'),
('MosesRollings@iiu.edu', 'uSd7STFe', 'I700777351'),
('MuffinCainey@iiu.edu', 'Jw1v5JIab0HW', 'I700777482'),
('MurialTuohy@iiu.edu', 'oDBanmedcei', 'I700776682'),
('MurielBlanche@iiu.edu', 'oazGndB', 'I700777766'),
('MurielSimmgen@iiu.edu', 'o85dFk', 'I700777193'),
('MycahLauritsen@iiu.edu', '4Ownhlu58V', 'I700777774'),
('MyerWetwood@iiu.edu', 'A2Cgdk', 'I700776607'),
('MyloDukesbury@iiu.edu', 'IjbYer', 'I700778073'),
('MyraIacobucci@iiu.edu', 'X4ZNUnLKz', 'I700776467'),
('MyrtaLease@iiu.edu', 'BgbG4YMq', 'I700778353'),
('MyrtieColchett@iiu.edu', 'L1SzrZhc8j0', 'I700777097'),
('NadeanSchermick@iiu.edu', 'Mq3pyiCD5Ja', 'I700777586'),
('NadeenShall@iiu.edu', 'ukAJTTB', 'I700777906'),
('NadineBlount@iiu.edu', 'F0dSf5BsKGi', 'I700777410'),
('NadineHulkes@iiu.edu', '2qhtqtkfUNn5', 'I700777517'),
('NadiyaKeary@iiu.edu', 'cvYqlGb', 'I700777556'),
('NadyaHunting@iiu.edu', 'LglpwqCyv', 'I700778231'),
('NadySprowle@iiu.edu', 'Q3HB7FlYVq5D', 'I700778370'),
('NaniFulham@iiu.edu', 'nPnYGfcb3yem', 'I700777120'),
('NanineEndle@iiu.edu', 'm3ktSt4uL', 'I700777174'),
('NapKinghorne@iiu.edu', '63ufl8', 'I700777189'),
('NatalaTaaffe@iiu.edu', 'SsPAhaCyn', 'I700776982'),
('NatalDyott@iiu.edu', 'vYlkwjPk', 'I700777228'),
('NataleGouge@iiu.edu', 'V52xa5W', 'I700776685'),
('NatalinaWisdish@iiu.edu', 'cfwqsj', 'I700778396'),
('NatalineGontier@iiu.edu', 'b0XgXTgGKyl', 'I700777365'),
('NatalineSherebrook@iiu.edu', 'Lke7dlkF1Shs', 'I700776667'),
('NathalieAbotson@iiu.edu', '14HBlL9ULx', 'I700777681'),
('NathalieDeaconson@iiu.edu', 'z7OTeaYaX', 'I700778013'),
('NealaCharsley@iiu.edu', 'sUZfo2VgDB', 'I700777744'),
('NedGammage@iiu.edu', 'ZdSPQm9', 'I700777736'),
('NeelSnoday@iiu.edu', 'K54Ih8ihjj6n', 'I700776570'),
('NeileGuilford@iiu.edu', '2LnWkAh', 'I700778174'),
('NeileKenwrick@iiu.edu', 'KrWhpUjfYV', 'I700777947'),
('NeliaHarhoff@iiu.edu', 'LgQuSjX1', 'I700777789'),
('NerissaBurrus@iiu.edu', 'XMPfrPd8MZT', 'I700776762'),
('NeritaHeinecke@iiu.edu', 'KuODfLrFot', 'I700777509'),
('NerteTurfin@iiu.edu', 'ddO7YcUU', 'I700777987'),
('NertyHargreaves@iiu.edu', 'cNieHn', 'I700776553'),
('NialLukock@iiu.edu', '08r5lH6', 'I700777917'),
('NicholeHazard@iiu.edu', 'nbhmbJe8r', 'I700777532'),
('NicholeSchottli@iiu.edu', '7oa7dWqU', 'I700777866'),
('NicholleEyton@iiu.edu', 'EsXS8Y', 'I700777629'),
('NicholleSowle@iiu.edu', '4BY6nP8OA', 'I700776800'),
('NickolasLittrik@iiu.edu', 'XX9BQS2', 'I700777390'),
('NicoBeavan@iiu.edu', 'yRzkGnQSBW', 'I700776459'),
('NicolaisFoster-Smith@iiu.edu', 'mEuUhn', 'I700777068'),
('NicolBlumire@iiu.edu', 'A0OcJ44324pi', 'I700777024'),
('NicoletteRakes@iiu.edu', 'VbxXaXJXqR', 'I700777670'),
('NicolinaGarfoot@iiu.edu', 'BoMmXwa0R8', 'I700778166'),
('NicolinaKarlsson@iiu.edu', 'xV3nuz', 'I700777635'),
('NicolinaProvis@iiu.edu', 'hKZmfBOVHbJ', 'I700778293'),
('NicolisHosier@iiu.edu', 'DqbUS0O', 'I700777288'),
('NielCiccarelli@iiu.edu', 'nHpKcW6', 'I700778128'),
('NielsRossant@iiu.edu', 'hGwjov7TP', 'I700776422'),
('NikiHubbocks@iiu.edu', 'ILAX1WpXykG', 'I700776697'),
('NikitaGreenlees@iiu.edu', 'QJVslO', 'I700778024'),
('NikiTyrrell@iiu.edu', 'o7dlm1', 'I700777716'),
('NikolasPhippen@iiu.edu', 'nSjO4y9dP', 'I700776975'),
('NikolettaSpera@iiu.edu', 'MucS6w5f3Ln', 'I700777818'),
('NikosMew@iiu.edu', 'Cwp2DsBBbVTg', 'I700778041'),
('NivenPea@iiu.edu', '1G46rb7Fr', 'I700778124'),
('NoamiFlucker@iiu.edu', 'yMoRCCFa', 'I700776778'),
('NobeBlakeden@iiu.edu', 'Y9z0oL6D', 'I700776517'),
('NobleEbunoluwa@iiu.edu', 'PVxyC4Ju4r', 'I700776989'),
('NolanFitchen@iiu.edu', 'gz4P8dk1UGq', 'I700777693'),
('NonnaCarrick@iiu.edu', 'o0zLu30', 'I700776738'),
('NonnaO\'Heaney@iiu.edu', 'YqwOiPMZPO', 'I700776828'),
('NoraAlishoner@iiu.edu', 'Jw47ItshR', 'I700777132'),
('NorahDrane@iiu.edu', 'SmRDOPUZ', 'I700777750'),
('NorbySpottiswood@iiu.edu', 'R40ITPsitIv', 'I700777515'),
('NoreanCheves@iiu.edu', 'tdrWSc2Z2', 'I700777070'),
('NorinaHablot@iiu.edu', 'SBWhp43', 'I700777157'),
('NorineReady@iiu.edu', 'A09mQakwh', 'I700776899'),
('NorryCasolla@iiu.edu', 'teH1Mz', 'I700777684'),
('NoveliaOveral@iiu.edu', 'rBzM5wtm9tkK', 'I700776639'),
('NydiaDymick@iiu.edu', 'eiJMuesOLY', 'I700777342'),
('ObyBarns@iiu.edu', 'mHDK6U7g0ik', 'I700777310'),
('OctaviaDayes@iiu.edu', 'cdeHvXs', 'I700777615'),
('OdessaWhaplington@iiu.edu', 'XSgTgBkx3zVB', 'I700777769'),
('OgdenBrackstone@iiu.edu', 'JXBstX', 'I700776525'),
('OgdenSimak@iiu.edu', '63V9zeU5O', 'I700778001'),
('OlenolinAdamolli@iiu.edu', 'pU1iQK4PpqyF', 'I700776501'),
('OlimpiaShildrake@iiu.edu', 'VGLvGvoh', 'I700777672'),
('OliveDolohunty@iiu.edu', 'GqHkidrp', 'I700778113'),
('OlivetteStiling@iiu.edu', 'Tk6ffd', 'I700778003'),
('OlivieDomek@iiu.edu', 'j2nP7QlTl', 'I700776775'),
('OllyBaulk@iiu.edu', 'zbbnraIb', 'I700777805'),
('OllyCastells@iiu.edu', 'QyOZ0uyJxZe6', 'I700778303'),
('OlympieRiping@iiu.edu', 'Gb9lZTlvupx8', 'I700776563'),
('OpheliaHurran@iiu.edu', 'CiMhiDDp', 'I700777816'),
('OraleeSargent@iiu.edu', 'xIlNOd', 'I700777751'),
('OralleSone@iiu.edu', 'w1FRzPhT6Yi', 'I700777721'),
('OrelMaudsley@iiu.edu', 'oF7YV8vf', 'I700776550'),
('OrranCave@iiu.edu', 'SNT32c5W', 'I700777086'),
('OrsaCooper@iiu.edu', 'TITuOpLPpWO', 'I700777945'),
('OrtensiaGreville@iiu.edu', 'FqmAE8', 'I700778150'),
('OsbornBrelsford@iiu.edu', 'f34g28r', 'I700777010'),
('OsbornPahlsson@iiu.edu', 'RvA58dM2o', 'I700778354'),
('OssieLamps@iiu.edu', 'iXiTTKIIEcdx', 'I700776664'),
('OthellaScollick@iiu.edu', 'InLUjLvHKYa', 'I700776753'),
('OttoOrriss@iiu.edu', '7bBBbfw', 'I700777442'),
('PabloDe Meis@iiu.edu', 'HIUpwM1lX', 'I700776919'),
('PacoCowey@iiu.edu', 'BjiFqnUXJ', 'I700776479'),
('PaddyLayman@iiu.edu', 'lvFIKglv', 'I700777868'),
('PadraicCoppock.@iiu.edu', '8Mv3ZTE', 'I700778091'),
('PageForo@iiu.edu', 'SaRPecSt7r', 'I700776663'),
('PammieFerraraccio@iiu.edu', '7A0GwIw', 'I700776547'),
('PanchitoGiggs@iiu.edu', 'lr8vHh', 'I700776722'),
('PandoraBreeze@iiu.edu', 'ZtXvbDH', 'I700777305'),
('PaolinaEastgate@iiu.edu', 'skDN90FQ0', 'I700776683'),
('PapagenoO\' Markey@iiu.edu', 'ff8pBqopZAwK', 'I700776748'),
('ParkeBorne@iiu.edu', 'vUgSyrk', 'I700777991'),
('PasqualeLambdin@iiu.edu', 'lolNgS', 'I700777385'),
('PattyWethered@iiu.edu', '5KreXTwA', 'I700776592'),
('PaulyNelius@iiu.edu', 'kg0lPB', 'I700776514'),
('PaulyWoodhams@iiu.edu', 'uCQYVfeY4e', 'I700777311'),
('PaviaWoolens@iiu.edu', 'nV4KZyFF0Ys', 'I700777491'),
('PavlovStearn@iiu.edu', 'n5VjrsVeF', 'I700777942'),
('PaxtonGuyon@iiu.edu', 'tn9D5BQOiof6', 'I700776601'),
('PaytonYearne@iiu.edu', 'CoQFWPDyj', 'I700776790'),
('PebrookDyerson@iiu.edu', 'Vba2BmI1t6R', 'I700777037'),
('PeirceFrankcombe@iiu.edu', 'wvbd02H', 'I700778388'),
('PenelopaHardin@iiu.edu', 'fTb5f4a', 'I700777620'),
('PennieAlban@iiu.edu', 'pbWCI88AQvcQ', 'I700777857'),
('PennieShingler@iiu.edu', 'zqdeRpDVBW', 'I700777246'),
('PennyThirwell@iiu.edu', 'z6JWlHf8er', 'I700776823'),
('PenrodDe Roeck@iiu.edu', 'gL89xQ', 'I700778255'),
('PepePargent@iiu.edu', 'Noj7RO', 'I700777280'),
('PepitoFawdry@iiu.edu', 'X7BmWh0F', 'I700777501'),
('PeterusBulled@iiu.edu', 'wfJkzUnT5', 'I700776770'),
('PeteTruce@iiu.edu', 'duJrlRww8', 'I700777307'),
('PhaedraSadry@iiu.edu', 'uioVv2kGzdu', 'I700776692'),
('PhilipaCano@iiu.edu', 'vfPQOjBxjSw', 'I700777381'),
('PhillipeStanmer@iiu.edu', 'sbFgrUYfuqC', 'I700777531'),
('PhillippDurban@iiu.edu', 'tYS3OpsI', 'I700776521'),
('PhillisMoxted@iiu.edu', '6o7gBk', 'I700776530'),
('PhilSickamore@iiu.edu', 'WhVXok', 'I700778200'),
('PhipPleager@iiu.edu', 'LpkExvnN', 'I700777548'),
('PietroValentim@iiu.edu', '2m7pAT', 'I700776887'),
('PincusNewing@iiu.edu', 'zRDmmnxeI', 'I700778252'),
('PoohShields@iiu.edu', 'NGYrO4KECdM', 'I700777022'),
('PortiaHead@iiu.edu', 'btlTB7U5j4vo', 'I700776597'),
('PowellCeresa@iiu.edu', 'S6MY0suO', 'I700778040'),
('PrentLiepina@iiu.edu', '6DkDKMWu', 'I700777504'),
('PrentSalvadore@iiu.edu', 'jkA6vao5', 'I700778184'),
('PriscaPlank@iiu.edu', 'wHZqdBOz', 'I700776857'),
('PriscaWherry@iiu.edu', 'LjbdmSOFdA', 'I700777241'),
('PriscillaLeethem@iiu.edu', 'eoGfTcA5n0U2', 'I700776436'),
('PrudiCore@iiu.edu', '30jHxWxRaGv0', 'I700776866'),
('PrudiMurford@iiu.edu', 'bwmy0Wy6', 'I700778016'),
('PrueBiddy@iiu.edu', 'V2uFh6e0gfEN', 'I700776943'),
('QueridaMartlew@iiu.edu', 'sXj1lM7JcE2', 'I700778101'),
('QuincyAltimas@iiu.edu', '7rKqEHADQpA', 'I700778375'),
('QuintinaGraver@iiu.edu', 'x5Ds42', 'I700776949'),
('QuintinJailler@iiu.edu', 'HhHQGwAD', 'I700777835'),
('RabiSwedeland@iiu.edu', 'OENMPFpw', 'I700777085'),
('RachelRembaud@iiu.edu', 'CgknBTenlRkE', 'I700776924'),
('RadcliffeJonk@iiu.edu', 'TTvHOQvdjk', 'I700778318'),
('RafaNoon@iiu.edu', 'gcfiZe', 'I700777445'),
('RafaTangye@iiu.edu', 'QsGNff', 'I700777838'),
('RaffBurgoyne@iiu.edu', 'Oc4hTg13kFG', 'I700777671'),
('RaffFarebrother@iiu.edu', 'Hrpo57', 'I700776745'),
('RahalMaso@iiu.edu', 'GcCkZTH', 'I700776804'),
('RahalTims@iiu.edu', 'tq5l0iZTH5G', 'I700777426'),
('RahelGatch@iiu.edu', '1TL6r79mLY', 'I700777490'),
('RainaAnnis@iiu.edu', 'JGTXJtn', 'I700776981'),
('RalinaDavey@iiu.edu', 'EAlO876uU', 'I700777907'),
('RamonBatchelor@iiu.edu', 'Qe2BMx', 'I700777840'),
('RamseyWorms@iiu.edu', 'Y7rmDW', 'I700778044'),
('RandalGirardini@iiu.edu', '4WwoizxCV2', 'I700776898'),
('RandallCurgenuer@iiu.edu', 'b5Cg9QH', 'I700777810'),
('RandeeEzzle@iiu.edu', 'YC8ZVEFpM8Gy', 'I700777625'),
('RandyWilber@iiu.edu', 'FLKm2D7ASHdn', 'I700778189'),
('RannaMcLeary@iiu.edu', 'PPhv5zS0fK', 'I700777185'),
('RannaSesser@iiu.edu', 'LqCac1NKTcl', 'I700778194'),
('RaphaelaSommerville@iiu.edu', 'eFJmqq', 'I700777549'),
('RaviStainson@iiu.edu', 'g5a9DRLM', 'I700776758'),
('RayeBoshers@iiu.edu', 'Yy9pYScf8', 'I700776739'),
('RebekahScuse@iiu.edu', 's4s51mCcy', 'I700776962'),
('RebePhillis@iiu.edu', 'xbPfAIRD046', 'I700776779'),
('RedfordGlander@iiu.edu', 'AStGLKJ', 'I700777617'),
('RedfordMarushak@iiu.edu', 'PMpgvQUZaFW2', 'I700777849'),
('ReebaFinlator@iiu.edu', 'mUB6eLefK', 'I700777128'),
('ReedTixall@iiu.edu', 'hHnIoHy', 'I700776541'),
('ReeseScotter@iiu.edu', 'WpPCuoqVmgN9', 'I700778300'),
('ReggiGreensted@iiu.edu', 'zrgZdzRm', 'I700778085'),
('ReggiParsell@iiu.edu', 'jcJKS2PB', 'I700776827'),
('ReggisWhybrow@iiu.edu', 'MODUvgpZQWf', 'I700777301'),
('ReillyYantsev@iiu.edu', 'GtEAqFaUroZ', 'I700776826'),
('RenaldoWoollard@iiu.edu', 'dONAdXGsf5kg', 'I700776886'),
('RenataSummerly@iiu.edu', 'GY94sUXjnk3', 'I700778017'),
('RenatoAstman@iiu.edu', '00CGGy', 'I700777637'),
('ReneDahmke@iiu.edu', 'y0fjdOPGHP', 'I700778310'),
('RenieZimmermeister@iiu.edu', 'b2XyEsjm', 'I700777232'),
('ReuvenGrummitt@iiu.edu', 'MaRn5E2v1', 'I700778079'),
('ReuvenMacPaik@iiu.edu', 'Xihq80ZA', 'I700776928'),
('RhettTreace@iiu.edu', 'zbAqMWo', 'I700778305'),
('RhiannaAllaker@iiu.edu', 'FbDvuloyS', 'I700776730'),
('RhiannaChartre@iiu.edu', 'YXtdu9', 'I700777432'),
('RhodaBellay@iiu.edu', 'ayy7BGZ0g6sq', 'I700778056'),
('RhodiaDeathridge@iiu.edu', 'mM5z4lc0', 'I700776611'),
('RichClawson@iiu.edu', 'p471l9C', 'I700776716'),
('RickardMcKinless@iiu.edu', 'EcxDPjAT', 'I700776621'),
('RickyDanbi@iiu.edu', 'j07mTxWoGgS4', 'I700777016'),
('RikEnefer@iiu.edu', 'MU7QzQzjKPjw', 'I700777762'),
('RikiVentham@iiu.edu', '5lg4HKyVmyuW', 'I700778118'),
('RingElia@iiu.edu', 'l3TCZWUPL', 'I700777852'),
('RipleyMcGaughay@iiu.edu', 'AcwNSug', 'I700776796'),
('RipPyke@iiu.edu', '3ruDnxbJ', 'I700776995'),
('RitchieSerotsky@iiu.edu', 'gKJI2V', 'I700777123'),
('RivaJohnston@iiu.edu', 'k4K9th2L0L', 'I700777587'),
('RoanaDudmesh@iiu.edu', 'FqJyChmysjFO', 'I700778136'),
('RoarkeDunmuir@iiu.edu', '2HwOkyfq', 'I700777632'),
('RoarkeFotitt@iiu.edu', '6cyIj7jc2', 'I700776532'),
('RobbyReppaport@iiu.edu', '4vz0rO', 'I700777561'),
('RobenaShingles@iiu.edu', 'iwBYRGRw0', 'I700777498'),
('RobertaBruckstein@iiu.edu', 'VYmDSysRhWV', 'I700776931'),
('RobinDondon@iiu.edu', 'xbU5NHmY4', 'I700777570'),
('RobinetAshburne@iiu.edu', 'x9uQTwYqc', 'I700777235'),
('RobinetDrinnan@iiu.edu', 'oMr4ZDq', 'I700778105'),
('RobinetGoodliffe@iiu.edu', 'r4wkO0mKe', 'I700776447'),
('RobinettaNation@iiu.edu', 'yCGSWMbwRgx', 'I700777916'),
('RobyLewzey@iiu.edu', 'VxBeYegrN', 'I700776859'),
('RobynFowley@iiu.edu', 'HwpBor', 'I700777045'),
('RobynHoworth@iiu.edu', '26wY7o', 'I700777203'),
('RockeyDelaprelle@iiu.edu', 'Vm3l5D', 'I700778049'),
('RockwellJaouen@iiu.edu', 'OO9Xt1dTfLE6', 'I700777391'),
('RockyFearns@iiu.edu', 'lCkqNTBj', 'I700777073'),
('RoderichCockerton@iiu.edu', 'lpwmTBV', 'I700778291'),
('RodieBendan@iiu.edu', 'REmbE7', 'I700777817'),
('RodMitie@iiu.edu', 'PpZdLqa', 'I700776500'),
('RodolpheRutherfoord@iiu.edu', '4RbDk7v5ZV', 'I700776689'),
('RodRummery@iiu.edu', 'BLR2Akf', 'I700777276'),
('RomaEtchingham@iiu.edu', 'Lr6qBD', 'I700776979'),
('RomondaGerardot@iiu.edu', 'TBbG1Tf9tpA', 'I700777221'),
('RonniDeniset@iiu.edu', 'FktYQl77Xp', 'I700777544'),
('RooseveltGammon@iiu.edu', 'w6rlsiw', 'I700776791'),
('RoraCavey@iiu.edu', 'EusI5IO', 'I700777710'),
('RoryHallahan@iiu.edu', '3pZA7rbp32d', 'I700776468'),
('RosalieBrightie@iiu.edu', 'dXZY99S1ZO', 'I700778296'),
('RosalindaHaydney@iiu.edu', 'x8FePCAZL2', 'I700776644'),
('RosalindaPigney@iiu.edu', 'LMfFctIiD3R', 'I700776854'),
('RosalindaSaunt@iiu.edu', 'j8yr4xFM4', 'I700777566'),
('RosalindeMcCraw@iiu.edu', '9W1TlmbYiY', 'I700776946'),
('RosalindFonso@iiu.edu', 'SJowy3VBQUk', 'I700777855'),
('RosanaCaldecot@iiu.edu', 'uj5VLj', 'I700778277'),
('RoscoeFerier@iiu.edu', 'KnG49L2IZ', 'I700777262'),
('RoscoeMussilli@iiu.edu', 'gsgIzawTwkr', 'I700777940'),
('RoselinPearsall@iiu.edu', 'hN9vkq4', 'I700778227'),
('RoselleEsilmon@iiu.edu', 'wYA5pZvTIdm', 'I700777113'),
('RosemondeBanbrigge@iiu.edu', 'nV55PnUJgOE', 'I700777875'),
('RosemondeEspin@iiu.edu', '94b1qZm', 'I700777350'),
('RoseneBecken@iiu.edu', 'ChXOZubn', 'I700777761'),
('RosinaGrigoletti@iiu.edu', '2qRXR5', 'I700777772'),
('RosmundaCescot@iiu.edu', 'CZKgM5rlTwV', 'I700776765'),
('RossDuchasteau@iiu.edu', 'nkeH2zsN4KWM', 'I700776892'),
('RossieBunkle@iiu.edu', 'zT7b1uwb', 'I700776807'),
('RosStonebanks@iiu.edu', 'bZuHQZGhYYjP', 'I700777230'),
('RowenaGordon@iiu.edu', 'FvZlbYdS', 'I700777401'),
('RoxannaLorait@iiu.edu', 'j81vY0oK0Y', 'I700777525'),
('RoxieArnal@iiu.edu', 'Yh9TqN', 'I700776929'),
('RoxieDawid@iiu.edu', '3CC3uuRIj2Hk', 'I700777359'),
('RoxyOgg@iiu.edu', 'HqQqbHFd6r', 'I700776502'),
('RoyalDjurdjevic@iiu.edu', 'LSNNa7CO0aS', 'I700777209'),
('RozeleVicarey@iiu.edu', 'o21KIt', 'I700777540'),
('RozinaKadwallider@iiu.edu', 'q32vD6YpOmkx', 'I700777456'),
('RriocardDorning@iiu.edu', 'uo1246W1', 'I700778312'),
('RubieBartak@iiu.edu', '5QWp5asBNX', 'I700778286'),
('RubieHuddart@iiu.edu', 'j9FV9Dnrs', 'I700776693'),
('RubinaSnaden@iiu.edu', 'FcsazDf31Up', 'I700777740'),
('RubinBerlin@iiu.edu', 'nO1Ju4', 'I700778053'),
('RubyMatei@iiu.edu', '6zIMsztTp', 'I700777018'),
('RuddSample@iiu.edu', 'APHHb9H7Hy', 'I700777493'),
('RuddyReede@iiu.edu', 'lN6J1sE10Z', 'I700776708'),
('RudolfoTuminelli@iiu.edu', 'vpAuU5cJaZ48', 'I700777302'),
('RudolphMorrid@iiu.edu', 'l4CmMwOZ', 'I700777437'),
('RussellItzkin@iiu.edu', 'Si0MMpRJj', 'I700777714'),
('RustieAgus@iiu.edu', 'cPwaA6I', 'I700777559'),
('RuthannNortham@iiu.edu', 'U0ARpgP5Lq5k', 'I700777980'),
('RuthieDearman@iiu.edu', 'Bbor2t', 'I700777963'),
('RyannMcPhillimey@iiu.edu', '4UqXliWLy9B', 'I700777953'),
('RyannOvernell@iiu.edu', 'U2lyCpu', 'I700778377'),
('RyleyHovee@iiu.edu', 'mgbu4Eh9Tj9S', 'I700778202'),
('RyunCrafts@iiu.edu', 'bZf48CEl', 'I700777955'),
('SabrinaGooderidge@iiu.edu', '9jMZpD', 'I700777402'),
('SachaTivnan@iiu.edu', 'CUr9CbCou3N', 'I700776557'),
('SadieBohden@iiu.edu', 'j1puLTmq', 'I700778203'),
('SaideeBerger@iiu.edu', 'tUxEr7eVz', 'I700776473'),
('SalBlanshard@iiu.edu', 'f7EDOL', 'I700777572'),
('SalemCallar@iiu.edu', '53Ci8jZOVPS', 'I700777921'),
('SalemVelte@iiu.edu', 'FSvQGBKS4iLK', 'I700777197'),
('SalimArnao@iiu.edu', 's1DDv8UH67SX', 'I700776868'),
('SalliLundy@iiu.edu', 'z5FvqWK2', 'I700777870'),
('SammieStancliffe@iiu.edu', 'vJV8Ke4D', 'I700776665'),
('SammyTesimon@iiu.edu', 'pa2ZB2w', 'I700776817'),
('SamueleEllsworthe@iiu.edu', '3xlAmwf', 'I700777927'),
('SamueleMessom@iiu.edu', 'CDMAx4', 'I700777392'),
('SandorQuare@iiu.edu', 'e2lzvi', 'I700776717'),
('SandraDanilovitch@iiu.edu', 'FodnHnaBCF', 'I700776448'),
('SandroHudghton@iiu.edu', 'DZ2puPOv', 'I700777786'),
('SandyeCurling@iiu.edu', '0ebeWKr9c33D', 'I700776651'),
('SansonBartosch@iiu.edu', 'cVrn5Ua', 'I700777316'),
('SarinaStorry@iiu.edu', '6V2l7Q', 'I700777270'),
('SaritaCaesman@iiu.edu', '6jT2B32VJ5t', 'I700776625'),
('SaritaSprason@iiu.edu', 'i0dHoCUg', 'I700776798'),
('SaschaDiehn@iiu.edu', 'Oh6QA1e', 'I700778337'),
('SashenkaBaversor@iiu.edu', 'lunZ6zCvlt7', 'I700776799'),
('SaudraGloyens@iiu.edu', 'RhAYhSsm3q6Y', 'I700776647'),
('SaunderGrisdale@iiu.edu', 'PuDTcxc', 'I700777167'),
('SaunderMalcher@iiu.edu', 'FoYCjLv', 'I700776952'),
('SaundersBeadnell@iiu.edu', 'HvuuW5Fat', 'I700776743'),
('SaundersStowgill@iiu.edu', 'yaHu1a', 'I700777462'),
('SaundraGonet@iiu.edu', 'EyTHe7bcoz', 'I700777926'),
('SawyereAtyeo@iiu.edu', 'HZzRka', 'I700777755'),
('SaxeCollimore@iiu.edu', 'yOXiIkBghM', 'I700776894'),
('SayerWhiteley@iiu.edu', 'BoHR4S', 'I700776559'),
('ScarletCorley@iiu.edu', 'dhkMvkKIOu', 'I700776926'),
('SeamusRubenczyk@iiu.edu', 'LtbtGuYP49v', 'I700776731'),
('SeanaBonafant@iiu.edu', 'SS6DcxAJRSOQ', 'I700777413'),
('SebastianoGaskal@iiu.edu', 'IPxED6Ai', 'I700777223'),
('SelineBallantine@iiu.edu', '6I5rB1v', 'I700777775'),
('SellaIvanishin@iiu.edu', 'UljWZcHs', 'I700778329'),
('SelmaBraben@iiu.edu', '3kOUkZ6ccVRo', 'I700776838'),
('SenaWalewski@iiu.edu', 'UpjNACs', 'I700778030'),
('ShaePrestwich@iiu.edu', 'FfVukk', 'I700778190'),
('ShaineGabites@iiu.edu', '166v8JnjPo', 'I700778394'),
('ShainePepys@iiu.edu', '4E97JVs', 'I700777941'),
('ShalnaDe Biaggi@iiu.edu', '9V0LEN', 'I700777640'),
('ShalnaDobbyn@iiu.edu', 'H6W4Ut8YC', 'I700776688'),
('ShananBocke@iiu.edu', 'uJHQCyhr2Q', 'I700778191'),
('ShanieBrigdale@iiu.edu', 'ChslkuGJB66', 'I700776673'),
('ShannonWaslin@iiu.edu', '4SEUFpcTat', 'I700778195'),
('SharaCocksedge@iiu.edu', 'YLNtaIwSO', 'I700776694'),
('ShariMacGrath@iiu.edu', '7WqdwAY1ojO', 'I700778236'),
('ShaunPetchell@iiu.edu', 'BEl8G4w3DIx', 'I700777247'),
('ShaylahTrundler@iiu.edu', 'aGaWUW20akK', 'I700778187'),
('ShaylynnJeger@iiu.edu', '2cKLrcrW8VAH', 'I700777074'),
('ShaynaKivlin@iiu.edu', 'lgUjdqH', 'I700776548'),
('SheilaGaucher@iiu.edu', 'XASFpS6GSzd', 'I700777986'),
('ShelbiAdam@iiu.edu', 'w5Z7ToiZEe', 'I700777214'),
('SheliaDemko@iiu.edu', 'zSvcPD9L', 'I700776431'),
('ShellDykas@iiu.edu', 'ZjLmM8E', 'I700777440'),
('ShelliFarherty@iiu.edu', '04U5cQyhBnTu', 'I700776498'),
('SheriGlowacki@iiu.edu', 'sKdGr8Y', 'I700777191'),
('SherlockeGianneschi@iiu.edu', '7ZdBASWHIgSJ', 'I700777427'),
('ShermieBoak@iiu.edu', 'Akv4B6Ab', 'I700777118'),
('ShermyAndrejevic@iiu.edu', 'CDEjhYQ1cFAE', 'I700777726'),
('SherryTierny@iiu.edu', 'rsyw2LrOtz', 'I700776891'),
('SherwinSewall@iiu.edu', '1wk3NgW', 'I700778385'),
('SherwoodChaters@iiu.edu', 'Y5zQNrWslDu', 'I700776674'),
('ShirleySirr@iiu.edu', 'ud9ttHmk', 'I700778037'),
('SiannaEngeham@iiu.edu', 'LxXCAkBYW', 'I700777379'),
('SibDaviddi@iiu.edu', 'xGVwpG', 'I700776631'),
('SibellaHeisham@iiu.edu', 'CJvBxi', 'I700777368'),
('SibelPallent@iiu.edu', 'VjBelB2vv', 'I700777564'),
('SibyllaKhomich@iiu.edu', 'ECRShDCLUEm', 'I700776620'),
('SidneeRakes@iiu.edu', 'uSsQL2Lt', 'I700777622'),
('SidneyWalklot@iiu.edu', 'ZW3iyQZ', 'I700777968'),
('SidoniaMacBean@iiu.edu', 'QEGngZyi5XK', 'I700778010'),
('SigismondRobbert@iiu.edu', 'jmeGaf', 'I700776740'),
('SigismondVentura@iiu.edu', 'a9Q5GfR9j', 'I700776652'),
('SileasMilmo@iiu.edu', 'FTNJtwMB', 'I700776923'),
('SimeonScole@iiu.edu', 'U0PJUEAeFfl', 'I700776407'),
('SimonaGurnett@iiu.edu', 'EISxeTq', 'I700777804'),
('SimoneDoumenc@iiu.edu', 'NfCiQ7', 'I700777652'),
('SimonKayes@iiu.edu', 'T9DMlMJwCR', 'I700776912'),
('SinclareCottrell@iiu.edu', '9LKJ8S89Dux', 'I700778246'),
('SinclareGollop@iiu.edu', 'LALDy9', 'I700777007'),
('SiouxShovlin@iiu.edu', 'Q2K3Zej3ZMiM', 'I700776474'),
('SissieEschalette@iiu.edu', 'PGH8okgk1', 'I700778005'),
('SkipLecordier@iiu.edu', 'aBQerU2DeIin', 'I700778279'),
('SmittyElger@iiu.edu', 'XSS0G9BS', 'I700776950'),
('SofiaWidd@iiu.edu', 'jCaTzxaWYhPY', 'I700778094'),
('SolomonForkan@iiu.edu', 'CWRFIY', 'I700777260'),
('SophiaWillingale@iiu.edu', '5V3P2I', 'I700777419'),
('SophroniaDumphries@iiu.edu', 'J3uUBnG8X', 'I700777210'),
('SpenseShafier@iiu.edu', '46Son0owPPz', 'I700778092'),
('StaffardHeineking@iiu.edu', 'u927xG6Osc', 'I700776437'),
('StaffardHoonahan@iiu.edu', 'BZb2DrT9', 'I700777592'),
('StanDorkin@iiu.edu', 'dmvzzm', 'I700776884'),
('StanfieldDeuss@iiu.edu', 'vQHFymXTyK', 'I700776565'),
('StarDivine@iiu.edu', 'y1V4fhi0yrF', 'I700776507'),
('StarleneCrust@iiu.edu', 'dKiEd6Wk5Qm', 'I700777903'),
('StefaniaGrigaut@iiu.edu', 'F9Z74dm', 'I700778026'),
('StefaniaSwepson@iiu.edu', 'nYohGqL1', 'I700777155'),
('StefanieElphinstone@iiu.edu', 'ecxKM7gMT', 'I700776813'),
('StephanaDoxsey@iiu.edu', 'ZmUF32VgBTc', 'I700776737'),
('StephanieHorrigan@iiu.edu', 'giP8LGIxYQ', 'I700777929'),
('StephanusGoodwin@iiu.edu', 'MlVMHCCNbcx3', 'I700776442'),
('SteveChampney@iiu.edu', 'pFUDz8x', 'I700778032'),
('StevenKindley@iiu.edu', 'G8SgS6si', 'I700777749'),
('StevyPauluzzi@iiu.edu', '33DFSJUrPTW', 'I700777147'),
('StillmannVenditti@iiu.edu', 'mvOty4wy', 'I700777600'),
('StormieDe Rye Barrett@iiu.edu', 'qHIkPdUwl', 'I700776699'),
('SuellenCallaghan@iiu.edu', 'hHK2VVH86aVd', 'I700777624'),
('SuellenPenman@iiu.edu', 'gzo8gGyk7NB', 'I700777724'),
('SullyClementucci@iiu.edu', 'nI5AQlwFVtb', 'I700777072'),
('SullyFenna@iiu.edu', 'HZsAxSRvf', 'I700777227'),
('SumnerLeall@iiu.edu', 'Ad6fl0fR', 'I700776821'),
('SunshineHuish@iiu.edu', 'aBILgKvQ', 'I700776750'),
('SusiLanegran@iiu.edu', 'KaIJWbuumpQI', 'I700777477'),
('SusiLeroux@iiu.edu', 'MAztnRQXV', 'I700777314'),
('SuzanneCominoli@iiu.edu', '4zqTMDVADnHi', 'I700777920'),
('SuzannRudgard@iiu.edu', 'P4Vy7bhH', 'I700776700'),
('SybilaPunton@iiu.edu', 't5F3jNO', 'I700778039'),
('TabbiEversfield@iiu.edu', 'dxWLLCn', 'I700776489'),
('TabbithaScneider@iiu.edu', 'dIBSa2iL', 'I700776443'),
('TabbyOlivier@iiu.edu', 'iVX8RIU4Wvb', 'I700776512'),
('TabithaDuddin@iiu.edu', 'enTcJD', 'I700777552'),
('TaddeuszBeglin@iiu.edu', 'nt0ev7X', 'I700776545'),
('TaddIorizzi@iiu.edu', 'rQ1lFEgagz1M', 'I700777452'),
('TaiteStansall@iiu.edu', '1DyvuZ31IY', 'I700776633'),
('TalbertMcGannon@iiu.edu', '6c5NRZj6', 'I700777284'),
('TallyManis@iiu.edu', 'ZRVWq4u', 'I700777933'),
('TamarraDonohoe@iiu.edu', 'q5LN06I86jkw', 'I700776806'),
('TammaBirkenshaw@iiu.edu', '2l9yMTRDI', 'I700776875'),
('TammaraBalling@iiu.edu', '2GrDHkaSK3', 'I700776755'),
('TamRichold@iiu.edu', '2ddH9d6tsDu', 'I700776723'),
('TandiEykelhof@iiu.edu', 's6whf70r', 'I700777823'),
('TanitansyChazette@iiu.edu', 'suV8bNKp', 'I700778222'),
('TanSudran@iiu.edu', 'yTMEZU0btD', 'I700778340'),
('TansyBicksteth@iiu.edu', 'TmFWPhDnk', 'I700777713'),
('TanyaBroe@iiu.edu', 'SXcq5XWE7', 'I700776757'),
('TarrahWilber@iiu.edu', 'nlJMjU7O', 'I700778276'),
('TarranceToohey@iiu.edu', 'N3RAuCc8Bka', 'I700776885'),
('TasiaRenols@iiu.edu', 'wH3F9NntNl', 'I700777599'),
('TedBellham@iiu.edu', '49Bsmq8VOR', 'I700777182'),
('TeddySammons@iiu.edu', 'PH6XJZOnt', 'I700778140'),
('TeenaDrackford@iiu.edu', 'oL7l2lwSR9h', 'I700777008'),
('TempleTrolley@iiu.edu', '2xouQD8hho', 'I700776454'),
('TeodoraShuttlewood@iiu.edu', 'elwLj4szot', 'I700776426'),
('TeraCrehan@iiu.edu', 'YtBUbX', 'I700777872'),
('TerencioSnarr@iiu.edu', '6Y6qRCHAjb', 'I700777134'),
('TerencioWigan@iiu.edu', 'ep9Zm3', 'I700777004'),
('TerrelVarey@iiu.edu', 'ngwMupN', 'I700778109'),
('Terri-joNewns@iiu.edu', 'KyIXg8', 'I700777033'),
('Terri-joSainteau@iiu.edu', 'T0zACC4W', 'I700776881'),
('ThaneMounsie@iiu.edu', '97mdou', 'I700777492'),
('ThatchDunnet@iiu.edu', 'nOrr7qeWj2', 'I700777373'),
('ThatcherLamasna@iiu.edu', '51b0mZ', 'I700777039'),
('TheodoraRosie@iiu.edu', 'I6PXx00DF', 'I700778315'),
('TheressaGeater@iiu.edu', 'Zg2Zq2Al', 'I700776434'),
('ThibautHarbinson@iiu.edu', '0ewNBv6QXv6M', 'I700777514'),
('ThorndikeCoode@iiu.edu', 'qddoOY6V0Jrc', 'I700778081'),
('ThornieShevels@iiu.edu', 'qWVNHFJ8LMV', 'I700777826'),
('ThornyPinnock@iiu.edu', 'U2hZVvO4Uw', 'I700777362'),
('TiffaniGrenkov@iiu.edu', 'e9JnEeFTlM', 'I700778188'),
('TiffiFlintiff@iiu.edu', 'Ixa2b90pjfl', 'I700777851'),
('TildiLillow@iiu.edu', 'r8d1Mmshk0AA', 'I700776456'),
('TillieDavidovich@iiu.edu', 'nklcuygt1c6f', 'I700776720'),
('TimBilfoot@iiu.edu', 'oF8fJ4JV', 'I700778095'),
('TimRawe@iiu.edu', '5SnweDU', 'I700776992'),
('TishaMcLelland@iiu.edu', '2JnKoinBCNek', 'I700777729'),
('TobePearcy@iiu.edu', 'gOQ3Yt9bs5', 'I700776935'),
('TobiasAntonich@iiu.edu', 'TlKomGmW', 'I700777294'),
('TobinBold@iiu.edu', 'k83Cr9iBV', 'I700777327'),
('TobinFoy@iiu.edu', 'Rr3dh1WCI', 'I700777889'),
('ToddJuleff@iiu.edu', 'iZV4uH2pSBQ', 'I700776773'),
('TodMacGillivrie@iiu.edu', 'kPB9FdN5TM', 'I700777411'),
('TomBampkin@iiu.edu', 'RPJN7pZ0', 'I700776784'),
('TomGurnee@iiu.edu', 'Bx9dnKz', 'I700777628'),
('TommyTace@iiu.edu', 'zXYg4HLf', 'I700776416'),
('TomWyson@iiu.edu', '6SGJLih0y', 'I700778201'),
('ToniaMalt@iiu.edu', 'fD6BPz', 'I700778060'),
('TonyaCabrara@iiu.edu', 'rDTbfB', 'I700776424'),
('TonyWagner@iiu.edu', 'WPRXHN', 'I700778219'),
('TorranceBeecheno@iiu.edu', 'BYI6Fcg', 'I700778392'),
('TorrinBeumant@iiu.edu', 'zvMnM9c', 'I700777047'),
('TovaMarsay@iiu.edu', 'hNHOSTvkmT', 'I700776590'),
('TovaPiesold@iiu.edu', 'gNa8Q6h0t', 'I700778154'),
('TowneyAndrieux@iiu.edu', 'xv6pkDDvL10', 'I700777220'),
('TownsendFirmage@iiu.edu', 'H5a39ooY', 'I700777258'),
('TracySturton@iiu.edu', '99lman', 'I700776735'),
('TresaBartel@iiu.edu', 'q7W1AamjQ', 'I700776803'),
('TresaConboy@iiu.edu', 'ox4oM5', 'I700777723'),
('TrevLeatherborrow@iiu.edu', 'eAahkbt', 'I700777536'),
('TreyAndover@iiu.edu', 'I5paRT', 'I700776864'),
('TreyMcKenna@iiu.edu', 'rxrheePQD', 'I700776842'),
('TristaKneafsey@iiu.edu', 'RyEM8MA7M', 'I700778084'),
('TristanChanders@iiu.edu', 'l4trd6gWWG', 'I700777815'),
('TristaOrrobin@iiu.edu', '3osop2j', 'I700778311'),
('TrudySchwier@iiu.edu', 'S9EED3QRjr1', 'I700777272'),
('TrulaEuels@iiu.edu', 'ExOEPw6nC', 'I700778157'),
('TrulaLasseter@iiu.edu', 'Wdf2gi', 'I700778126'),
('TrumannGrayling@iiu.edu', 'kmbL4t', 'I700777317'),
('TuckLoton@iiu.edu', 'z2a4Hhohfvca', 'I700776897'),
('TuesdaySeneschal@iiu.edu', '26wEBXr', 'I700776564'),
('TuesdayYoskowitz@iiu.edu', '2Pkb0MV', 'I700777453'),
('TulleyHamblington@iiu.edu', '8iQr7VhwBbF', 'I700777560'),
('TurnerNye@iiu.edu', 'DxmDrx', 'I700778152'),
('TurnerRowlings@iiu.edu', 'WVAADy3wmEL', 'I700778075'),
('TybaltSmissen@iiu.edu', 'VpzWeNo3bU', 'I700777349'),
('TybieFlageul@iiu.edu', '7AYXMIZ', 'I700777331'),
('TyeKeelin@iiu.edu', 'bYICl015i', 'I700777139'),
('TylerJeays@iiu.edu', 'RbzIvsBYZh', 'I700777346'),
('TylerSoots@iiu.edu', 'j2HBycth', 'I700776759'),
('TyLoade@iiu.edu', 'oENi7YIpG', 'I700776797'),
('TymothyCollingwood@iiu.edu', 'GBF61hjEqn', 'I700778298'),
('TysonYantsev@iiu.edu', 'PlRoT5WL', 'I700777480'),
('UllaPadden@iiu.edu', 'IrfMRpD', 'I700778270'),
('UlricaPounsett@iiu.edu', 'stnsEX', 'I700777061'),
('UlrichBlemings@iiu.edu', 'umWytp91', 'I700777400'),
('UlricKondrachenko@iiu.edu', 'PBWlXJP', 'I700777662'),
('UlrikeStiven@iiu.edu', 'IW0yzKEvp', 'I700778015'),
('UnaIngerfield@iiu.edu', '8kle9C6Azt', 'I700778346'),
('UrbanusRadage@iiu.edu', 'sXtqZTC', 'I700777096'),
('ValdemarByway@iiu.edu', 'R4HlaMV', 'I700777099'),
('ValdemarGreatbank@iiu.edu', '95cxx3Ms', 'I700778117'),
('ValenciaDefrain@iiu.edu', 'wY3mJZxAIkBu', 'I700778110'),
('ValenciaYedy@iiu.edu', 'iHz915IyZ', 'I700776805'),
('ValeneEddicott@iiu.edu', 'Sk2VM1F', 'I700776713'),
('ValentineFareweather@iiu.edu', 'X7kHse7tE', 'I700777059'),
('ValeraDingivan@iiu.edu', 'FVvRrjaJPz', 'I700777833'),
('ValeraDunne@iiu.edu', 'V64AhlRtRB', 'I700777255'),
('ValeTann@iiu.edu', '22tZbJxP', 'I700778119'),
('ValLauritsen@iiu.edu', 'NlzgMv', 'I700777344'),
('VallieVarden@iiu.edu', 'pcIkm8v', 'I700778088'),
('ValryFootitt@iiu.edu', 'faUViDqy5Ez', 'I700777972'),
('VandaMendel@iiu.edu', 'RejsNl', 'I700778153'),
('VaniaDibbe@iiu.edu', 'Tc0PWjeJK', 'I700777834'),
('VannaAbela@iiu.edu', 'hZSlLa8', 'I700777644'),
('VannyWoolerton@iiu.edu', '7SiUNLWZ3', 'I700776860'),
('VanYellop@iiu.edu', 'QykZlG', 'I700777488'),
('VasilisBernadot@iiu.edu', '4TuOFHpACpph', 'I700777752'),
('VedaMcEnteggart@iiu.edu', 'v1jmlLi', 'I700777224'),
('VeradisPiatkow@iiu.edu', 'rQfQIhK', 'I700777522'),
('VergeWortley@iiu.edu', 'BV4sX8advh', 'I700777313'),
('VergilDeval@iiu.edu', 'HJWsickTg0B', 'I700778328'),
('VergilFarrier@iiu.edu', 'C6bG07n5nDBl', 'I700776763'),
('VerieeFanthome@iiu.edu', 'q0f6uUmwQx', 'I700776594'),
('VerinaPiaggia@iiu.edu', 'GMu85ut', 'I700777108'),
('VernaGraeme@iiu.edu', 'Ha2E35t1t76', 'I700777581'),
('VerneyPiper@iiu.edu', 'hw571c', 'I700777567'),
('VernonKybbye@iiu.edu', 'abC6cL', 'I700777543'),
('VeronicaEnocksson@iiu.edu', 'uE7Tnmd1lfT', 'I700776446'),
('VevayBarca@iiu.edu', 'VkK3Z2', 'I700777510'),
('VicDamarell@iiu.edu', 'D1bvLap5vKGK', 'I700778028'),
('VicSzachniewicz@iiu.edu', 'DBBUezCuI0aO', 'I700778348'),
('VidovikMicklewright@iiu.edu', 'ksNJHkPw', 'I700778351'),
('VincenzKopelman@iiu.edu', 'IBY7g5tiS', 'I700778211'),
('VincenzPlowes@iiu.edu', '4EVfFAWC', 'I700777356'),
('VinsonPaulsson@iiu.edu', 'B7CoQj', 'I700777970'),
('VinValance@iiu.edu', '4NwLKJbx', 'I700776536'),
('VirgieViall@iiu.edu', 'hmFQIdK', 'I700776506'),
('VivDuffree@iiu.edu', 'cIjnoXxDyD', 'I700777444'),
('VivianaSlatter@iiu.edu', 'HNkK6sU9E', 'I700776978'),
('ViviannaEseler@iiu.edu', 'VZ3oQ7V', 'I700777773'),
('ViviDe Domenici@iiu.edu', 'yPg6cuaIo', 'I700777718'),
('VivyannePattlel@iiu.edu', 'I9nq5jkJt3y', 'I700776657'),
('VladWeed@iiu.edu', 'RQJvlSD', 'I700777565'),
('VonnieHampshaw@iiu.edu', 'pphSJOtBamJI', 'I700777571'),
('VonnyGermann@iiu.edu', 'I0pBnrS', 'I700776853'),
('VykyAilward@iiu.edu', 'EHd1fRhH', 'I700777300');
INSERT INTO `user_login` (`Email`, `Password`, `UserID`) VALUES
('VykyHagley@iiu.edu', '2oEwFPZ4h8', 'I700777841'),
('WadsworthNicholson@iiu.edu', '4lOuFf', 'I700776411'),
('WaldenSkeggs@iiu.edu', 'uXXi0i0B', 'I700778284'),
('WaldoBurness@iiu.edu', 'cSRhYC', 'I700777087'),
('WaldoBurris@iiu.edu', 'fewtfM4', 'I700777000'),
('WaldoKittel@iiu.edu', '983NUZBC', 'I700778325'),
('WallieZaczek@iiu.edu', 'H1Hf1vH', 'I700776855'),
('WaltKilday@iiu.edu', '7T4fMSb1Os3', 'I700776567'),
('WandiePolon@iiu.edu', 'mQRXTfd', 'I700776432'),
('WaringFilippov@iiu.edu', 'MwrzDin', 'I700777634'),
('WarrenTredget@iiu.edu', 'kyPuRtMgDzZL', 'I700777633'),
('WaverlyTollet@iiu.edu', 'WXRPaxpBYD', 'I700777831'),
('WayneGarza@iiu.edu', 'PEgfRB4', 'I700778120'),
('WebbDavidy@iiu.edu', 'IlnsFxJL0p', 'I700777117'),
('WebbDies@iiu.edu', 'nRsx5WwRv', 'I700777279'),
('WeidarVelareal@iiu.edu', 'mrGolez', 'I700777712'),
('WelchSheriff@iiu.edu', 'oaG5dC', 'I700776583'),
('WendieLamping@iiu.edu', 'qy2Snnrxpdg', 'I700776640'),
('Wendyvon Hagt@iiu.edu', 'Op48kmNd4OR', 'I700777069'),
('WernherTrouel@iiu.edu', 'FABC4Xr', 'I700776609'),
('WhitbyMacNeill@iiu.edu', '53ofVg', 'I700776852'),
('WhitmanKilminster@iiu.edu', 'RHHNoAx', 'I700777711'),
('WhittakerDagless@iiu.edu', '8gdovNKE', 'I700777361'),
('WilbertAldcorn@iiu.edu', 'T2cU6mQcRJS', 'I700777603'),
('WilbertBlyde@iiu.edu', '77coNRULNfQ5', 'I700778058'),
('WilburTwells@iiu.edu', 'EabPxPej58', 'I700776444'),
('WileenKingsford@iiu.edu', '6OakOKL', 'I700777827'),
('WilekIvanuschka@iiu.edu', 'FEFumDDewQI', 'I700778245'),
('WilfredDugald@iiu.edu', 'qBixsNLJMwTj', 'I700776529'),
('WilhelminaFiorentino@iiu.edu', 'bWEIdw', 'I700776493'),
('WillaminaLerner@iiu.edu', 'LNgk1H', 'I700777266'),
('WilldonBranwhite@iiu.edu', 'W60f76ZiWfs', 'I700777967'),
('WilliamChippendale@iiu.edu', 'sNEckga3keM9', 'I700778196'),
('WilliStephen@iiu.edu', 'wGQ11S', 'I700777747'),
('WillowAntognelli@iiu.edu', '1NhurP', 'I700776822'),
('WillowMose@iiu.edu', 'FT9k5uvqDoj', 'I700777309'),
('WillyHarg@iiu.edu', 'ov2vleY', 'I700777733'),
('WilonaO\'Shavlan@iiu.edu', '5ZjEfo6A1', 'I700777800'),
('WilowLawleff@iiu.edu', 'zvgziJB4', 'I700777879'),
('WinDeppe@iiu.edu', 'JMcDBvntK0I', 'I700776522'),
('WinnyOakshott@iiu.edu', 'HaAIrhIh', 'I700778077'),
('WinonahWigginton@iiu.edu', 'RMXxfW0P219', 'I700777460'),
('WitGambles@iiu.edu', '7vOgYijc5o', 'I700777790'),
('WoodGostage@iiu.edu', 'iXHVigPeIr', 'I700777992'),
('WoodyServant@iiu.edu', 'J1Ko1QHc58', 'I700776726'),
('WylmaCrotch@iiu.edu', 'ro5Snwcc', 'I700778122'),
('WylmaHelix@iiu.edu', 'O4pggzl', 'I700778304'),
('WyndhamThornthwaite@iiu.edu', 'OQSw691vjcie', 'I700778036'),
('WyndhamTonepohl@iiu.edu', 'xz8cRySERKq', 'I700776940'),
('WynneClarycott@iiu.edu', 'UilcPh7F', 'I700778116'),
('WynnTrolley@iiu.edu', 'AJhcyi29kWk', 'I700777719'),
('XavierGodly@iiu.edu', 'powzlk5', 'I700777252'),
('XenaGravey@iiu.edu', 'z19eNgXMYA', 'I700776546'),
('XenaMacShane@iiu.edu', 'bP6VPKGWsj', 'I700777124'),
('YaleMatejic@iiu.edu', 'GG7jp4n', 'I700777332'),
('YardleyRearden@iiu.edu', 'muchDsb', 'I700777645'),
('YardTansey@iiu.edu', 'AXjAbOFsaL', 'I700776677'),
('YehuditFludgate@iiu.edu', 'Z1IGIYvHDdU', 'I700778356'),
('YettySiene@iiu.edu', '9o3A1gKfrEJm', 'I700778382'),
('YnesEberdt@iiu.edu', 'AuIV4ieDG69', 'I700777248'),
('YolandeCoopland@iiu.edu', 'YY4KEuagvZe', 'I700778103'),
('YolaneCoppeard@iiu.edu', '1WkmyA0qwlG', 'I700778207'),
('YorgoLamplugh@iiu.edu', 'qUEoDgFYEKFp', 'I700778343'),
('YorgosFarland@iiu.edu', 'Xhl8a4m2kIBm', 'I700777326'),
('YorkMcKaile@iiu.edu', 'YtzDXSULca', 'I700778022'),
('YovonndaZemler@iiu.edu', 'v1hbWiBw', 'I700777616'),
('YulWiddicombe@iiu.edu', 'e7Z0awchUT', 'I700778162'),
('YurikGadney@iiu.edu', 'EAli5XKP', 'I700777890'),
('YvorMilmith@iiu.edu', 'GZ64jWblv9k', 'I700777089'),
('ZackariahMacCorley@iiu.edu', 'bDU0G8oTls3W', 'I700777424'),
('ZackariahRowbottom@iiu.edu', '04nqlXbBvX4', 'I700777376'),
('ZackRominov@iiu.edu', 'FIASw3Az5n', 'I700777163'),
('ZaharaPencost@iiu.edu', 'VKTxEYOW', 'I700777040'),
('ZaraDenisard@iiu.edu', 'OAaMz6J2M', 'I700776430'),
('ZebadiahNewcomb@iiu.edu', '0lBK2iyPWfoO', 'I700777619'),
('ZeligMcLeod@iiu.edu', 'pbjrZ88t', 'I700776470'),
('ZenaBradley@iiu.edu', 'g0CkgLtfYUZ', 'I700777035'),
('ZolaBurchfield@iiu.edu', 'UnxKLzQcKeKb', 'I700778397'),
('ZolaChown@iiu.edu', 'vfx9TK7bHb9t', 'I700777472'),
('ZollieMacAulay@iiu.edu', '4q3iv4cIXX', 'I700776719'),
('ZoranaTall@iiu.edu', 'J8j7zqO', 'I700777607'),
('Zsa zsaO\'Fearguise@iiu.edu', 'jS1AC8w', 'I700778160'),
('ZsazsaDelepine@iiu.edu', 'Gz5vihg3b', 'I700776746');

--
-- Indexes for dumped tables
--

--
-- Indexes for table `attendence`
--
ALTER TABLE `attendence`
  ADD PRIMARY KEY (`StudentID`,`CRN`),
  ADD KEY `CRN` (`CRN`);

--
-- Indexes for table `building`
--
ALTER TABLE `building`
  ADD PRIMARY KEY (`BuildingID`);

--
-- Indexes for table `class`
--
ALTER TABLE `class`
  ADD PRIMARY KEY (`CRN`),
  ADD KEY `RoomID` (`RoomID`),
  ADD KEY `SemesterID` (`SemesterID`),
  ADD KEY `TimeslotID` (`TimeslotID`),
  ADD KEY `CourseID` (`CourseID`);

--
-- Indexes for table `courses`
--
ALTER TABLE `courses`
  ADD PRIMARY KEY (`CourseID`),
  ADD KEY `DeptID` (`DeptID`);

--
-- Indexes for table `day`
--
ALTER TABLE `day`
  ADD PRIMARY KEY (`Day`);

--
-- Indexes for table `department`
--
ALTER TABLE `department`
  ADD PRIMARY KEY (`DeptID`),
  ADD KEY `RoomID` (`RoomID`);

--
-- Indexes for table `enrollment`
--
ALTER TABLE `enrollment`
  ADD PRIMARY KEY (`StudentID`,`CRN`),
  ADD KEY `CRN` (`CRN`);

--
-- Indexes for table `faculty`
--
ALTER TABLE `faculty`
  ADD KEY `FacultyID` (`FacultyID`),
  ADD KEY `DeptID` (`DeptID`);

--
-- Indexes for table `faculty_fulltime`
--
ALTER TABLE `faculty_fulltime`
  ADD PRIMARY KEY (`FacultyID`);

--
-- Indexes for table `faculty_parttime`
--
ALTER TABLE `faculty_parttime`
  ADD KEY `FacultyID` (`FacultyID`);

--
-- Indexes for table `graduate_fulltime`
--
ALTER TABLE `graduate_fulltime`
  ADD PRIMARY KEY (`StudentID`);

--
-- Indexes for table `graduate_parttime`
--
ALTER TABLE `graduate_parttime`
  ADD PRIMARY KEY (`StudentID`);

--
-- Indexes for table `graduate_student`
--
ALTER TABLE `graduate_student`
  ADD PRIMARY KEY (`StudentID`);

--
-- Indexes for table `hold`
--
ALTER TABLE `hold`
  ADD PRIMARY KEY (`HoldID`);

--
-- Indexes for table `lab`
--
ALTER TABLE `lab`
  ADD PRIMARY KEY (`LabID`);

--
-- Indexes for table `lecturehall`
--
ALTER TABLE `lecturehall`
  ADD PRIMARY KEY (`AudID`);

--
-- Indexes for table `major`
--
ALTER TABLE `major`
  ADD PRIMARY KEY (`MajorID`),
  ADD KEY `DeptID` (`DeptID`);

--
-- Indexes for table `major_req`
--
ALTER TABLE `major_req`
  ADD PRIMARY KEY (`id`),
  ADD KEY `CourseID` (`CourseID`),
  ADD KEY `MajorID` (`MajorID`);

--
-- Indexes for table `minor`
--
ALTER TABLE `minor`
  ADD PRIMARY KEY (`MinorID`),
  ADD KEY `DeptID` (`DeptID`);

--
-- Indexes for table `minor_req`
--
ALTER TABLE `minor_req`
  ADD PRIMARY KEY (`id`),
  ADD KEY `CourseID` (`CourseID`),
  ADD KEY `MinorID` (`MinorID`);

--
-- Indexes for table `office`
--
ALTER TABLE `office`
  ADD PRIMARY KEY (`OfficeID`);

--
-- Indexes for table `period`
--
ALTER TABLE `period`
  ADD PRIMARY KEY (`PeriodID`);

--
-- Indexes for table `prerequsite`
--
ALTER TABLE `prerequsite`
  ADD KEY `PreReqID` (`PreReqID`),
  ADD KEY `CourseID` (`CourseID`);

--
-- Indexes for table `profhistory`
--
ALTER TABLE `profhistory`
  ADD PRIMARY KEY (`FacultID`,`CRN`,`SemesterID`),
  ADD KEY `CRN` (`CRN`),
  ADD KEY `SemesterID` (`SemesterID`);

--
-- Indexes for table `room`
--
ALTER TABLE `room`
  ADD PRIMARY KEY (`RoomID`),
  ADD KEY `BuildingPrefix` (`BuildingPrefix`);

--
-- Indexes for table `semesteryear`
--
ALTER TABLE `semesteryear`
  ADD PRIMARY KEY (`YearID`);

--
-- Indexes for table `student`
--
ALTER TABLE `student`
  ADD PRIMARY KEY (`StudentID`);

--
-- Indexes for table `studenthistory`
--
ALTER TABLE `studenthistory`
  ADD PRIMARY KEY (`StudentID`) USING BTREE,
  ADD KEY `CRN` (`CRN`),
  ADD KEY `SemesterID` (`SemesterID`);

--
-- Indexes for table `studentmajor`
--
ALTER TABLE `studentmajor`
  ADD KEY `StudentID` (`StudentID`),
  ADD KEY `MajorID` (`MajorID`);

--
-- Indexes for table `studentminor`
--
ALTER TABLE `studentminor`
  ADD KEY `StudentID` (`StudentID`),
  ADD KEY `MinorID` (`MinorID`);

--
-- Indexes for table `student_hold`
--
ALTER TABLE `student_hold`
  ADD PRIMARY KEY (`StudentID`,`HoldID`),
  ADD KEY `HoldID` (`HoldID`);

--
-- Indexes for table `timeslot`
--
ALTER TABLE `timeslot`
  ADD PRIMARY KEY (`TimeSlotID`);

--
-- Indexes for table `undergraduate_fulltime`
--
ALTER TABLE `undergraduate_fulltime`
  ADD PRIMARY KEY (`StudentID`);

--
-- Indexes for table `undergraduate_parttime`
--
ALTER TABLE `undergraduate_parttime`
  ADD PRIMARY KEY (`StudentID`);

--
-- Indexes for table `undergraduate_student`
--
ALTER TABLE `undergraduate_student`
  ADD PRIMARY KEY (`StudentID`);

--
-- Indexes for table `users`
--
ALTER TABLE `users`
  ADD PRIMARY KEY (`UserID`);

--
-- Indexes for table `user_login`
--
ALTER TABLE `user_login`
  ADD PRIMARY KEY (`Email`),
  ADD KEY `UserID` (`UserID`);

--
-- AUTO_INCREMENT for dumped tables
--

--
-- AUTO_INCREMENT for table `major_req`
--
ALTER TABLE `major_req`
  MODIFY `id` int(100) NOT NULL AUTO_INCREMENT, AUTO_INCREMENT=5;

--
-- AUTO_INCREMENT for table `minor_req`
--
ALTER TABLE `minor_req`
  MODIFY `id` int(100) NOT NULL AUTO_INCREMENT, AUTO_INCREMENT=3;

--
-- Constraints for dumped tables
--

--
-- Constraints for table `attendence`
--
ALTER TABLE `attendence`
  ADD CONSTRAINT `attendence_ibfk_1` FOREIGN KEY (`StudentID`) REFERENCES `enrollment` (`StudentID`),
  ADD CONSTRAINT `attendence_ibfk_2` FOREIGN KEY (`CRN`) REFERENCES `class` (`CRN`);

--
-- Constraints for table `class`
--
ALTER TABLE `class`
  ADD CONSTRAINT `class_ibfk_1` FOREIGN KEY (`RoomID`) REFERENCES `room` (`RoomID`),
  ADD CONSTRAINT `class_ibfk_2` FOREIGN KEY (`SemesterID`) REFERENCES `semesteryear` (`YearID`),
  ADD CONSTRAINT `class_ibfk_3` FOREIGN KEY (`TimeslotID`) REFERENCES `timeslot` (`TimeSlotID`),
  ADD CONSTRAINT `class_ibfk_4` FOREIGN KEY (`CourseID`) REFERENCES `courses` (`CourseID`);

--
-- Constraints for table `courses`
--
ALTER TABLE `courses`
  ADD CONSTRAINT `courses_ibfk_1` FOREIGN KEY (`DeptID`) REFERENCES `department` (`DeptID`);

--
-- Constraints for table `department`
--
ALTER TABLE `department`
  ADD CONSTRAINT `department_ibfk_1` FOREIGN KEY (`RoomID`) REFERENCES `office` (`OfficeID`);

--
-- Constraints for table `enrollment`
--
ALTER TABLE `enrollment`
  ADD CONSTRAINT `enrollment_ibfk_1` FOREIGN KEY (`StudentID`) REFERENCES `student` (`StudentID`),
  ADD CONSTRAINT `enrollment_ibfk_2` FOREIGN KEY (`CRN`) REFERENCES `class` (`CRN`);

--
-- Constraints for table `faculty`
--
ALTER TABLE `faculty`
  ADD CONSTRAINT `faculty_ibfk_1` FOREIGN KEY (`FacultyID`) REFERENCES `users` (`UserID`),
  ADD CONSTRAINT `faculty_ibfk_2` FOREIGN KEY (`DeptID`) REFERENCES `department` (`DeptID`);

--
-- Constraints for table `faculty_fulltime`
--
ALTER TABLE `faculty_fulltime`
  ADD CONSTRAINT `faculty_fulltime_ibfk_1` FOREIGN KEY (`FacultyID`) REFERENCES `faculty` (`FacultyID`);

--
-- Constraints for table `faculty_parttime`
--
ALTER TABLE `faculty_parttime`
  ADD CONSTRAINT `faculty_parttime_ibfk_1` FOREIGN KEY (`FacultyID`) REFERENCES `faculty` (`FacultyID`);

--
-- Constraints for table `graduate_fulltime`
--
ALTER TABLE `graduate_fulltime`
  ADD CONSTRAINT `graduate_fulltime_ibfk_1` FOREIGN KEY (`StudentID`) REFERENCES `graduate_student` (`StudentID`);

--
-- Constraints for table `graduate_parttime`
--
ALTER TABLE `graduate_parttime`
  ADD CONSTRAINT `graduate_parttime_ibfk_1` FOREIGN KEY (`StudentID`) REFERENCES `graduate_student` (`StudentID`);

--
-- Constraints for table `graduate_student`
--
ALTER TABLE `graduate_student`
  ADD CONSTRAINT `graduate_student_ibfk_1` FOREIGN KEY (`StudentID`) REFERENCES `student` (`StudentID`);

--
-- Constraints for table `lab`
--
ALTER TABLE `lab`
  ADD CONSTRAINT `lab_ibfk_1` FOREIGN KEY (`LabID`) REFERENCES `room` (`RoomID`);

--
-- Constraints for table `lecturehall`
--
ALTER TABLE `lecturehall`
  ADD CONSTRAINT `lecturehall_ibfk_1` FOREIGN KEY (`AudID`) REFERENCES `room` (`RoomID`);

--
-- Constraints for table `major`
--
ALTER TABLE `major`
  ADD CONSTRAINT `major_ibfk_1` FOREIGN KEY (`DeptID`) REFERENCES `department` (`DeptID`);

--
-- Constraints for table `minor`
--
ALTER TABLE `minor`
  ADD CONSTRAINT `minor_ibfk_1` FOREIGN KEY (`DeptID`) REFERENCES `department` (`DeptID`);

--
-- Constraints for table `office`
--
ALTER TABLE `office`
  ADD CONSTRAINT `office_ibfk_1` FOREIGN KEY (`OfficeID`) REFERENCES `room` (`RoomID`);

--
-- Constraints for table `prerequsite`
--
ALTER TABLE `prerequsite`
  ADD CONSTRAINT `prerequsite_ibfk_1` FOREIGN KEY (`PreReqID`) REFERENCES `courses` (`CourseID`),
  ADD CONSTRAINT `prerequsite_ibfk_2` FOREIGN KEY (`CourseID`) REFERENCES `courses` (`CourseID`);

--
-- Constraints for table `profhistory`
--
ALTER TABLE `profhistory`
  ADD CONSTRAINT `profhistory_ibfk_1` FOREIGN KEY (`FacultID`) REFERENCES `faculty` (`FacultyID`),
  ADD CONSTRAINT `profhistory_ibfk_2` FOREIGN KEY (`CRN`) REFERENCES `class` (`CRN`),
  ADD CONSTRAINT `profhistory_ibfk_3` FOREIGN KEY (`SemesterID`) REFERENCES `semesteryear` (`YearID`);

--
-- Constraints for table `room`
--
ALTER TABLE `room`
  ADD CONSTRAINT `room_ibfk_1` FOREIGN KEY (`BuildingPrefix`) REFERENCES `building` (`BuildingID`);

--
-- Constraints for table `student`
--
ALTER TABLE `student`
  ADD CONSTRAINT `student_ibfk_1` FOREIGN KEY (`StudentID`) REFERENCES `users` (`UserID`);

--
-- Constraints for table `studenthistory`
--
ALTER TABLE `studenthistory`
  ADD CONSTRAINT `studenthistory_ibfk_1` FOREIGN KEY (`StudentID`) REFERENCES `enrollment` (`StudentID`),
  ADD CONSTRAINT `studenthistory_ibfk_2` FOREIGN KEY (`CRN`) REFERENCES `class` (`CRN`),
  ADD CONSTRAINT `studenthistory_ibfk_3` FOREIGN KEY (`SemesterID`) REFERENCES `semesteryear` (`YearID`);

--
-- Constraints for table `studentmajor`
--
ALTER TABLE `studentmajor`
  ADD CONSTRAINT `studentmajor_ibfk_1` FOREIGN KEY (`StudentID`) REFERENCES `student` (`StudentID`),
  ADD CONSTRAINT `studentmajor_ibfk_2` FOREIGN KEY (`MajorID`) REFERENCES `major` (`MajorID`);

--
-- Constraints for table `studentminor`
--
ALTER TABLE `studentminor`
  ADD CONSTRAINT `studentminor_ibfk_1` FOREIGN KEY (`StudentID`) REFERENCES `student` (`StudentID`),
  ADD CONSTRAINT `studentminor_ibfk_2` FOREIGN KEY (`MinorID`) REFERENCES `minor` (`MinorID`);

--
-- Constraints for table `student_hold`
--
ALTER TABLE `student_hold`
  ADD CONSTRAINT `student_hold_ibfk_1` FOREIGN KEY (`StudentID`) REFERENCES `student` (`StudentID`),
  ADD CONSTRAINT `student_hold_ibfk_2` FOREIGN KEY (`HoldID`) REFERENCES `hold` (`HoldID`);

--
-- Constraints for table `undergraduate_fulltime`
--
ALTER TABLE `undergraduate_fulltime`
  ADD CONSTRAINT `undergraduate_fulltime_ibfk_1` FOREIGN KEY (`StudentID`) REFERENCES `undergraduate_student` (`StudentID`);

--
-- Constraints for table `undergraduate_parttime`
--
ALTER TABLE `undergraduate_parttime`
  ADD CONSTRAINT `undergraduate_parttime_ibfk_1` FOREIGN KEY (`StudentID`) REFERENCES `undergraduate_student` (`StudentID`);

--
-- Constraints for table `undergraduate_student`
--
ALTER TABLE `undergraduate_student`
  ADD CONSTRAINT `undergraduate_student_ibfk_1` FOREIGN KEY (`StudentID`) REFERENCES `student` (`StudentID`);

--
-- Constraints for table `user_login`
--
ALTER TABLE `user_login`
  ADD CONSTRAINT `user_login_ibfk_1` FOREIGN KEY (`UserID`) REFERENCES `users` (`UserID`);
COMMIT;

/*!40101 SET CHARACTER_SET_CLIENT=@OLD_CHARACTER_SET_CLIENT */;
/*!40101 SET CHARACTER_SET_RESULTS=@OLD_CHARACTER_SET_RESULTS */;
/*!40101 SET COLLATION_CONNECTION=@OLD_COLLATION_CONNECTION */;
